grain_size,T1-A_interpolated,T1-B_interpolated,T1-C_interpolated,T1-D_interpolated,T2-A_interpolated,T2-B_interpolated,T3-C_interpolated,T3-D_interpolated,T5-A_interpolated,T5-B_interpolated,T5-C_interpolated,T5-D_interpolated,T6-B_interpolated,T6-C_interpolated,T6-D_interpolated,T7-A_interpolated,T7-B_interpolated,T7-C_interpolated,T7-D_interpolated,T8-A_interpolated,T8-C_interpolated,T8-D_interpolated,T1-A_interpolated_kde,T1-B_interpolated_kde,T1-C_interpolated_kde,T1-D_interpolated_kde,T2-A_interpolated_kde,T2-B_interpolated_kde,T3-C_interpolated_kde,T3-D_interpolated_kde,T5-A_interpolated_kde,T5-B_interpolated_kde,T5-C_interpolated_kde,T5-D_interpolated_kde,T6-B_interpolated_kde,T6-C_interpolated_kde,T6-D_interpolated_kde,T7-A_interpolated_kde,T7-B_interpolated_kde,T7-C_interpolated_kde,T7-D_interpolated_kde,T8-A_interpolated_kde,T8-C_interpolated_kde,T8-D_interpolated_kde
0.37,0.000207183,0.000216507,0.000205638,0.000384173,0.000187009,0.000103754,0.000374514,0.000186881,0.000190078,0.000214655,0.000415224,0.000233516,0.000208537,0.000376268,0.000116722,0.000187227,0.000254136,0.000563882,0.000282521,0.000591126,0.0003549,0.000204414,8.62E-12,4.74E-11,6.53E-09,1.73E-06,6.88E-14,2.71E-27,4.62E-06,1.18E-12,6.57E-09,4.47E-08,8.21E-06,6.77E-08,1.09E-10,1.32E-06,1.79E-33,3.00E-09,2.69E-08,3.60E-05,2.95E-07,8.40E-05,4.09E-06,5.70E-11
0.407311485,0.00020628,0.000221265,0.000208603,0.000393413,0.000186154,0.000105708,0.000381308,0.00018969,0.000199322,0.000222582,0.000433141,0.000247073,0.000211603,0.000381798,0.000118192,0.000197877,0.000263759,0.000566652,0.000284839,0.000619186,0.000373401,0.000212106,4.85E-11,2.44E-10,2.28E-08,3.62E-06,5.69E-13,1.07E-25,8.86E-06,8.12E-12,2.30E-08,1.33E-07,1.46E-05,2.06E-07,5.63E-10,2.86E-06,1.65E-31,1.15E-08,8.55E-08,5.66E-05,7.36E-07,0.000123437,7.98E-06,3.17E-10
0.448385529,0.000207699,0.000225707,0.000216376,0.000399564,0.000187498,0.000108568,0.000392776,0.000194422,0.000205278,0.000236325,0.000449104,0.0002533,0.000219945,0.000396853,0.000122881,0.000206791,0.000274415,0.000591788,0.000295199,0.00065525,0.000385593,0.000216604,2.49E-10,1.15E-09,7.40E-08,7.20E-06,4.23E-12,3.72E-24,1.62E-05,5.06E-11,7.44E-08,3.69E-07,2.51E-05,5.81E-07,2.64E-09,5.89E-06,1.30E-29,4.07E-08,2.52E-07,8.63E-05,1.73E-06,0.000176564,1.49E-05,1.59E-09
0.493601556,0.000212568,0.000230362,0.000226654,0.000406788,0.000192111,0.00011296,0.000409653,0.00020139,0.000212362,0.000252599,0.00046607,0.000261851,0.000230894,0.000416608,0.000128855,0.000216455,0.000285053,0.000629022,0.000311846,0.00070161,0.000399967,0.000222161,1.17E-09,4.96E-09,2.22E-07,1.36E-05,2.83E-11,1.13E-22,2.84E-05,2.85E-10,2.24E-07,9.57E-07,4.15E-05,1.52E-06,1.13E-08,1.15E-05,8.71E-28,1.33E-07,6.90E-07,0.00012772,3.82E-06,0.000246076,2.64E-05,7.25E-09
0.543377251,0.000221922,0.000235704,0.000237211,0.000419123,0.000200981,0.000119459,0.000432645,0.000210893,0.00022483,0.000268292,0.000487023,0.000281976,0.00024188,0.000436427,0.000134287,0.00022929,0.000294734,0.000668351,0.000333052,0.000760414,0.000424746,0.000232838,5.03E-09,1.95E-08,6.20E-07,2.46E-05,1.70E-10,3.01E-21,4.76E-05,1.45E-09,6.24E-07,2.32E-06,6.61E-05,3.69E-06,4.37E-08,2.13E-05,4.99E-26,3.99E-07,1.76E-06,0.000183697,7.96E-06,0.000334619,4.49E-05,2.99E-08
0.598172419,0.000234277,0.000240736,0.000247936,0.000437054,0.000212691,0.000127164,0.000461606,0.000222852,0.000242575,0.000285119,0.000515681,0.000311656,0.000253249,0.000456941,0.00014037,0.000245909,0.000305691,0.00070729,0.00035779,0.000829661,0.000460526,0.000247155,1.97E-08,7.04E-08,1.60E-06,4.23E-05,9.24E-10,6.99E-20,7.65E-05,6.69E-09,1.61E-06,5.24E-06,0.000101585,8.32E-06,1.54E-07,3.77E-05,2.44E-24,1.11E-06,4.17E-06,0.000257032,1.56E-05,0.000444603,7.29E-05,1.12E-07
0.658493234,0.000245921,0.000243809,0.000261045,0.000458018,0.000223707,0.000134035,0.000495468,0.000236798,0.000261451,0.00030907,0.000555619,0.000338542,0.000268076,0.000483706,0.000150831,0.000265092,0.000322999,0.00075164,0.000385726,0.000904407,0.000500222,0.000259032,7.10E-08,2.32E-07,3.86E-06,6.95E-05,4.51E-09,1.43E-18,0.000117871,2.79E-08,3.88E-06,1.11E-05,0.000150794,1.74E-05,4.97E-07,6.33E-05,1.02E-22,2.83E-06,9.19E-06,0.000350302,2.90E-05,0.000578046,0.000113482,3.78E-07
0.724896911,0.000257367,0.000250608,0.000278588,0.000486144,0.000234576,0.000141749,0.00053335,0.000252484,0.000283339,0.000338072,0.000603235,0.000366539,0.000285646,0.000515395,0.000163222,0.000286944,0.000346738,0.000806799,0.000415863,0.000992096,0.000542553,0.000273929,2.33E-07,7.01E-07,8.63E-06,0.000109226,1.98E-08,2.54E-17,0.000174575,1.05E-07,8.68E-06,2.20E-05,0.00021648,3.40E-05,1.46E-06,0.000101433,3.63E-21,6.70E-06,1.89E-05,0.000465622,5.08E-05,0.00073644,0.000169517,1.16E-06
0.797996857,0.000271945,0.000267509,0.000302318,0.000525576,0.000248457,0.000152837,0.00057583,0.000270157,0.000311052,0.000368755,0.000654377,0.000403227,0.000305406,0.000551006,0.000174356,0.000311938,0.000375878,0.000877098,0.000448576,0.001101376,0.000589535,0.000298788,7.04E-07,1.94E-06,1.80E-05,0.00016455,7.87E-08,3.97E-16,0.000248943,3.60E-07,1.81E-05,4.07E-05,0.000300974,6.19E-05,3.89E-06,0.000155337,1.10E-19,1.47E-05,3.62E-05,0.00060443,8.41E-05,0.000920629,0.000243433,3.24E-06
0.878468338,0.000295665,0.000292343,0.000333498,0.000570675,0.000270768,0.000167066,0.000627987,0.000291354,0.000341349,0.000405793,0.000713834,0.00044352,0.000333098,0.00060108,0.000187961,0.000339768,0.000413404,0.000964799,0.000489773,0.001226612,0.000644835,0.000328125,1.94E-06,4.93E-06,3.48E-05,0.000237978,2.82E-07,5.44E-15,0.00034248,1.11E-06,3.50E-05,7.09E-05,0.000405858,0.000105236,9.50E-06,0.000227766,2.87E-18,2.98E-05,6.49E-05,0.000767346,0.000132171,0.001130711,0.000336753,8.21E-06
0.967054712,0.000333181,0.000327417,0.00037652,0.00062938,0.000306177,0.00018671,0.00070226,0.000321731,0.000378129,0.0004561,0.000795278,0.00049214,0.000374227,0.000675385,0.000209438,0.00037688,0.000462912,0.001080944,0.000548978,0.001377374,0.000719981,0.000363661,4.93E-06,1.15E-05,6.29E-05,0.000331095,9.10E-07,6.52E-14,0.000455566,3.13E-06,6.33E-05,0.000115999,0.000531705,0.000167303,2.12E-05,0.000320483,6.38E-17,5.60E-05,0.000108853,0.000954093,0.000197246,0.001365971,0.000449755,1.90E-05
1.0645743,0.000386742,0.000384347,0.00044097,0.000732722,0.000357806,0.0002186,0.00082091,0.000372681,0.000437854,0.000528023,0.000923306,0.000572245,0.000432557,0.000780075,0.000244579,0.000439922,0.00052859,0.001251674,0.000639689,0.001591687,0.000838077,0.000421622,1.15E-05,2.46E-05,0.000106349,0.000444162,2.66E-06,6.86E-13,0.000587344,8.00E-06,0.000106902,0.000178635,0.000677953,0.000249559,4.34E-05,0.000433804,1.21E-15,9.78E-05,0.000171087,0.001163524,0.000280414,0.001624841,0.000581321,3.99E-05
1.171927943,0.00046698,0.000473542,0.000542359,0.000904398,0.000433675,0.000268247,0.001007813,0.000454101,0.000536047,0.000639486,0.001127151,0.000702356,0.000521752,0.000941125,0.000298824,0.000541421,0.000631345,0.001525588,0.000779146,0.001928581,0.001026269,0.000514998,2.45E-05,4.86E-05,0.000168297,0.000575921,7.02E-06,6.32E-12,0.000735831,1.86E-05,0.000169129,0.000259605,0.000842942,0.000350457,8.14E-05,0.000566364,1.96E-14,0.000159088,0.000252697,0.001393727,0.00038102,0.00190494,0.000729009,7.67E-05
1.290107327,0.000585106,0.000598105,0.000693072,0.001149006,0.000540786,0.000336942,0.001274856,0.000568916,0.000679563,0.000807206,0.001424237,0.000887709,0.000656079,0.001185869,0.000374161,0.000683748,0.000795,0.001943949,0.000978505,0.002435071,0.001300516,0.000646594,4.84E-05,8.85E-05,0.000250021,0.000723659,1.68E-05,5.10E-11,0.000898218,3.93E-05,0.000251146,0.000357072,0.001024133,0.0004653,0.000140626,0.000715141,2.72E-13,0.000241651,0.000351751,0.001642217,0.000496769,0.002203189,0.000889348,0.000135239
1.420204138,0.000707013,0.000725077,0.000853774,0.001400176,0.000650777,0.00040833,0.001551549,0.000686104,0.000830392,0.000985928,0.001734046,0.001082621,0.000796188,0.001435248,0.000452335,0.00083184,0.000966868,0.002378998,0.001189877,0.002973481,0.001586499,0.000778471,8.80E-05,0.00014893,0.000349776,0.000883491,3.65E-05,3.62E-10,0.001071331,7.60E-05,0.000351069,0.00046651,0.001218459,0.0005872,0.000224065,0.000875728,3.22E-12,0.000343783,0.000463041,0.001906197,0.000624261,0.002516038,0.0010583,0.000219034
1.563420153,0.000797867,0.000824817,0.000983736,0.001597232,0.000735848,0.00046634,0.00176928,0.000776321,0.000950424,0.001127913,0.001976889,0.001241545,0.000901103,0.0016123,0.000514704,0.000951288,0.001090705,0.002706283,0.001362508,0.003400888,0.001810682,0.000875648,0.000147962,0.000232543,0.000462596,0.001050848,7.20E-05,2.25E-09,0.001252134,0.000134366,0.000463632,0.000581528,0.001422747,0.000709039,0.000330709,0.001042795,3.26E-11,0.000459863,0.000578831,0.002182867,0.000759815,0.002839787,0.001231793,0.000327359
1.721078336,0.000867735,0.000912892,0.001091977,0.001766373,0.000805977,0.000513737,0.001948863,0.000849256,0.00104738,0.001243039,0.002175821,0.001371495,0.000981054,0.001754776,0.000562517,0.001047751,0.001180401,0.002983268,0.001499366,0.003751046,0.001994262,0.000952329,0.000230868,0.000337929,0.000581185,0.001221062,0.000129684,1.23E-08,0.001438207,0.000218274,0.000580966,0.000695461,0.001634144,0.000825736,0.000454272,0.001210663,2.83E-10,0.000581153,0.000690501,0.002469772,0.000900244,0.003170962,0.001406249,0.000453725
1.894635062,0.000929231,0.000999343,0.001193694,0.001929723,0.000870114,0.000556074,0.002117736,0.000915328,0.00113517,0.001348929,0.002359739,0.001487928,0.001050703,0.001892424,0.000602332,0.001133518,0.001261938,0.003257697,0.001618598,0.00407129,0.002164018,0.001023499,0.000335312,0.000459022,0.000697793,0.001389987,0.000213761,5.90E-08,0.001628109,0.000326972,0.00069437,0.000803239,0.001850461,0.000935879,0.000584056,0.001373943,2.10E-09,0.000697849,0.000790604,0.002765151,0.001043261,0.003506701,0.00157901,0.000586751
2.08569357,0.000988798,0.001079318,0.001300078,0.002087592,0.000928801,0.000598071,0.002291997,0.000978088,0.001224617,0.001459395,0.002543144,0.001604609,0.001119204,0.002023311,0.000642185,0.001219572,0.001358341,0.003530769,0.001743112,0.004388593,0.002333589,0.001094572,0.000455286,0.000585887,0.000806489,0.001554574,0.000323792,2.49E-07,0.001821584,0.000453938,0.00079651,0.00090284,0.002070413,0.001042005,0.000707648,0.001528199,1.34E-08,0.000801678,0.000874618,0.003068259,0.001187395,0.003845053,0.001748599,0.000713119
2.296018772,0.001044842,0.001148043,0.001402033,0.002231506,0.00098093,0.000638442,0.002462651,0.001036522,0.001308091,0.001566157,0.002719039,0.001716793,0.001183801,0.002136118,0.000679441,0.001300361,0.001450843,0.003790897,0.00186466,0.004695579,0.002495757,0.001157386,0.000580967,0.000707127,0.000904962,0.001713306,0.000453101,9.27E-07,0.002019582,0.000587666,0.000883312,0.000995792,0.002293724,0.001149395,0.000814403,0.001670567,7.30E-08,0.000888104,0.000941881,0.003379612,0.001331588,0.004185148,0.001914788,0.00082145
2.527553556,0.001092715,0.0012034,0.001484089,0.002352328,0.001025633,0.000673493,0.002611958,0.001087662,0.001372608,0.00165287,0.002873766,0.001812686,0.001236904,0.002220743,0.000707666,0.001365117,0.00150873,0.004024301,0.001963236,0.004969149,0.002635034,0.001200871,0.000701089,0.000812979,0.000995135,0.001866414,0.00058956,3.04E-06,0.002224122,0.000714704,0.000954925,0.001086485,0.002521124,0.001263927,0.000898185,0.001800253,3.42E-07,0.000957393,0.000995527,0.003701131,0.001474804,0.004527177,0.002078466,0.000905268
2.782436736,0.001134078,0.001252141,0.001553929,0.00245693,0.001065937,0.000704217,0.002746305,0.001130739,0.00142818,0.001723737,0.003017141,0.001896715,0.001279471,0.002291094,0.000731226,0.001422113,0.001554602,0.004233302,0.002047602,0.005202804,0.002751212,0.001234187,0.000806,0.000897831,0.001082345,0.002015814,0.000718883,8.79E-06,0.002438013,0.000823655,0.001015549,0.00118057,0.002754242,0.001389984,0.000958325,0.001918764,1.38E-06,0.001014324,0.001041622,0.00403612,0.00161598,0.004872182,0.002241363,0.000963843
3.063022809,0.001173914,0.001301064,0.001622234,0.002556727,0.001104732,0.000733325,0.002881525,0.001168303,0.00148604,0.001788986,0.00316173,0.001978307,0.001317548,0.002361552,0.000755134,0.001480089,0.001609085,0.004434258,0.002130539,0.005413731,0.002851631,0.001267564,0.000890149,0.000961296,0.001173372,0.002164758,0.000828974,2.25E-05,0.002664538,0.000908318,0.001072259,0.001283043,0.00299546,0.001529317,0.000998819,0.002029763,4.78E-06,0.001066824,0.00108783,0.004389106,0.001754396,0.005221705,0.002405735,0.001000955
3.3719037,0.001220376,0.001352505,0.001693647,0.002663755,0.001142859,0.000764474,0.003039214,0.001208362,0.001547784,0.001859721,0.003313946,0.002068377,0.001362478,0.002435299,0.000780107,0.001539012,0.001661127,0.004662785,0.002217751,0.005656378,0.002950884,0.001302685,0.00095315,0.001007742,0.001274103,0.002317289,0.000913254,5.11E-05,0.002907136,0.000968738,0.001133247,0.001396738,0.003247716,0.001681269,0.001026641,0.002138542,1.43E-05,0.001124,0.001141916,0.004765505,0.001890278,0.005577339,0.002574114,0.001022684
3.711932713,0.001279506,0.001411359,0.00177831,0.002790174,0.001186893,0.000801362,0.00323492,0.001258393,0.001618243,0.001942628,0.003496194,0.002179752,0.00141932,0.002526908,0.000810183,0.001607291,0.00171319,0.004947867,0.002319004,0.005959532,0.003068514,0.001342799,0.000999338,0.001044891,0.001387717,0.002477643,0.000971574,0.000103312,0.003169142,0.00101026,0.001205891,0.001521809,0.003514317,0.001844029,0.001050187,0.002251208,3.72E-05,0.001194019,0.001210307,0.005171182,0.002025277,0.005940274,0.002749194,0.001035511
4.08625088,0.001353972,0.001483714,0.00188866,0.002945251,0.001246486,0.000846713,0.003476128,0.00132345,0.001704734,0.002039595,0.003739016,0.002323811,0.001486707,0.002656263,0.000851179,0.001698356,0.001780448,0.005305922,0.002445323,0.006323579,0.003222496,0.001392291,0.001036402,0.001082153,0.001514098,0.002649787,0.00100888,0.000186666,0.003453612,0.001041599,0.001295122,0.001656313,0.003798734,0.002016115,0.001078327,0.002373818,8.39E-05,0.00128227,0.001296921,0.00561192,0.002162525,0.006310898,0.002933859,0.001045481
4.498315985,0.001438216,0.001564458,0.00201396,0.003117315,0.001315208,0.000896765,0.003755629,0.001398849,0.001804403,0.002147066,0.004024615,0.002490538,0.001561396,0.002800124,0.000897197,0.001801091,0.001858639,0.005720643,0.002585463,0.006737974,0.003393682,0.00144716,0.001073787,0.001129069,0.001650682,0.002837193,0.001032965,0.000303106,0.003763187,0.001072998,0.001402513,0.001797614,0.004104407,0.002197221,0.001119806,0.002511733,0.000165171,0.001390266,0.001402572,0.006092863,0.002306235,0.006688499,0.003131285,0.001058389
4.951934498,0.001526629,0.001647965,0.002140364,0.003293488,0.001384007,0.000947779,0.004066657,0.001478561,0.00191172,0.002261889,0.004326682,0.002667837,0.001641109,0.002933633,0.000942042,0.001901618,0.001939691,0.00617622,0.002726889,0.007186935,0.003560818,0.001503547,0.00112123,0.001193825,0.001794338,0.003042891,0.001052712,0.000445435,0.004099975,0.001114791,0.001526449,0.001943922,0.00443452,0.002388052,0.001182501,0.002669378,0.000286071,0.001515739,0.001525266,0.006617951,0.002461076,0.007071085,0.003345042,0.001080407
5.451296742,0.001624214,0.001741931,0.002275471,0.003484955,0.001457406,0.001004632,0.004422653,0.001565353,0.002026659,0.002389144,0.004657699,0.002865567,0.001728726,0.003084501,0.000994228,0.002010468,0.002030386,0.006701019,0.002882793,0.007651929,0.003745531,0.001569222,0.001187417,0.001281844,0.001943419,0.003269725,0.001077381,0.000597743,0.004465385,0.001176048,0.001663443,0.002095358,0.004791743,0.002589379,0.00127227,0.002850472,0.000439496,0.001654132,0.001661496,0.007189384,0.002631656,0.00745529,0.003579125,0.00111839
6.001015599,0.001734154,0.00184975,0.002422766,0.003701447,0.001539539,0.001068397,0.004818632,0.001663155,0.002150195,0.002531459,0.005027258,0.003085641,0.001828236,0.003266605,0.001057305,0.002131606,0.002136617,0.007301029,0.003060696,0.008114675,0.003962324,0.001649199,0.001278751,0.001394792,0.002099084,0.003520688,0.001116482,0.000740705,0.004859902,0.001263005,0.001810237,0.002254216,0.005177913,0.002800947,0.001391821,0.003058614,0.000605793,0.001801093,0.001808253,0.007807104,0.002822401,0.007836355,0.003837902,0.001179333
6.606169123,0.00185402,0.001965192,0.002574356,0.003943248,0.001630238,0.001132896,0.005220634,0.00177469,0.00228306,0.002685717,0.005430255,0.00331325,0.001943475,0.003459925,0.001123828,0.002253555,0.002258088,0.007939766,0.003253289,0.008560089,0.004203375,0.001741146,0.001398509,0.001530631,0.002265411,0.003799239,0.001179379,0.000859255,0.005282774,0.001377661,0.001965892,0.002424582,0.005593634,0.003020833,0.001540403,0.003297977,0.000760206,0.00195504,0.001965081,0.00846832,0.003037807,0.008208137,0.004126009,0.001268996
7.272347449,0.001982052,0.002087913,0.002731419,0.004203954,0.001730465,0.001201551,0.005642998,0.001897133,0.002423961,0.002851068,0.005867731,0.003548163,0.002074059,0.003660149,0.001191925,0.002378578,0.002385817,0.008616919,0.0034628,0.008999095,0.004463733,0.001842418,0.001546897,0.001685134,0.002448455,0.004109516,0.001274132,0.000948405,0.005731621,0.001517574,0.002133019,0.002611753,0.00603782,0.003245487,0.001714926,0.00357384,0.000884561,0.002118669,0.0021354,0.009167061,0.003282837,0.00856314,0.004448212,0.001390442
8.005704432,0.002118589,0.002221904,0.002902448,0.004478372,0.001842644,0.001282908,0.006125635,0.002026137,0.002572218,0.003028762,0.006346076,0.003798357,0.002218612,0.003876317,0.001265312,0.002518549,0.002512259,0.009358844,0.003697325,0.009453735,0.004744646,0.001952748,0.001722348,0.001854547,0.002654878,0.004456438,0.0014059,0.001014516,0.006201998,0.001677742,0.002317617,0.002821844,0.006507209,0.003470237,0.001912196,0.00389274,0.000975693,0.00229873,0.002326655,0.009893811,0.003563109,0.008892583,0.004809193,0.001543615
8.81301449,0.002270785,0.002369914,0.003098258,0.004788291,0.00197149,0.001375891,0.006661106,0.002168735,0.00273732,0.003221178,0.006873228,0.00405775,0.002385482,0.004120923,0.001353505,0.002681795,0.002665976,0.010188909,0.003957262,0.009912231,0.005062676,0.002083046,0.001923716,0.0020383,0.002890808,0.004845668,0.001575974,0.001072414,0.006686948,0.001854231,0.002527624,0.00306164,0.006995928,0.003689815,0.002131137,0.004262124,0.001046263,0.002504224,0.002549328,0.010635254,0.003884601,0.009186537,0.005213199,0.001726655
9.701735189,0.002444643,0.002535031,0.003323355,0.005147302,0.002120198,0.001477721,0.007223304,0.002330734,0.002926194,0.00343275,0.00744329,0.004311837,0.002580073,0.00440256,0.001461044,0.002870388,0.002870444,0.011096321,0.004243642,0.010337936,0.00542782,0.00224288,0.002152412,0.002240491,0.003161262,0.005283428,0.001782329,0.001140489,0.00717662,0.002047766,0.00277084,0.003338382,0.007495191,0.003898485,0.002373765,0.004689525,0.001119251,0.002743888,0.002815317,0.011374223,0.004252814,0.009434184,0.005663458,0.001938482
10.68007613,0.002639279,0.002722453,0.00356751,0.005532819,0.002287569,0.001589163,0.007781033,0.002507651,0.003133608,0.003672492,0.008020546,0.004538516,0.002794908,0.00472016,0.001577852,0.0030761,0.003112328,0.012000157,0.004565515,0.010665789,0.005826019,0.002431146,0.002413388,0.002469543,0.003469992,0.005776111,0.002021703,0.001235533,0.007658077,0.002265083,0.003053012,0.003659056,0.00799321,0.004089671,0.002644431,0.00518136,0.001219933,0.003024014,0.003136246,0.012089937,0.004671567,0.009624247,0.006161332,0.002181052
11.75707478,0.00287063,0.00294757,0.003849393,0.005972334,0.002490502,0.001720447,0.008368089,0.002714867,0.003380719,0.003968871,0.008635541,0.004745979,0.003044329,0.005111596,0.001713896,0.003321008,0.003399854,0.012939779,0.004956747,0.010913851,0.006290535,0.002658191,0.002714451,0.002736383,0.003819451,0.006329654,0.002292127,0.001368463,0.008115405,0.00251694,0.003376646,0.004029013,0.008475387,0.004255345,0.002947895,0.00574154,0.00136812,0.003347253,0.003522016,0.012758594,0.005141709,0.009745599,0.006705287,0.00245966
12.94267997,0.003170472,0.003233758,0.004215298,0.006542703,0.002761607,0.001889512,0.009069958,0.002987145,0.003713466,0.004365136,0.009376469,0.004967656,0.003364086,0.005649407,0.00189936,0.003654709,0.003768591,0.014064495,0.005469314,0.011175517,0.006899315,0.002946451,0.003064226,0.003052131,0.004210627,0.006948622,0.002594585,0.001542139,0.008530256,0.002813704,0.003740636,0.004450159,0.008924831,0.004385757,0.003287234,0.006370068,0.001572595,0.003712436,0.003979577,0.01335439,0.005660066,0.009788047,0.007289876,0.002780876
14.24784378,0.003540106,0.00357992,0.004658777,0.0072286,0.0030928,0.002096204,0.009798073,0.00332622,0.00412739,0.004854416,0.010165363,0.005159063,0.003752648,0.00632587,0.002131428,0.004065427,0.004240278,0.015247687,0.00608751,0.011374449,0.007639215,0.003301192,0.003469698,0.003426048,0.004642724,0.00763504,0.002933003,0.001752403,0.008882892,0.003160843,0.004140423,0.004919254,0.009323172,0.004470064,0.003662325,0.007061863,0.001829751,0.004115022,0.004511755,0.01385095,0.006218853,0.00974321,0.00790498,0.003149248
15.68462273,0.003969453,0.003978071,0.00515347,0.007983266,0.003464334,0.002332387,0.010406063,0.003719326,0.004597948,0.005410647,0.01086506,0.005252378,0.004192479,0.007106422,0.002395306,0.004521285,0.004824773,0.016258977,0.006769734,0.011377698,0.00845784,0.003717566,0.003934254,0.003863952,0.00511279,0.008387081,0.003312635,0.001991798,0.009153696,0.003556458,0.004568293,0.005426895,0.009651652,0.004498006,0.004069029,0.007805966,0.002126918,0.00454764,0.005116153,0.014223093,0.006805653,0.009605403,0.008535534,0.003564488
17.26628913,0.004467285,0.004443374,0.005704958,0.008828621,0.003894385,0.002596388,0.010878684,0.00416627,0.005126913,0.006035851,0.011449406,0.005248347,0.004681572,0.00801712,0.00269818,0.005038477,0.005517275,0.017033418,0.007512285,0.011182053,0.009339324,0.004187875,0.004456814,0.004366897,0.005615383,0.009197761,0.003737425,0.002253272,0.009324999,0.003991479,0.005013501,0.005957505,0.009892403,0.00446219,0.004498868,0.008585277,0.00244784,0.005000375,0.005784382,0.014448781,0.00740391,0.009372384,0.009161843,0.004020157
19.00745369,0.005035699,0.004987906,0.006314187,0.009785786,0.004394816,0.002886017,0.011183745,0.00466419,0.005706413,0.006718323,0.011881249,0.005153218,0.005213392,0.009056812,0.003037132,0.005617818,0.006309928,0.017499018,0.008298512,0.010792017,0.010250527,0.004709411,0.005032028,0.004930089,0.006142284,0.010053911,0.004207131,0.002531112,0.00938296,0.004451602,0.005462143,0.006490293,0.010029805,0.004360066,0.004939009,0.009376875,0.002776429,0.005460696,0.006501935,0.01451103,0.007993829,0.009045865,0.009760506,0.004503652
20.92420052,0.005658257,0.005608752,0.006961092,0.010845386,0.004951391,0.003195354,0.011212411,0.005200134,0.006301343,0.007411687,0.012063855,0.004956217,0.005766962,0.010154157,0.00338349,0.006214968,0.00719408,0.017512197,0.009074902,0.010176632,0.011115214,0.005287413,0.005651089,0.005542336,0.006682213,0.010935655,0.004715102,0.002818778,0.009319164,0.004919404,0.005896964,0.007000914,0.010051794,0.004194739,0.005372601,0.010152936,0.00309708,0.005913127,0.007248844,0.01439955,0.008553485,0.008631671,0.010305792,0.004996805
23.03423564,0.006325977,0.006295872,0.007621575,0.011973067,0.005548227,0.003514673,0.010941159,0.005753542,0.006873538,0.008070097,0.011966527,0.004667355,0.00631382,0.011247303,0.003713929,0.006792127,0.008136703,0.017050441,0.009796181,0.009367143,0.01187597,0.00589911,0.006302423,0.006186402,0.007220624,0.011816601,0.00524753,0.003106047,0.00913166,0.005375689,0.00629745,0.007463498,0.009950979,0.003974266,0.005779639,0.010882183,0.003393141,0.006338971,0.008000854,0.014111872,0.009059995,0.008139525,0.010771345,0.005476856
25.35705061,0.007037644,0.007034474,0.008269877,0.013116024,0.006170206,0.003831359,0.010424298,0.006298306,0.007384499,0.008650997,0.01161884,0.004315466,0.006820412,0.012288114,0.004011724,0.007320685,0.009084393,0.016198654,0.010427003,0.00844987,0.012494696,0.006497587,0.006971644,0.006840275,0.007739675,0.012664822,0.00578449,0.003378271,0.008825214,0.005800106,0.006640638,0.007852766,0.009725438,0.003709778,0.006138403,0.011531777,0.003646563,0.006716538,0.008730688,0.013653793,0.009490677,0.00758246,0.01113205,0.005918231
27.91410255,0.007792273,0.007809607,0.008880186,0.01422088,0.006802217,0.004132706,0.009718517,0.006808142,0.007795718,0.009111934,0.011052229,0.003929959,0.007253023,0.013228851,0.004260343,0.007772305,0.009983133,0.015045029,0.010932343,0.007512788,0.012933903,0.007035197,0.007640654,0.007478855,0.008218555,0.013444592,0.006302277,0.003618768,0.008410781,0.00617175,0.006902911,0.008146029,0.009379076,0.003413227,0.00642732,0.012069527,0.00384018,0.007022292,0.009409133,0.013039074,0.00982418,0.006975941,0.011365937,0.006295399
30.72901233,0.008580829,0.008593983,0.009425804,0.015227491,0.007419389,0.004404171,0.008878956,0.007252182,0.0080693,0.009412379,0.010309798,0.003537382,0.007575136,0.014006049,0.004439627,0.008113921,0.010788417,0.013684622,0.011288166,0.006620573,0.013169059,0.00746869,0.008286457,0.008075462,0.008634283,0.014118679,0.006776024,0.003813064,0.007904313,0.006470264,0.007062685,0.008324946,0.0089215,0.003095566,0.006626855,0.012466238,0.003961057,0.007233126,0.010006079,0.01228841,0.010041659,0.006336812,0.011456002,0.00658624
33.82778284,0.009371893,0.009327213,0.009877828,0.016058699,0.00797038,0.004626261,0.007956869,0.007587494,0.008169882,0.009518039,0.009466082,0.003156153,0.007743225,0.014514963,0.004520129,0.008300281,0.011481678,0.012230874,0.011499909,0.005773895,0.013210545,0.007767246,0.008880676,0.008602926,0.008963039,0.014650966,0.007181678,0.003952338,0.00732518,0.006677448,0.007103463,0.008376927,0.008367382,0.002765844,0.006721046,0.012698037,0.004002055,0.007329487,0.010491996,0.011427827,0.010127992,0.005682196,0.011391761,0.006774605
37.23903909,0.010123677,0.009979845,0.010216258,0.016698706,0.008417451,0.004783248,0.007017864,0.007791197,0.008094835,0.009431261,0.008571098,0.002794046,0.007740531,0.01472595,0.00449902,0.008317356,0.012037308,0.010779337,0.011544687,0.004974088,0.013041582,0.00791298,0.009390712,0.009034484,0.009181995,0.015009117,0.007497115,0.004033723,0.006694469,0.006778893,0.007016429,0.008296091,0.007735412,0.002431246,0.006698606,0.012748432,0.003961055,0.007298612,0.010840192,0.010486707,0.010073019,0.005028498,0.011170353,0.00685107
40.99429275,0.010780433,0.010557313,0.010426698,0.017197029,0.008741792,0.004863558,0.006140131,0.007864784,0.007878286,0.009194672,0.007635145,0.002446648,0.007582119,0.01470233,0.004405475,0.008188024,0.012410688,0.009392064,0.011358099,0.004235384,0.012606313,0.00789943,0.009782785,0.009345011,0.009271481,0.015167098,0.00770271,0.004057178,0.006033421,0.00676531,0.006801856,0.008083681,0.00704694,0.00209779,0.006553834,0.01260991,0.003840166,0.007136954,0.011029743,0.009495707,0.009872628,0.00439059,0.010796961,0.006812155
45.12823313,0.011224939,0.010925663,0.010423147,0.017403567,0.008873801,0.004835252,0.005325263,0.007762154,0.007497901,0.00878651,0.006657069,0.002107222,0.007234245,0.014357884,0.004218338,0.007865814,0.012510886,0.008061031,0.010894347,0.003548143,0.01189142,0.00769138,0.010026287,0.009512978,0.00921722,0.015107361,0.007782024,0.004021298,0.005362154,0.006633546,0.006469008,0.007747903,0.006324483,0.001771242,0.006287665,0.012284831,0.00364649,0.006851006,0.011048349,0.008484795,0.009529507,0.003781265,0.010284451,0.006659298
49.67904772,0.011339927,0.010926488,0.010119417,0.017123674,0.008747771,0.004671993,0.004543368,0.007432911,0.006921068,0.008172854,0.005652652,0.001774563,0.006666523,0.013569959,0.003904981,0.00729882,0.012252795,0.006767482,0.010156437,0.002898609,0.010934365,0.007265162,0.010098334,0.009523138,0.00901226,0.014822561,0.007723173,0.003921575,0.004698717,0.006387441,0.006034698,0.007303183,0.00559028,0.001457852,0.00590874,0.011785455,0.003392799,0.006456326,0.010894219,0.007481636,0.009053393,0.003210969,0.009652243,0.006398778
54.68877487,0.011181159,0.010695259,0.009634216,0.016542907,0.008464478,0.004431907,0.003842539,0.006947942,0.006236856,0.007456197,0.004739651,0.001476889,0.006009455,0.012495575,0.003530603,0.006615741,0.011706931,0.005637435,0.009308171,0.002324891,0.009874497,0.006734024,0.009987294,0.009369452,0.008658264,0.014316654,0.007521041,0.003752941,0.00405851,0.006038318,0.005521005,0.00676895,0.004865057,0.001164576,0.005433862,0.011133027,0.003095701,0.005975103,0.010576371,0.006510438,0.008460712,0.002687817,0.008924598,0.006042624
60.20369219,0.010797301,0.010327457,0.009045196,0.01576918,0.008087291,0.004152077,0.003249854,0.00637434,0.005521445,0.00671489,0.003973925,0.001223691,0.005362861,0.011298798,0.003153393,0.005921631,0.010966341,0.004729028,0.00844326,0.001846616,0.008795638,0.006184265,0.009694588,0.009057344,0.008165958,0.013605237,0.007179751,0.003515073,0.003454035,0.005604549,0.004952711,0.006168133,0.004167112,0.000898662,0.004886961,0.010355974,0.002771645,0.005433031,0.010113395,0.005591368,0.007773613,0.002217876,0.008128652,0.005609441
66.27474399,0.010127269,0.00967428,0.008234534,0.014543324,0.007512331,0.003780778,0.002706426,0.005703226,0.004756435,0.005902388,0.003231947,0.000971418,0.004674154,0.009998304,0.00276178,0.005172284,0.010081334,0.003884521,0.007428134,0.001417509,0.00761609,0.005571351,0.009234605,0.008604272,0.007554658,0.01271499,0.006714124,0.003216497,0.002894981,0.005109677,0.004354864,0.005525611,0.003511815,0.000666663,0.004296239,0.009487459,0.002433506,0.00485631,0.009531273,0.004740548,0.007018509,0.001805714,0.007292508,0.005123934
72.95801188,0.009224649,0.008760881,0.007237314,0.012868245,0.006754861,0.003331385,0.002204236,0.004974905,0.003976069,0.005048983,0.002508699,0.000721171,0.003964579,0.008682713,0.002375581,0.004406356,0.009144158,0.003081893,0.00630607,0.001030834,0.006385098,0.004924587,0.008633096,0.008038001,0.006850928,0.011682174,0.006148969,0.002874168,0.002388642,0.004579317,0.0037508,0.004866777,0.00291154,0.000473233,0.003690174,0.00856269,0.002089741,0.004269308,0.008860932,0.003970628,0.006224265,0.001455244,0.006443689,0.004614688
80.31523289,0.008256605,0.007797028,0.006243634,0.011031814,0.005955383,0.002883901,0.001789484,0.004279324,0.003267779,0.004263867,0.001920855,0.00051837,0.003331365,0.007503328,0.00204542,0.003744266,0.008274255,0.002440161,0.00529397,0.00072213,0.005278994,0.004348801,0.007924481,0.00739282,0.006086504,0.010550284,0.005516068,0.002508603,0.001940713,0.004037863,0.003160858,0.004216267,0.002376054,0.000320155,0.003093876,0.00761646,0.001745966,0.003693068,0.008135895,0.003291914,0.005420309,0.001170928,0.005608151,0.004110777
88.41436968,0.007301872,0.006882155,0.005307995,0.009209527,0.005169553,0.002460295,0.001464585,0.003649033,0.002645819,0.003571299,0.001466336,0.000365233,0.002761631,0.006434117,0.001758944,0.003175761,0.007445081,0.00194579,0.004406968,0.000494723,0.004315783,0.003855025,0.0071484,0.006704787,0.005295707,0.009367182,0.00484991,0.002137949,0.0015565,0.003506225,0.002601955,0.003596801,0.001913382,0.000206087,0.002527209,0.006681418,0.001407769,0.003144597,0.007390027,0.002714038,0.004634966,0.000959417,0.004809997,0.003638174
97.33023843,0.00637274,0.006028838,0.004419379,0.007499126,0.004403569,0.002055318,0.00120791,0.003081054,0.002095601,0.002955647,0.001096319,0.000246888,0.002208265,0.005392144,0.001482886,0.002641652,0.006573895,0.001535031,0.003583593,0.000333845,0.003452159,0.003398237,0.006345773,0.006007411,0.004512824,0.008182273,0.004183561,0.001774861,0.001242689,0.003001167,0.002087988,0.003028207,0.001531175,0.000127274,0.002005177,0.005787494,0.00108345,0.002636835,0.006655322,0.002248134,0.003894492,0.000831708,0.004072057,0.00321671
107.1451999,0.005408571,0.005148125,0.00357146,0.005934817,0.003640985,0.001668512,0.000990211,0.002548106,0.001624272,0.002406889,0.000799667,0.000161795,0.001687115,0.004386948,0.001215016,0.002129861,0.005623377,0.001193249,0.002833956,0.000217727,0.002696397,0.002900664,0.00555486,0.005328866,0.003770151,0.007044487,0.00354554,0.001427584,0.00100984,0.002535895,0.001630886,0.002526979,0.001238662,7.93E-05,0.001539891,0.00496281,0.000785351,0.002179433,0.005960114,0.001909476,0.003223326,0.000805817,0.003417489,0.002858117
117.9499202,0.004491857,0.004315652,0.002819961,0.004610951,0.002939995,0.001328113,0.000811753,0.002081711,0.001249121,0.001955858,0.000574926,0.000106269,0.001236182,0.003510123,0.000981285,0.001681258,0.004731503,0.000930077,0.002206341,0.000133508,0.002085841,0.002419954,0.004808524,0.004691524,0.003097701,0.006001892,0.002958263,0.001103577,0.000875822,0.002121236,0.001242106,0.002107112,0.001049193,5.96E-05,0.001143053,0.004236325,0.000528445,0.001780746,0.005328743,0.00172043,0.00264613,0.000909826,0.002872626,0.002565973
129.8442086,0.003937306,0.003880023,0.002308961,0.003726524,0.002474475,0.001102324,0.000718452,0.001806684,0.000994417,0.001690387,0.000422754,6.91E-05,0.000905593,0.002943222,0.000838899,0.001399266,0.004278567,0.00077478,0.001781196,8.39E-05,0.001682627,0.002223434,0.004134498,0.004114653,0.002525629,0.005103545,0.002439037,0.000812776,0.000870324,0.001767558,0.000934688,0.001783149,0.000983365,7.14E-05,0.000828587,0.003642318,0.000326093,0.001451623,0.004784157,0.001713442,0.002192093,0.001184953,0.002471169,0.002339037
142.937939,0.003652413,0.003734255,0.001978862,0.003176695,0.002186529,0.000962739,0.00067799,0.001668753,0.000821412,0.001549251,0.000318405,4.03E-05,0.000677127,0.002619559,0.00076536,0.001248128,0.004176875,0.000684072,0.001503961,5.87E-05,0.001420816,0.002252782,0.003560521,0.003621444,0.002090233,0.004403724,0.002005222,0.000568751,0.001040265,0.001488918,0.000726456,0.001576185,0.001072463,0.000128122,0.00061647,0.003226561,0.000185797,0.001211549,0.004354696,0.00193352,0.001901682,0.001687972,0.002259568,0.00217973
157.3520654,0.003139012,0.00332153,0.001568173,0.002551809,0.001785955,0.000785572,0.000586001,0.001441052,0.000635373,0.001333102,0.000216993,1.59E-05,0.000464253,0.002222671,0.000660724,0.001052527,0.003889509,0.000550469,0.001191285,3.62E-05,0.001115872,0.002137882,0.003125309,0.003251246,0.001843816,0.003967939,0.001684896,0.000388481,0.001455445,0.00131149,0.000645224,0.001522898,0.00136173,0.000260454,0.000539851,0.003053526,0.000109843,0.001097389,0.004085317,0.002439455,0.001835518,0.002492052,0.002302963,0.002108535
173.219739,0.002725441,0.003039775,0.001217573,0.002005592,0.001435184,0.000638746,0.000530029,0.001286834,0.000489456,0.001185374,0.000146198,1.07E-05,0.000301641,0.001894842,0.000588987,0.000904358,0.003907586,0.000445258,0.000938193,2.92E-05,0.000863629,0.002253357,0.00289455,0.003076494,0.001867814,0.003879183,0.001533058,0.000293434,0.002212962,0.001287416,0.000736682,0.001686694,0.001912618,0.00052484,0.000657434,0.003213243,0.000104068,0.001174579,0.004051935,0.003302751,0.002084157,0.003684808,0.002690313,0.002183045
190.6875383,0.00251348,0.002974507,0.000997332,0.001616096,0.001208698,0.000547251,0.000523479,0.001232083,0.000400124,0.00112622,0.000114286,1.78E-05,0.00020269,0.001655894,0.000553646,0.000818268,0.004170247,0.000394362,0.00077655,2.94E-05,0.000705915,0.002577574,0.002979301,0.003221641,0.002287238,0.004242004,0.00165198,0.000314837,0.003438134,0.001513141,0.001074672,0.002168815,0.002802836,0.001014179,0.001071652,0.00382546,0.000193409,0.001549915,0.004375768,0.004603224,0.002776357,0.005362406,0.00353657,0.002518339
209.9168227,0.001398159,0.001703844,0.000481176,0.00081875,0.000602649,0.000278563,0.000253423,0.000666914,0.000178484,0.000611979,2.59E-05,0,3.22E-05,0.000867617,0.000285569,0.000411982,0.002508399,0.000173091,0.000363842,0,0.000329208,0.00156852,0.003552551,0.0038794,0.003282485,0.005181295,0.00221339,0.000504252,0.005279016,0.002149252,0.001771851,0.003115923,0.004122915,0.001868178,0.001950502,0.005037872,0.000439637,0.002383783,0.005232833,0.006420421,0.004081868,0.007618853,0.00497909,0.003304406
231.0852238,0.000314971,0.000425264,5.76E-05,0.000143141,8.96E-05,4.59E-05,2.92E-05,0.000136526,9.04E-06,0.000132215,0,0,0,0.000180506,5.23E-05,6.59E-05,0.000682622,3.80E-06,3.49E-05,0,3.37E-05,0.000450358,0.004857983,0.005317696,0.005091938,0.006832744,0.003478484,0.000948765,0.007891719,0.003436851,0.002986475,0.004719445,0.00596816,0.0032791,0.003546808,0.007014858,0.000958662,0.00389711,0.006852243,0.008820662,0.006203525,0.010530413,0.007165401,0.004815932
254.3882856,0.001051556,0.001493671,0.000167505,0.000427776,0.000278331,0.000146273,0.000124989,0.00048155,2.41E-05,0.000470095,0,0,0,0.000613191,0.000192626,0.000232692,0.002435831,1.90E-05,0.000103372,0,0.000105362,0.001698173,0.007202286,0.007868293,0.007996253,0.009322879,0.005806576,0.00178886,0.011414925,0.005702005,0.004918903,0.007201175,0.008425539,0.005485904,0.006202724,0.009913955,0.001940573,0.006364851,0.009496187,0.011840498,0.009353331,0.014136269,0.010230447,0.007407351
280.0412713,0.000620538,0.000897009,0.000130285,0.000207935,0.000202863,9.69E-05,0.000245391,0.000364641,5.93E-05,0.000377545,7.71E-06,0,0,0.000425813,0.00018615,0.000215369,0.00134115,0.000105147,0.000120316,0,0.000128055,0.001109231,0.010919724,0.011885557,0.012275142,0.012738932,0.009633932,0.003233395,0.015934604,0.009333791,0.0077909,0.010780558,0.011556168,0.008748901,0.01032118,0.013849757,0.003674898,0.010085442,0.01341561,0.015468669,0.013709584,0.018417991,0.014263755,0.011480428
308.2811517,0.007668449,0.008721538,0.007259911,0.005769268,0.007586977,0.003101773,0.007274122,0.007205615,0.00448481,0.006141787,0.004144999,0.004996661,0.007238816,0.006926098,0.004332424,0.006468549,0.008918191,0.005992242,0.006999638,0.006931684,0.006340773,0.009158741,0.016299044,0.01766538,0.018132705,0.01709222,0.015397817,0.005556803,0.021443625,0.014717657,0.011803584,0.015622801,0.015375495,0.013300064,0.016285801,0.018849089,0.006563026,0.015318201,0.018780646,0.019629872,0.019357593,0.023281692,0.019270558,0.017407509
339.3687938,0.010125316,0.011504507,0.009366943,0.007378864,0.009829303,0.004040857,0.009794033,0.009523611,0.005847085,0.008255895,0.00541576,0.0065311,0.009429232,0.009147728,0.005819326,0.008523909,0.011607591,0.007853341,0.009082774,0.00901517,0.008246458,0.012332463,0.023473865,0.025325958,0.025599594,0.022282541,0.023391184,0.009055602,0.027804819,0.022114316,0.017077075,0.021774104,0.019834643,0.01927243,0.024324948,0.024806311,0.011068149,0.022191221,0.025594758,0.024174395,0.026224483,0.028547517,0.025134833,0.025401982
373.5913713,0.008293025,0.009395642,0.007464352,0.005873055,0.00785711,0.003285279,0.007892412,0.00774389,0.004723217,0.006775767,0.004368398,0.005269094,0.007530105,0.007388172,0.004799407,0.006905776,0.009570802,0.006278692,0.007261436,0.007181227,0.006581821,0.010363494,0.032299096,0.034675248,0.034436624,0.028073921,0.033569691,0.013951784,0.034728545,0.031502017,0.023584789,0.029098928,0.024807225,0.02662375,0.034346172,0.031451661,0.017557462,0.030599556,0.033614259,0.028877631,0.034026326,0.033950838,0.031595031,0.035355907
411.265017,0.023363181,0.025656067,0.024097598,0.018589413,0.024850262,0.009913655,0.023554157,0.022843734,0.01482731,0.01912575,0.01394903,0.016891834,0.024666598,0.021579478,0.013763414,0.020974171,0.024404081,0.01992723,0.023299477,0.023729775,0.020946924,0.026701101,0.042258545,0.045114792,0.044077073,0.034092287,0.045381828,0.020267234,0.041775531,0.042437112,0.031103582,0.037240389,0.030085794,0.035079389,0.045801903,0.038346446,0.02606884,0.040129439,0.042304312,0.033452226,0.042249295,0.039158008,0.038243409,0.046703201
452.7377428,0.054154482,0.058907812,0.057609403,0.044337547,0.059221695,0.02391962,0.055467898,0.05374942,0.035752171,0.044691154,0.033702509,0.040837065,0.059248559,0.050501962,0.032598097,0.049773746,0.054941383,0.047426437,0.05560509,0.056832701,0.050014995,0.060171214,0.052456079,0.055637799,0.053644207,0.039852306,0.057718552,0.027732762,0.048391621,0.054007364,0.039201589,0.045623853,0.035390797,0.044120352,0.05766048,0.04491498,0.036135774,0.050047478,0.05086122,0.037573377,0.050182348,0.043796882,0.044556183,0.058386912
498.392655,0.080267459,0.086614561,0.085675684,0.066103714,0.088204917,0.037412031,0.082280869,0.080425315,0.054912379,0.067263167,0.05162778,0.062550019,0.088543232,0.074780085,0.050236441,0.074880583,0.080476272,0.070271113,0.082631207,0.084078795,0.074552646,0.088373928,0.061722257,0.064956886,0.062061789,0.044813879,0.069048651,0.035796251,0.053973714,0.064930188,0.047276052,0.053513759,0.04039261,0.053030949,0.068529881,0.050514511,0.046813949,0.059377598,0.05831474,0.040914866,0.057006345,0.04749894,0.049954677,0.068985177
548.6514932,0.096225083,0.102766245,0.10233749,0.079328849,0.105705361,0.048134216,0.098281946,0.097453134,0.068809356,0.082412676,0.064404111,0.078004901,0.106454776,0.08923349,0.06356391,0.091291233,0.09547721,0.083536561,0.098628646,0.09952703,0.089408805,0.105308094,0.068825262,0.071748241,0.068243537,0.048460335,0.077726159,0.043742466,0.057957311,0.073787895,0.054636403,0.060117359,0.044744435,0.061000224,0.076921184,0.054533135,0.056927156,0.067057494,0.063697333,0.043190573,0.061926881,0.049946753,0.05388882,0.076985782
603.9785256,0.103026409,0.108523153,0.108732332,0.084855974,0.112859705,0.056283565,0.104546768,0.10576019,0.077894717,0.090828694,0.072483025,0.087751377,0.114103515,0.094840529,0.072927184,0.099829088,0.100998269,0.08818679,0.104698765,0.104375362,0.095540676,0.112090832,0.072730727,0.074947845,0.071315993,0.050383006,0.082374274,0.050869233,0.059908634,0.079329172,0.060611476,0.064713385,0.048121379,0.067251748,0.081577196,0.056495713,0.065396499,0.072135774,0.066240581,0.044194236,0.064321902,0.050918428,0.055926788,0.081130209
664.8848385,0.101691144,0.105068438,0.10602035,0.083545338,0.110827685,0.062065294,0.102172618,0.106294032,0.082632675,0.093216551,0.076328073,0.092353701,0.112632787,0.092599193,0.078683982,0.101336121,0.098114522,0.085204583,0.101964773,0.099844511,0.09392494,0.109861966,0.072833473,0.07400878,0.070812564,0.050353192,0.082217525,0.056636186,0.059600874,0.080740069,0.064652162,0.066775373,0.050259469,0.071167352,0.081763727,0.056152837,0.071478481,0.073956121,0.065544691,0.043829846,0.063866871,0.050320511,0.055830843,0.080716139
731.9330567,0.093238996,0.093585254,0.095361684,0.07625719,0.100769038,0.06568462,0.092256778,0.100002206,0.083487441,0.090281581,0.076402806,0.092376129,0.103185927,0.083507476,0.081192021,0.096654307,0.087901043,0.075572729,0.091549876,0.087155195,0.085538277,0.099761318,0.069094097,0.069038934,0.066782039,0.048364272,0.077262631,0.060731373,0.057056444,0.077809237,0.066405427,0.06606154,0.050988198,0.07237589,0.077437571,0.053530288,0.074831203,0.072281544,0.061671709,0.042126504,0.060603769,0.048202613,0.053601305,0.075766288
805.7425413,0.078689672,0.075256755,0.077916472,0.063851779,0.083843503,0.067346759,0.07589653,0.087832263,0.080923229,0.082729115,0.073170774,0.088382917,0.086906274,0.068563367,0.080809022,0.08662562,0.071432904,0.060274012,0.07457728,0.067528135,0.071357371,0.082928709,0.062045629,0.060777802,0.059779984,0.044633453,0.068288288,0.063056145,0.052544681,0.070957953,0.065748613,0.062653269,0.050251341,0.070793404,0.069250282,0.048925862,0.075445745,0.067332999,0.055134931,0.039234572,0.054934712,0.044750646,0.049477744,0.067021293
886.9951111,0.05906288,0.051266095,0.054844856,0.047189354,0.061210815,0.067256928,0.054189157,0.070731749,0.075404251,0.071264486,0.06709553,0.08093832,0.064937164,0.048764859,0.077892701,0.072092034,0.049785178,0.040291219,0.052170192,0.04218405,0.052358901,0.060503962,0.05267306,0.050421215,0.050746082,0.039562615,0.056658682,0.063665885,0.046535255,0.061143953,0.062786774,0.056937267,0.048112958,0.066617007,0.058394996,0.042853975,0.073527851,0.059740254,0.046787547,0.035403794,0.047541662,0.040259929,0.04389686,0.055766301
976.4413404,0.035378327,0.022796427,0.027306976,0.027130164,0.034030714,0.065620344,0.028231941,0.049648214,0.067394719,0.056593025,0.058640624,0.070606594,0.038421934,0.025109944,0.072800778,0.053895522,0.024032938,0.016607136,0.025451818,0.012343662,0.02951955,0.033626898,0.042200127,0.039347087,0.040803003,0.033667704,0.04401258,0.06270655,0.039618316,0.049667251,0.057823645,0.049537751,0.044748041,0.06028375,0.046341029,0.035951958,0.069394217,0.050420564,0.037642411,0.030947791,0.039253784,0.035093557,0.037417126,0.043540619
1074.907493,0.00865572,0,0,0.004534457,0.003462935,0.062642223,0,0.025529205,0.057358847,0.039420066,0.048269607,0.057951994,0.00850392,0,0.06589097,0.032878059,0,0,0,0,0.003815999,0.003437341,0.031839102,0.028822227,0.031032948,0.027493353,0.031907036,0.060368425,0.032409869,0.037916538,0.051317017,0.041213088,0.040419746,0.052406357,0.03452578,0.028871069,0.063409534,0.040412033,0.028672913,0.026201875,0.030897001,0.029634125,0.030627792,0.031807261
1183.303155,0,0,0,0,0,0.058527782,0,0,0.045760847,0.020450941,0.036446031,0.043538775,0,0,0.057520997,0.009881618,0,0,0,0,0,0,0.022567971,0.01977247,0.022290773,0.021531778,0.021511636,0.056859911,0.025463094,0.027108389,0.043824798,0.032736638,0.035447077,0.043694132,0.024084216,0.022177498,0.055966433,0.030695967,0.020647121,0.021481988,0.023162496,0.024237682,0.024062372,0.021671979
1302.629636,0,0,0,0,0,0.053482237,0,0,0.033064931,0.000390981,0.023633446,0.027931194,0,0,0.048048576,0,0,0,0,0,0,0,0.01499061,0.012673073,0.015096919,0.01616214,0.013439579,0.052395509,0.019202847,0.018083134,0.035944076,0.024784314,0.030168066,0.03486534,0.015685582,0.016283568,0.047498737,0.022045765,0.014033082,0.017051629,0.016522132,0.019197427,0.01813374,0.013728148
1433.989221,0,0,0,0,0,0.047710805,0,0,0.019735312,0,0.010295404,0.011693505,0,0,0.037831426,0,0,0,0,0,0,0,0.009307902,0.007571271,0.009624754,0.011619753,0.007753919,0.047191501,0.013892992,0.011212831,0.028245584,0.017850426,0.024903856,0.026559722,0.009510934,0.011419241,0.038507759,0.014934933,0.00898784,0.013101188,0.01120262,0.014721837,0.013100767,0.008059421
1578.595349,0,0,0,0,0,0.041418702,0,0,0.006236202,0,0,0,0,0,0.027227266,0,0,0,0,0,0,0,0.005389412,0.004206697,0.005766555,0.007996073,0.004117969,0.041465361,0.009637163,0.006439827,0.02121007,0.012207068,0.019928568,0.01926435,0.005354632,0.007642443,0.029570665,0.009520928,0.005416017,0.009741108,0.007212778,0.010928448,0.009067595,0.004372167
1737.783827,0,0,0,0,0,0.034811145,0,0,0,0,0,0,0,0,0.016593813,0,0,0,0,0,0,0,0.002903404,0.002169115,0.003241787,0.005263062,0.002007284,0.03543742,0.006405754,0.003414376,0.01517756,0.007911073,0.015448589,0.013267901,0.002792118,0.004877436,0.021299128,0.005698428,0.00306597,0.007007364,0.004405322,0.007851269,0.006008924,0.002185884
1913.025165,0,0,0,0,0,0.028093351,0,0,0,0,0,0,0,0,0.006288786,0,0,0,0,0,0,0,0.001452287,0.001035981,0.001707456,0.003311198,0.000895741,0.029334149,0.004077603,0.001666195,0.010321205,0.004849782,0.011593128,0.008653735,0.001345394,0.002966055,0.014238505,0.003195173,0.001628163,0.004875769,0.002549892,0.005457726,0.003810096,0.001004749
2105.938165,0,0,0,0,0,0.021470537,0,0,0,0,0,0,0,0,0,0,0,0,0,0,0,0,0.000673237,0.000457497,0.000841426,0.001989884,0.000365117,0.023390668,0.0024843,0.000746386,0.006652245,0.002807507,0.008415855,0.0053315,0.000597853,0.001717395,0.008740524,0.001675082,0.000810017,0.003280694,0.001397437,0.003670106,0.00231016,0.000423718
2318.304869,0,0,0,0,0,0.015147918,0,0,0,0,0,0,0,0,0,0,0,0,0,0,0,0,0.000288757,0.000186513,0.00038747,0.001141534,0.000135682,0.017846706,0.001447859,0.000306204,0.004053444,0.001532276,0.005905633,0.003095332,0.000244562,0.00094614,0.004876958,0.000819596,0.000377076,0.002134099,0.000724487,0.002386957,0.001338622,0.000163642
2552.087025,0,0,0,0,0,0.009330711,0,0,0,0,0,0,0,0,0,0,0,0,0,0,0,0,0.000114422,7.01E-05,0.000166542,0.000624749,4.59E-05,0.012929124,0.000806755,0.000114812,0.002329654,0.000787295,0.004003076,0.001689787,9.19E-05,0.000495614,0.002450405,0.000373667,0.000164068,0.001341783,0.00035503,0.001501118,0.000740864,5.78E-05
2809.444206,0,0,0,0,0,0.004224133,0,0,0,0,0,0,0,0,0,0,0,0,0,0,0,0,4.18E-05,2.43E-05,6.67E-05,0.00032601,1.41E-05,0.008819493,0.000429566,3.93E-05,0.001260242,0.000380321,0.002619255,0.000865706,3.17E-05,0.000246695,0.001099525,0.000158513,6.67E-05,0.000815198,0.000164328,0.000912631,0.000391428,1.86E-05
3092.753761,0,0,0,0,0,3.34E-05,0,0,0,0,0,0,0,0,0,0,0,0,0,0,0,0,1.41E-05,7.72E-06,2.49E-05,0.000162119,3.94E-06,0.005616383,0.000218467,1.22E-05,0.000640455,0.000172529,0.001653208,0.000415488,1.00E-05,0.000116615,0.000437459,6.25E-05,2.53E-05,0.000478469,7.18E-05,0.000536284,0.000197326,5.48E-06
3404.632777,0,0,0,0,0,0,0,0,0,0,0,0,0,0,0,0,0,0,0,0,0,0,4.37E-06,2.26E-06,8.66E-06,7.68E-05,9.97E-07,0.00331109,0.000106076,3.47E-06,0.000305253,7.34E-05,0.001005929,0.000186516,2.91E-06,5.23E-05,0.000153385,2.29E-05,8.93E-06,0.00027124,2.96E-05,0.000304525,9.49E-05,1.47E-06
3747.96225,0,0,0,0,0,0,0,0,0,0,0,0,0,0,0,0,0,0,0,0,0,0,1.25E-06,6.06E-07,2.80E-06,3.46E-05,2.29E-07,0.001792994,4.92E-05,8.94E-07,0.000136243,2.93E-05,0.000589708,7.82E-05,7.71E-07,2.23E-05,4.72E-05,7.76E-06,2.94E-06,0.00014848,1.15E-05,0.000167068,4.35E-05,3.58E-07
4125.913703,0,0,0,0,0,0,0,0,0,0,0,0,0,0,0,0,0,0,0,0,0,0,3.27E-07,1.49E-07,8.41E-07,1.49E-05,4.75E-08,0.000885509,2.17E-05,2.09E-07,5.69E-05,1.09E-05,0.000332885,3.06E-05,1.87E-07,8.99E-06,1.27E-05,2.44E-06,9.00E-07,7.85E-05,4.21E-06,8.85E-05,1.90E-05,7.95E-08
4541.97848,0,0,0,0,0,0,0,0,0,0,0,0,0,0,0,0,0,0,0,0,0,0,7.89E-08,3.37E-08,2.35E-07,6.07E-06,8.92E-09,0.000396359,9.16E-06,4.44E-08,2.22E-05,3.82E-06,0.000180847,1.12E-05,4.13E-08,3.44E-06,2.95E-06,7.10E-07,2.57E-07,4.00E-05,1.45E-06,4.53E-05,7.90E-06,1.61E-08
5000,0,1.09E-16,0,0,0,0,0,0,4.87E-17,0,0,0,0,0,3.97E-17,0,0,0,0,0,1.20E-16,0,1.74E-08,6.98E-09,6.09E-08,2.36E-06,1.52E-09,0.000159922,3.68E-06,8.54E-09,8.07E-06,1.25E-06,9.45E-05,3.78E-06,8.35E-09,1.25E-06,5.98E-07,1.91E-07,6.80E-08,1.97E-05,4.71E-07,2.24E-05,3.13E-06,2.94E-09
12700,0,0,0,0,0,0,0,0,0,0,0,0,0,0,0,0,0,0,0,0,0,0,0,0,0,0,0,0,0,0,0,0,0,0,0,0,0,0,0,0,0,0,0,0
