,08/08/22 00:01:00,08/08/22 00:16:00,08/08/22 00:31:00,08/08/22 00:46:00,08/08/22 01:01:00,08/08/22 01:16:00,08/08/22 01:31:00,08/08/22 01:46:00,08/08/22 02:01:00,08/08/22 02:16:00,08/08/22 02:31:00,08/08/22 02:46:00,08/08/22 03:01:00,08/08/22 03:16:00,08/08/22 03:31:00,08/08/22 03:46:00,08/08/22 04:01:00,08/08/22 04:16:00,08/08/22 04:31:00,08/08/22 04:46:00,08/08/22 05:01:00,08/08/22 05:16:00,08/08/22 05:31:00,08/08/22 05:46:00,08/08/22 06:01:00,08/08/22 06:16:00,08/08/22 06:31:00,08/08/22 06:46:00,08/08/22 07:01:00,08/08/22 07:16:00,08/08/22 07:31:00,08/08/22 07:46:00,08/08/22 08:01:00,08/08/22 08:16:00,08/08/22 08:31:00,08/08/22 08:46:00,08/08/22 09:01:00,08/08/22 09:16:00,08/08/22 09:31:00,08/08/22 09:46:00,08/08/22 10:01:00,08/08/22 10:16:00,08/08/22 10:31:00,08/08/22 10:46:00,08/08/22 11:01:00,08/08/22 11:16:00,08/08/22 11:31:00,08/08/22 11:46:00,08/08/22 12:01:00,08/08/22 12:16:00,08/08/22 12:31:00,08/08/22 12:46:00,08/08/22 13:01:00,08/08/22 13:16:00,08/08/22 13:31:00,08/08/22 13:46:00,08/08/22 14:01:00,08/08/22 14:16:00,08/08/22 14:31:00,08/08/22 14:46:00,08/08/22 15:01:00,08/08/22 15:16:00,08/08/22 15:31:00,08/08/22 15:46:00,08/08/22 16:01:00,08/08/22 16:16:00,08/08/22 16:31:00,08/08/22 16:46:00,08/08/22 17:01:00,08/08/22 17:16:00,08/08/22 17:31:00,08/08/22 17:46:00,08/08/22 18:01:00,08/08/22 18:16:00,08/08/22 18:31:00,08/08/22 18:46:00,08/08/22 19:01:00,08/08/22 19:16:00,08/08/22 19:31:00,08/08/22 19:46:00,08/08/22 20:01:00,08/08/22 20:16:00,08/08/22 20:31:00,08/08/22 20:46:00,08/08/22 21:01:00,08/08/22 21:16:00,08/08/22 21:31:00,08/08/22 21:46:00,08/08/22 22:01:00,08/08/22 22:16:00,08/08/22 22:31:00,08/08/22 22:46:00,08/08/22 23:01:00,08/08/22 23:16:00,08/08/22 23:31:00,08/08/22 23:46:00,08/09/22 00:01:00
max_amp,0.003891019129534045,0.004114029402095913,0.004818046501735738,0.0033458903436103253,0.004033856821307932,0.0033716412123251595,0.004357867302354363,0.0048753227192836245,0.004185408067510152,0.00484265556764932,0.003850646104283624,0.003804246223573497,0.0035016371823605647,0.003868512287632254,0.003642649960256588,0.003695803636756408,0.0035461509439777238,0.0036624164427138746,0.0038991349347515837,0.003314181025482799,0.0034286104158691016,0.004297777535274368,0.0031614028096858975,0.003868629979930257,0.0035744839597723413,0.0031265966325958777,0.0037167256725932326,0.0032655198123182055,0.0031374374464774035,0.003532139568450984,0.00361928796464144,0.003410106024371916,0.0038753167317763355,0.004127320137442448,0.0036566510470577352,0.0034616339816976377,0.003413164314740108,0.0038335622992210117,0.003157505634894811,0.0034061991045170182,0.0036505550676474347,0.003289493264966583,0.003660545094993175,0.0029920416967513315,0.003628653405896372,0.003149324566023775,0.0033573584502751535,0.0033282184882447406,0.003008778901174825,0.0036192184068272446,0.00345172323880017,0.0037018170829171896,0.004656912856253325,0.00526792258554207,0.004707519675416483,0.00475355586552377,0.004819494399162087,0.006581922618807822,0.007650473891204699,0.009664333455726811,0.01031302258488377,0.009136167013129245,0.008476558258964578,0.009052469750682277,0.007864651472998752,0.007767322208375654,0.007600171198211029,0.007323314889635896,0.006161773507958785,0.0072152247402473115,0.006817620530592507,0.006645297588824651,0.007187177816648323,0.006627221675225318,0.0071315589399116005,0.005715621185638651,0.005734784031527192,0.006655080919438753,0.00604178830055025,0.005797342314692707,0.005414835747282421,0.004894774254248718,0.005470308866242512,0.004691893382200244,0.004852013281957589,0.005251640914551088,0.004187283275402956,0.004944240576963732,0.005037383280248669,0.00439557865296828,0.004408813833900752,0.00453178882656375,0.003837866337868993,0.0042240790635549984,0.004058555186958719,0.004126259013606508,0.004849483215327627
mean_amp,0.002765532842677732,0.002717391561062326,0.002732133909914227,0.0025754277644804836,0.0027113767246952055,0.002683098523723988,0.0027419735239025845,0.002845468757148104,0.0029275036993353532,0.0026964149006785654,0.0026874843671397127,0.0026315245332099164,0.002627652606565426,0.002681558711046633,0.0026512183234999992,0.002584973723271164,0.0024065578614900357,0.0025330878528929835,0.002595274954964011,0.0025094454992207562,0.0025338102509237866,0.002518456765846088,0.002426710601311574,0.002476097463935445,0.0025476512221538614,0.002321152622241118,0.0023396172833251732,0.0023129531837425897,0.0023506411223292315,0.0022724350405917415,0.0023213105017825014,0.002315698173230731,0.0023933605260652155,0.0023707764668013274,0.0023221875460300947,0.0022494825469432994,0.0022357675345780577,0.0023318062375126364,0.002196353584294082,0.0021510046415109175,0.0022058066205785697,0.002379358993059359,0.002362826141518263,0.0022247701661750148,0.002292292753057665,0.002281437346351234,0.002276390370062933,0.0022932815447724636,0.002279083653079214,0.00214124978580002,0.0021490522271107103,0.0023322424903619962,0.0029992443841981467,0.0033820151077726193,0.003251950538935636,0.002828918466830394,0.003490601744474053,0.0052109787762749955,0.006337507523478766,0.007241109229785075,0.007774889499612443,0.0067719120435530055,0.0069039462080991215,0.006659276660902204,0.005992992270993925,0.005643572144609205,0.005335213169963388,0.005044936482187188,0.005068594579342503,0.004780289725382526,0.004570666038245315,0.004855491185004262,0.004938213047123583,0.0050000053028791906,0.004176541583173462,0.004089926160575114,0.0037305148156248883,0.0038824661034057156,0.003880440228954222,0.0036375720059795952,0.003591875639867921,0.0034003462627150453,0.0034107072846394425,0.0030572144158522076,0.0033527500078325573,0.0033765785254256542,0.0031506149294892754,0.003185668009116458,0.003217235804529316,0.0031082846762504265,0.0029988604129095823,0.002937483176557718,0.0027422460297743183,0.0028149065064603023,0.002778903501135708,0.002813187839896159,0.002938421135268408
median_amp,0.00271635089649192,0.0025920566797578495,0.0026286587988240966,0.0025587961863743213,0.002621974005213666,0.002645796828147259,0.0026986352406805914,0.002722695011500802,0.0028929661724342156,0.0026940065327222228,0.0026898807855328163,0.002500421765193727,0.002583666901612622,0.002639773720800177,0.002565336740590567,0.0026053862504019478,0.0023867512116859243,0.002465452176618638,0.002521530422872168,0.0024447820891921185,0.002558396776620059,0.0024699799273328526,0.0024353058651051685,0.0024353437061094023,0.002485713664782925,0.002286704586463284,0.002282231292126644,0.0023225602927823136,0.0023140224355118495,0.002189265271936987,0.0022825539197166783,0.0022352034438852643,0.0023805042112164908,0.002348019950114866,0.002274020182978393,0.0021825765180051547,0.002195764873310468,0.0023500866843685127,0.0021726768858057873,0.0020214279824954263,0.0021190819149391523,0.0023527386398150456,0.0022967273667529194,0.0021666135811127763,0.0022234450928388374,0.0023017819541028277,0.002266862217540631,0.002287141439492333,0.0022545895837537315,0.0020399899780092884,0.0021164027572734365,0.002297864448233469,0.0029843796958785706,0.003338121755260357,0.0031857778741202617,0.0027051468620265355,0.0034119437120046676,0.005067688224197151,0.006299599923191478,0.007238661439925311,0.007695636013341686,0.006649480974457669,0.006809568493707927,0.006477271105496364,0.006046451090458954,0.005710277534224405,0.005200008018408232,0.0049087929338105345,0.005055693960556345,0.004662340972279894,0.004471189310208021,0.0048424711891012,0.004806497537854488,0.005036185058873745,0.004064210707452762,0.003976154119294536,0.003613316462723412,0.0037925938663438594,0.00384470177295951,0.0035604337201647117,0.003523386210342606,0.003235002885651938,0.0032952814222753043,0.0029293671112200132,0.0033260943783663716,0.0034069394960805762,0.0031239174245701203,0.0032070799917429766,0.003236827691060022,0.003081599854901462,0.002973404892884725,0.002925718676565472,0.0026830055336937476,0.0027727467929674647,0.0027270895721179167,0.0027090923149741893,0.0028699758194381518
impulses_ch6,0,0,0,0,0,0,0,0,0,0,0,0,0,0,0,0,0,0,0,0,0,0,0,0,0,0,0,0,0,0,0,0,0,0,0,0,0,0,0,0,0,0,0,0,0,0,0,0,0,0,0,0,0,0,0,0,0,0,0,0,0,0,0,0,0,0,0,0,0,0,0,0,0,0,0,0,0,0,0,0,0,0,0,0,0,0,0,0,0,0,0,0,0,0,0,0,0
impulses_ch5,0,0,0,0,0,0,0,0,0,0,0,0,0,0,0,0,0,0,0,0,0,0,0,0,0,0,0,0,0,0,0,0,0,0,0,0,0,0,0,0,0,0,0,0,0,0,0,0,0,0,0,0,0,0,0,0,0,0,0,0,0,0,0,0,0,0,0,0,0,0,0,0,0,0,0,0,0,0,0,0,0,0,0,0,0,0,0,0,0,0,0,0,0,0,0,0,0
impulses_ch4,0,0,0,0,0,0,0,0,0,0,0,0,0,0,0,0,0,0,0,0,0,0,0,0,0,0,0,0,0,0,0,0,0,0,0,2,0,1,0,0,0,0,0,0,0,0,0,0,0,0,0,0,0,0,1,0,1,0,0,1,1,2,1,2,0,2,0,3,0,0,1,0,0,0,2,0,2,0,1,1,1,0,2,0,0,0,0,0,2,1,1,1,0,0,0,0,0
impulses_ch3,41,34,37,30,37,32,41,45,45,38,34,36,23,29,28,33,16,33,43,31,30,26,25,29,34,13,23,20,25,19,24,16,30,22,27,19,30,25,23,24,23,25,24,24,18,31,25,28,24,19,20,29,55,82,74,50,29,90,154,249,336,216,279,232,169,147,149,115,120,111,78,115,101,125,76,81,83,79,84,71,79,49,61,50,80,55,44,64,62,44,62,66,41,37,39,35,57
impulses_ch2,1227,1319,1142,1133,1250,1223,1302,1360,1517,1236,1169,1212,1177,1250,1248,1144,964,1061,1087,1092,1033,962,1061,1015,1033,907,832,833,932,792,825,934,897,945,906,778,810,843,722,690,765,802,827,767,849,801,837,901,844,754,769,828,1445,1853,1713,1191,2122,6566,8903,10574,11744,9639,9640,9073,7779,6901,5815,5349,5553,4655,4307,4747,5298,5207,3390,3233,2405,2654,2763,2352,2267,2134,1954,1514,1940,2029,1626,1689,1698,1659,1453,1318,1194,1326,1281,1324,1362
impulses_ch1,10576,10502,10186,10036,10564,10077,10354,10748,11179,10969,10468,10287,10393,10504,10631,9774,9889,9737,9681,9969,9991,9713,9594,9529,9845,9887,9298,9783,9191,9038,9419,9405,9608,9337,9062,8867,8556,9001,8468,8245,8354,10545,8786,8611,8768,8577,8689,8964,8602,8202,8107,9022,11015,11299,12573,12093,15383,13160,10762,9773,9554,10746,10748,10945,11791,12291,12814,13198,12825,13641,13238,13204,13261,12754,14022,14164,14391,14180,14278,14456,14209,14367,14294,13999,14551,14685,13991,14264,14187,13733,13502,12876,13128,12665,12999,12781,12952
max_env_ch6,0,0,0,0,0,0,0,0,0,0,0,0,0,0,0,0,0,0,0,0,0,0,0,0,0,0,0,0,0,0,0,0,0,0,0,0,0,0,0,0,0,0,0,0,0,0,0,0,0,0,0,0,0,0,0,0,0,0,0,0,0,0,0,0,0,0,0,0,0,0,0,0,0,0,0,0,0,0,0,0,0,0,0,0,0,0,0,0,0,0,0,0,0,0,0,0,0
mean_env_ch6,0,0,0,0,0,0,0,0,0,0,0,0,0,0,0,0,0,0,0,0,0,0,0,0,0,0,0,0,0,0,0,0,0,0,0,0,0,0,0,0,0,0,0,0,0,0,0,0,0,0,0,0,0,0,0,0,0,0,0,0,0,0,0,0,0,0,0,0,0,0,0,0,0,0,0,0,0,0,0,0,0,0,0,0,0,0,0,0,0,0,0,0,0,0,0,0,0
median_env_ch6,0,0,0,0,0,0,0,0,0,0,0,0,0,0,0,0,0,0,0,0,0,0,0,0,0,0,0,0,0,0,0,0,0,0,0,0,0,0,0,0,0,0,0,0,0,0,0,0,0,0,0,0,0,0,0,0,0,0,0,0,0,0,0,0,0,0,0,0,0,0,0,0,0,0,0,0,0,0,0,0,0,0,0,0,0,0,0,0,0,0,0,0,0,0,0,0,0
max_env_ch5,0,0,0,0,0,0,0,0,0,0,0,0,0,0,0,0,0,0,0,0,0,0,0,0,0,0,0,0,0,0,0,0,0,0,0,0,0,0,0,0,0,0,0,0,0,0,0,0,0,0,0,0,0,0,0,0,0,0,0,0,0,0,0,0,0,0,0,0,0,0,0,0,0,0,0,0,0,0,0,0,0,0,0,0,0,0,0,0,0,0,0,0,0,0,0,0,0
mean_env_ch5,0,0,0,0,0,0,0,0,0,0,0,0,0,0,0,0,0,0,0,0,0,0,0,0,0,0,0,0,0,0,0,0,0,0,0,0,0,0,0,0,0,0,0,0,0,0,0,0,0,0,0,0,0,0,0,0,0,0,0,0,0,0,0,0,0,0,0,0,0,0,0,0,0,0,0,0,0,0,0,0,0,0,0,0,0,0,0,0,0,0,0,0,0,0,0,0,0
median_env_ch5,0,0,0,0,0,0,0,0,0,0,0,0,0,0,0,0,0,0,0,0,0,0,0,0,0,0,0,0,0,0,0,0,0,0,0,0,0,0,0,0,0,0,0,0,0,0,0,0,0,0,0,0,0,0,0,0,0,0,0,0,0,0,0,0,0,0,0,0,0,0,0,0,0,0,0,0,0,0,0,0,0,0,0,0,0,0,0,0,0,0,0,0,0,0,0,0,0
max_env_ch4,0.0,0.0,0.0,0.0,0.0,0.0,0.0,0.0,0.0,0.0,0.0,0.0,0.0,0.0,0.0,0.0,0.0,0.0,0.0,0.0,0.0,0.0,0.0,0.0,0.0,0.0,0.0,0.0,0.0,0.0,0.0,0.0,0.0,0.0,0.0,0.047544965803902065,0.0,0.06133699678753619,0.0,0.0,0.0,0.0,0.0,0.0,0.0,0.0,0.0,0.0,0.0,0.0,0.0,0.0,0.0,0.0,0.06401860689748118,0.0,0.0693319710151982,0.0,0.0,0.15462933529162898,0.1392405606204261,0.14617867221006792,0.095340162543036,0.1381532366156015,0.0,0.09235270391479745,0.0,0.11592551570960172,0.0,0.0,0.07992770934609204,0.0,0.0,0.0,0.11410494303858561,0.0,0.09175654450443507,0.0,0.096668612808804,0.07509799598829031,0.06347680801143431,0.0,0.08364455907734653,0.0,0.0,0.0,0.0,0.0,0.08059813248397871,0.06376674315475427,0.05931678339053217,0.07250862122502,0.0,0.0,0.0,0.0,0.0
mean_env_ch4,0.0,0.0,0.0,0.0,0.0,0.0,0.0,0.0,0.0,0.0,0.0,0.0,0.0,0.0,0.0,0.0,0.0,0.0,0.0,0.0,0.0,0.0,0.0,0.0,0.0,0.0,0.0,0.0,0.0,0.0,0.0,0.0,0.0,0.0,0.0,0.047544965803902065,0.0,0.06133699678753619,0.0,0.0,0.0,0.0,0.0,0.0,0.0,0.0,0.0,0.0,0.0,0.0,0.0,0.0,0.0,0.0,0.06401860689748118,0.0,0.0693319710151982,0.0,0.0,0.15462933529162898,0.1392405606204261,0.13068861587062364,0.095340162543036,0.1381532366156015,0.0,0.09235270391479745,0.0,0.1069636940548387,0.0,0.0,0.07992770934609204,0.0,0.0,0.0,0.11410494303858561,0.0,0.08889583486402779,0.0,0.096668612808804,0.07509799598829031,0.06347680801143431,0.0,0.07451954687565954,0.0,0.0,0.0,0.0,0.0,0.07900012891834765,0.06376674315475427,0.05931678339053217,0.07250862122502,0.0,0.0,0.0,0.0,0.0
median_env_ch4,0.0,0.0,0.0,0.0,0.0,0.0,0.0,0.0,0.0,0.0,0.0,0.0,0.0,0.0,0.0,0.0,0.0,0.0,0.0,0.0,0.0,0.0,0.0,0.0,0.0,0.0,0.0,0.0,0.0,0.0,0.0,0.0,0.0,0.0,0.0,0.047544965803902065,0.0,0.06133699678753619,0.0,0.0,0.0,0.0,0.0,0.0,0.0,0.0,0.0,0.0,0.0,0.0,0.0,0.0,0.0,0.0,0.06401860689748118,0.0,0.0693319710151982,0.0,0.0,0.15462933529162898,0.1392405606204261,0.13068861587062364,0.095340162543036,0.1381532366156015,0.0,0.09235270391479745,0.0,0.10596178853751248,0.0,0.0,0.07992770934609204,0.0,0.0,0.0,0.11410494303858561,0.0,0.08889583486402779,0.0,0.096668612808804,0.07509799598829031,0.06347680801143431,0.0,0.07451954687565954,0.0,0.0,0.0,0.0,0.0,0.07900012891834765,0.06376674315475427,0.05931678339053217,0.07250862122502,0.0,0.0,0.0,0.0,0.0
max_env_ch3,0.24902522429017887,0.26329788173413843,0.30835497611108725,0.21413698199106082,0.25816683656370765,0.21224855867395898,0.27890350735067926,0.31202065403415197,0.2678661163206497,0.23227959092168693,0.24644135067415193,0.2434717583087038,0.22410477967107614,0.24758478640846426,0.23312959745642164,0.23289997641732188,0.22695366041457432,0.23439465233368798,0.24954463582410136,0.21210758563089913,0.2194310666156225,0.27505776225755957,0.20232977981989744,0.24759231871553644,0.22876697342542984,0.20010218448613618,0.23787044304596688,0.20899326798836515,0.1983849235828367,0.22605693238086297,0.23163442973705217,0.21824678555980262,0.24802027083368547,0.2641484887963167,0.23402566701169505,0.2215445748286488,0.2184425161433669,0.24534798715014475,0.2020803606332679,0.21799674268908917,0.23363552432943582,0.21052756895786132,0.2342748860795632,0.19149066859208522,0.2322338179773678,0.2015567722255216,0.21487094081760982,0.2130059832476634,0.1925618496751888,0.23162997803694366,0.22091028728321088,0.23691629330670014,0.2980424228002128,0.3371470454746925,0.3012812592266549,0.3042275753935213,0.30844764154637355,0.4212430476037006,0.48963032903710074,0.6185173411665159,0.6600334454325613,0.5847146888402717,0.542499728573733,0.5793580640436657,0.5033376942719201,0.49710862133604183,0.4864109566855059,0.46869215293669736,0.39435350450936224,0.46177438337582793,0.43632771395792047,0.42529904568477767,0.4599793802654927,0.4241421872144204,0.45641977215434243,0.36579975588087366,0.3670261780177403,0.4259251788440802,0.386674451235216,0.37102990814033326,0.3465494878260749,0.31326555227191794,0.35009976743952076,0.3002811764608156,0.3105288500452857,0.3361050185312696,0.26798612962578916,0.31643139692567884,0.32239252993591483,0.2813170337899699,0.28216408536964815,0.29003448490008,0.24562344562361554,0.2703410600675199,0.259747531965358,0.2640805768708165,0.31036692578096814
mean_env_ch3,0.2008422106479868,0.21499979084228155,0.20159206090253143,0.1803031391393162,0.2003879672617079,0.19039761213273296,0.19856394697776544,0.20531109006582507,0.20617997644307046,0.18194274017648232,0.19077303907379456,0.2010179969984688,0.18857854248916173,0.18702535456035485,0.2011079532123641,0.18472065118731512,0.17307241396605902,0.1815269775718768,0.18541427729359264,0.1774220531186527,0.17160101532744887,0.17890101848289028,0.17192152371601999,0.18313347217481732,0.1816311813477866,0.1692333628246506,0.18104943677801447,0.16426384615748657,0.16478109973580252,0.1694588659269017,0.17612929207350947,0.17311572894984065,0.1782629967918704,0.17073368122743993,0.16745532008584485,0.17437859762083427,0.17017009077289394,0.17332202274703584,0.15694302027770493,0.1745123407059965,0.16471234306723684,0.17131153361963894,0.17756799231545162,0.16090382563358846,0.1681044424289837,0.1563116560102493,0.17660594819919437,0.1626092977343076,0.16275167301465446,0.16378648512146324,0.15645634564568792,0.16675638010927796,0.21473182972193885,0.2260184680137109,0.21859075974151443,0.20405457364640542,0.24498405139122253,0.34677269673995154,0.41422276147274667,0.4734196524305248,0.5034990997387648,0.44337538510364305,0.44893727081281154,0.4310186352560329,0.3896728584266781,0.3725732737852427,0.35088241931055536,0.344109976760277,0.33330104764899354,0.3269641151020819,0.31669911194365047,0.32132120602056735,0.3293928726440884,0.3299462951417802,0.28396857692269,0.2840401876516715,0.26327254528627225,0.26366749939544465,0.26234671134151677,0.2482777945197697,0.2456319749144572,0.23889572149934588,0.2347579203179818,0.2237999200186794,0.23510148260188157,0.23088462700943324,0.2170191556839217,0.22198731414529524,0.2274684257745719,0.2160834752350216,0.21213920385960294,0.2093719809990482,0.1897123964769304,0.20398186709208163,0.2036081186832466,0.20715458562997258,0.20637887815394318
median_env_ch3,0.19448126560951848,0.21700916089613667,0.1897446087386192,0.17989683206412763,0.1991917462152371,0.19458431162543408,0.1918764484559361,0.20383408978314338,0.20919739601145843,0.17771782652810836,0.1828499707170444,0.19877134137302452,0.19490360089444572,0.1829862614549802,0.20842992691258072,0.17670076396073808,0.16859435980250936,0.1747983820573374,0.17264329754441132,0.17668212375440534,0.17526330042097896,0.18175718658751544,0.17091455217385182,0.17906914608821492,0.17963809190598823,0.16862772994868208,0.1763242706311351,0.15701284940668303,0.16771157861564145,0.16782197670927315,0.17668896769182074,0.17788444218053115,0.1716782711990099,0.16398462209767667,0.15958131153222332,0.17343942659380704,0.1720501132588037,0.16884431657897275,0.15344674784761814,0.17099824577004707,0.15366082290131805,0.17473029567531528,0.1759267021307345,0.1543128249875388,0.16125835239927133,0.15211969016500673,0.16871772571401805,0.16111037513545048,0.16750175392209424,0.1671070030560934,0.15082409592788282,0.16347305355442177,0.21693686956933447,0.21879630909495304,0.20878802075724523,0.18878770757299312,0.2391457001490867,0.34480706608489464,0.41515084501619026,0.46914087714839703,0.49734210593101685,0.4330106195966467,0.4472603797167067,0.4240921698357365,0.3946749589706623,0.37650160737702965,0.3387063560634666,0.33174381507821016,0.33149358892903524,0.3217790289840631,0.30608829082097233,0.3149336831064673,0.32759827803399566,0.3302336798422534,0.28491412017829604,0.28736142973355383,0.252760668080123,0.25482634484250866,0.25383969745845003,0.23719872407188494,0.2431900931906527,0.23840376471671715,0.22813251444050864,0.22269547231098086,0.2399013130470693,0.23111126590146855,0.2188385682847699,0.2146167538387947,0.22352310122947658,0.21739088763374873,0.20589453761651702,0.20538948475360994,0.19121621806471642,0.20861672887049226,0.19983353888384012,0.20562174162869357,0.1976353291350561
max_env_ch2,0.9961008971607155,1.0531915269365537,1.233419904444349,0.8565479279642433,1.0326673462548306,0.8631401503552408,1.115614029402717,1.2480826161366079,1.0714644652825989,1.239719825318226,0.9857654026966077,0.9738870332348152,0.8964191186843046,0.990339145633857,0.9325183898256866,0.9461257310096405,0.9078146416582973,0.9375786093347519,0.9981785432964054,0.8484303425235965,0.87772426646249,1.1002310490302383,0.8093191192795898,0.9903692748621458,0.9150678937017194,0.8004087379445447,0.9514817721838675,0.8359730719534606,0.8031839862982153,0.9042277295234519,0.9265377189482087,0.8729871422392105,0.9920810833347419,1.0565939551852668,0.9361026680467802,0.8861782993145952,0.8737700645734676,0.981391948600579,0.8083214425330716,0.8719869707563567,0.9345420973177433,0.8421102758314453,0.9370995443182528,0.7659626743683409,0.9289352719094712,0.8062270889020864,0.8594837632704393,0.8520239329906536,0.7702473987007552,0.9265199121477746,0.8836411491328435,0.9476651732268006,1.1921696912008513,1.34858818189877,1.2051250369066195,1.2169103015740852,1.2337905661854942,1.6849721904148025,1.958521316148403,2.4740693646660636,2.640133781730245,2.3388587553610867,2.169998914294932,2.317432256174663,2.0133507770876804,1.9884344853441673,1.9456438267420235,1.8747686117467894,1.577414018037449,1.8470975335033117,1.7453108558316819,1.7011961827391107,1.8399175210619707,1.6965687488576815,1.8256790886173697,1.4631990235234946,1.4681047120709612,1.7037007153763208,1.546697804940864,1.484119632561333,1.3861979513042997,1.2530622090876717,1.400399069758083,1.2011247058432624,1.2421154001811427,1.3444200741250785,1.0719445185031566,1.2657255877027154,1.2895701197436593,1.1252681351598797,1.1286563414785926,1.16013793960032,0.9824937824944622,1.0813642402700796,1.038990127861432,1.056322307483266,1.2414677031238726
mean_env_ch2,0.7079764077254994,0.6956522396319554,0.6994262809380422,0.6593095077070038,0.6941124415219726,0.6868732220733409,0.7019452221190616,0.7284400018299146,0.7494409470298504,0.6902822145737127,0.6879959979877664,0.6736702805017386,0.6726790672807491,0.6864790300279381,0.6787118908159998,0.6661202785024917,0.6160788125414491,0.6484704903406038,0.6643903884707868,0.6424180478005136,0.6486554242364894,0.6447249320565985,0.621237913935763,0.633880950767474,0.6521987128713885,0.5942150712937262,0.5989420245312443,0.592116015038103,0.6017641273162833,0.5817433703914858,0.5942554884563204,0.5928187323470672,0.6127002946726952,0.6069187755011398,0.5944800117837042,0.5758675320174846,0.5723564888519828,0.5969423968032349,0.562266517579285,0.5506571882267949,0.5646864948681138,0.6091159022231959,0.6048834922286753,0.5695411625408038,0.5868269447827622,0.5871081859919,0.5827559347361109,0.5870800754617507,0.5834454151882787,0.5481599451648052,0.5501573701403418,0.597054077532671,0.7678065623547256,0.8657958675897905,0.8324993379675228,0.7242031275085808,0.8935940465853576,1.3340105667263988,1.622401926010564,1.8537239628249793,1.9903717119007853,1.7336094831495694,1.767410229273375,1.7047748251909642,1.5342060213744448,1.4447544690199565,1.3658145715106274,1.29150373943992,1.2975602123116807,1.2237541696979266,1.1700905057908007,1.243005743361091,1.2641825400636373,1.2800013575370728,1.0691946452924064,1.0470210971072291,0.9550117927999714,0.9939113224718632,0.9933926986122809,0.9312184335307764,0.9195201638061877,0.8704886432550516,0.8731410648676973,0.7826468904581652,0.8583040020051347,0.8644041025089675,0.8065574219492545,0.8155310103338133,0.8236123659595049,0.7957208771201092,0.7677082657048531,0.7519956931987758,0.7020149836222255,0.7206160656538374,0.7113992962907413,0.7201760870134167,0.7522358106287125
median_env_ch2,0.6953858295019315,0.6635665100180095,0.6729366524989687,0.6550518237118262,0.6712253453346985,0.6773239880056983,0.6908506216142314,0.6970099229442053,0.7405993401431592,0.689665672376889,0.688609481096401,0.6401079718895941,0.6614187268128312,0.6757820725248453,0.6567262055911851,0.6680560753456608,0.6110083101915966,0.6311557572143713,0.645511788255275,0.6258642148331823,0.6549495748147351,0.6323148613972103,0.6234383014669231,0.623447988764007,0.6363426981844288,0.5853963741346007,0.5842512107844209,0.5945754349522723,0.5923897434910335,0.5604519096158687,0.5843338034474697,0.5722120816346277,0.6094090780714216,0.6010931072294057,0.5821491668424686,0.5587395886093196,0.5621158075674798,0.6016221911983393,0.5562052827662816,0.5174855635188291,0.542484970224423,0.6023010917926517,0.5879622058887474,0.5546530767648707,0.5692019437667424,0.591497847111516,0.5803167276904015,0.5855082085100373,0.5771749334409553,0.5222374343703778,0.5417991058619998,0.5882532987477681,0.7640012021449141,0.8545591693466514,0.815559135774787,0.6925175966787931,0.8734575902731949,1.2973281853944707,1.6126975803370183,1.8530973286208796,1.9700828194154716,1.7022671294611633,1.7432495343892294,1.6581814030070692,1.5478914791574923,1.4618310487614476,1.3312020527125075,1.2566509910554968,1.2942576539024244,1.1935592889036528,1.1446244634132534,1.2396726244099072,1.230463369690749,1.2892633750716787,1.040437941107907,1.0178954545394012,0.9250090144571935,0.970904029784028,0.9842436538776346,0.9114710323621662,0.9019868698477072,0.8281607387268961,0.8435920441024779,0.7499179804723234,0.8514801608617911,0.8721765109966275,0.7997228606899508,0.821012477886202,0.8286278889113656,0.7888895628547743,0.7611916525784896,0.7489839812007608,0.6868494166255994,0.709823178999671,0.6981349304621867,0.6935276326333925,0.7347138097761668
max_env_ch1,3.984403588642862,4.212766107746215,4.933679617777396,3.426191711856973,4.130669385019322,3.4525606014209633,4.462456117610868,4.9923304645464315,4.2858578611303955,4.958879301272904,3.943061610786431,3.8955481329392607,3.5856764747372183,3.961356582535428,3.7300735593027463,3.784502924038562,3.631258566633189,3.7503144373390076,3.9927141731856217,3.393721370094386,3.51089706584996,4.400924196120953,3.237276477118359,3.961477099448583,3.6602715748068775,3.201634951778179,3.80592708873547,3.3438922878138424,3.212735945192861,3.6169109180938075,3.7061508757928348,3.491948568956842,3.9683243333389675,4.226375820741067,3.744410672187121,3.544713197258381,3.4950802582938705,3.925567794402316,3.2332857701322864,3.4879478830254267,3.738168389270973,3.368441103325781,3.7483981772730113,3.0638506974733635,3.715741087637885,3.2249083556083455,3.437935053081757,3.4080957319626144,3.080989594803021,3.7060796485910985,3.534564596531374,3.790660692907202,4.768678764803405,5.39435272759508,4.820500147626478,4.867641206296341,4.935162264741977,6.73988876165921,7.834085264593612,9.896277458664255,10.56053512692098,9.355435021444347,8.679995657179727,9.269729024698652,8.053403108350722,7.953737941376669,7.782575306968094,7.499074446987158,6.309656072149796,7.388390134013247,6.9812434233267275,6.804784730956443,7.359670084247883,6.786274995430726,7.302716354469479,5.8527960940939785,5.872418848283845,6.814802861505283,6.186791219763456,5.936478530245332,5.544791805217199,5.012248836350687,5.601596279032332,4.8044988233730495,4.968461600724571,5.377680296500314,4.287778074012627,5.0629023508108615,5.158280478974637,4.501072540639519,4.5146253659143705,4.64055175840128,3.9299751299778487,4.325456961080318,4.155960511445728,4.225289229933064,4.96587081249549
mean_env_ch1,2.8319056309019977,2.7826089585278218,2.7977051237521686,2.6372380308280152,2.7764497660878904,2.7474928882933636,2.8077808884762465,2.9137600073196586,2.9977637881194017,2.761128858294851,2.751983991951066,2.6946811220069544,2.6907162691229964,2.7459161201117523,2.7148475632639992,2.6470130926296718,2.4643152501657966,2.593881961362415,2.657561553883147,2.5696721912020544,2.5946216969459575,2.578899728226394,2.484951655743052,2.535523803069896,2.608794851485554,2.3768602851749048,2.3957680981249774,2.368464060152412,2.407056509265133,2.3269734815659433,2.3770219538252815,2.3712749293882687,2.4508011786907806,2.4276751020045593,2.377920047134817,2.3034701280699386,2.289425955407931,2.3877695872129396,2.24906607031714,2.2026287529071795,2.2587459794724554,2.4364636088927836,2.4195339689147013,2.278164650163215,2.347307779131049,2.3361918426636636,2.3310237389444435,2.3483203018470027,2.333781660753115,2.1926397806592206,2.2006294805613673,2.388216310130684,3.071226249418902,3.463183470359162,3.3299973518700914,2.8968125100343234,3.5743761863414303,5.336042266905595,6.489607704042256,7.414895851299917,7.961486847603141,6.934437932598278,7.0696409170935,6.819099300763857,6.136824085497779,5.779017876079826,5.463258286042509,5.16601495775968,5.190240849246723,4.895016678791706,4.680362023163203,4.972022973444364,5.056730160254549,5.120005430148291,4.2767785811696255,4.1880843884289165,3.8200471711998856,3.975645289887453,3.9735707944491234,3.7248737341231055,3.678080655224751,3.4819545730202064,3.492564259470789,3.1305875618326606,3.4332160080205387,3.45761641003587,3.226229687797018,3.262124041335253,3.2944494638380197,3.1828835084804368,3.0708330628194123,3.007982772795103,2.808059934488902,2.8824642626153496,2.845597185162965,2.880704348053667,3.00894324251485
median_env_ch1,2.781543318007726,2.654266040072038,2.691746609995875,2.620207294847305,2.684901381338794,2.709295952022793,2.7634024864569255,2.788039691776821,2.962397360572637,2.758662689507556,2.754437924385604,2.5604318875583765,2.645674907251325,2.7031282900993814,2.6269048223647404,2.6679155204115945,2.4440332407663865,2.5246230288574854,2.5820471530211,2.5034568593327293,2.6197982992589406,2.529259445588841,2.4937532058676926,2.493791955056028,2.545370792737715,2.3415854965384026,2.3370048431376835,2.378301739809089,2.369558973964134,2.2418076384634746,2.3373352137898786,2.2888483265385107,2.4376363122856866,2.4043724289176227,2.3285966673698746,2.2349583544372784,2.2484632302699192,2.406488764793357,2.2248211310651262,2.0699422540753165,2.169939880897692,2.4092043671706067,2.3518488235549895,2.218612307059483,2.2768077750669695,2.3570247210012956,2.321266910761606,2.342032834040149,2.308699733763821,2.0889497374815114,2.167196423447999,2.3530131949910724,3.0560048085796563,3.4182366773866057,3.262236543099148,2.7700703867151724,3.4938303610927797,5.189312741577883,6.450790321348073,7.4123893144835185,7.880331277661886,6.809068517844653,6.972998137556917,6.632725612028277,6.191565916629969,5.847324195045791,5.32480821085003,5.026603964221987,5.177030615609698,4.774237155614611,4.578497853653014,4.958690497639629,4.921853478762996,5.157053500286715,4.161751764431628,4.071581818157605,3.700036057828774,3.883616119136112,3.9369746155105383,3.645884129448665,3.6079474793908286,3.3126429549075844,3.3743681764099116,2.9996719218892935,3.4059206434471645,3.48870604398651,3.198891442759803,3.284049911544808,3.3145115556454625,3.155558251419097,3.0447666103139586,2.9959359248030433,2.7473976665023976,2.839292715998684,2.7925397218487467,2.77411053053357,2.9388552391046674
tau,1.4441644075,1.5123822985,1.3533179835000002,1.3056302835000002,1.3930697775,1.357638297,1.362681324,1.428025611,1.4664620670000001,1.3805518125,1.321577692,1.3305822285,1.3305822285,1.3962008465,1.4174729135000002,1.3100260825,1.2590209525,1.3008491654999998,1.3675681405,1.3727610129999999,1.310630617,1.330417241,1.2636095315,1.269803263,1.3586243875,1.3056302835000002,1.2676346135,1.2868847735,1.2461573855,1.226340649,1.2605418435,1.2897381325,1.326867053,1.314942037,1.3033880545,1.2281127095,1.1599344165,1.1715929685,1.142992303,1.139171273,1.126503907,1.1902769595,1.228492825,1.212618097,1.2029581084999998,1.1786703705,1.251653779,1.2937263295,1.187777738,1.141804142,1.2578480294999999,1.332455259,1.5909838079999998,2.1687506615,2.3007473825,3.265248137,7.0573823745,13.5126390895,21.08342828,28.119352749999997,32.00750032,31.620971515,30.826982135,30.79040073,28.53089578,25.756546825,23.474647859999997,20.642438585,18.24147606,17.286459975,16.38239891,14.398482730000001,15.218093735,13.768905965000002,10.713533245,10.73823973,9.415089286499999,9.5693059165,10.08559519,8.104838397,7.032196228,7.405023614,6.343297043,4.949058383,6.3638281955,6.4040720625,5.261297019,5.487455246,5.207625022,4.629211867,3.843854035,3.4907628965,3.5250784805000004,3.3236783505,3.254997133,3.3297358965,3.3683360045
amp_factor,9.637097895284949,9.85061184642444,9.336539519051847,9.170588973591629,9.470464265744015,9.35128397458895,9.368435686797328,9.585110486464758,9.70797678797251,9.428707668893638,9.22675020521661,9.258162448183603,9.258162448183603,9.480850014013301,9.550798746700698,9.186137640903228,9.002426920984883,9.153617823726657,9.384995666069646,9.402528054037433,9.188271897288002,9.25758880494562,9.019256012680424,9.041875507669479,9.354642747567299,9.170588973591629,9.033968181052687,9.103690044450406,8.954919417798271,8.880764304391654,9.008011733263983,9.113935737833803,9.24522792997517,9.20346450436838,9.162637665809214,8.887444042891424,8.623229393808375,8.669493410618525,8.555163284400743,8.539672632036512,8.48794425876181,8.74268452444695,8.888875623413684,8.828708323106378,8.791708997712695,8.697354255037332,8.975278328617202,9.128218430124857,8.73296111234236,8.550351973271916,8.998115260561073,9.264669784683708,10.084994998334972,11.518123773758928,11.791440572188602,13.411011220772128,16.97644731520887,19.981271453397824,22.039202445612055,23.37135493584086,23.97047842431366,23.91427389209712,23.796633758275064,23.791140970638086,23.438568464399584,22.965334575810076,22.536190658609968,21.941416853944666,21.369406511833393,21.120646271339716,20.872155993550432,20.275010234979923,20.531116059728404,20.068181885580934,18.907494766141305,18.91815050543876,18.309842924059147,18.385001686357928,18.62808647314168,17.61662558664559,16.959908674686424,17.19888585310163,16.482966254840754,15.334786861666206,16.497914906456288,16.52707690514049,15.617806675422383,15.812501344802682,15.570373170328605,15.02572055268557,14.165695747298086,13.719956541623493,13.765209890144602,13.493059564747025,13.396465392628714,13.501482973991749,13.554801624203385
timestamp,2022-08-08 00:01:00,2022-08-08 00:16:00,2022-08-08 00:31:00,2022-08-08 00:46:00,2022-08-08 01:01:00,2022-08-08 01:16:00,2022-08-08 01:31:00,2022-08-08 01:46:00,2022-08-08 02:01:00,2022-08-08 02:16:00,2022-08-08 02:31:00,2022-08-08 02:46:00,2022-08-08 03:01:00,2022-08-08 03:16:00,2022-08-08 03:31:00,2022-08-08 03:46:00,2022-08-08 04:01:00,2022-08-08 04:16:00,2022-08-08 04:31:00,2022-08-08 04:46:00,2022-08-08 05:01:00,2022-08-08 05:16:00,2022-08-08 05:31:00,2022-08-08 05:46:00,2022-08-08 06:01:00,2022-08-08 06:16:00,2022-08-08 06:31:00,2022-08-08 06:46:00,2022-08-08 07:01:00,2022-08-08 07:16:00,2022-08-08 07:31:00,2022-08-08 07:46:00,2022-08-08 08:01:00,2022-08-08 08:16:00,2022-08-08 08:31:00,2022-08-08 08:46:00,2022-08-08 09:01:00,2022-08-08 09:16:00,2022-08-08 09:31:00,2022-08-08 09:46:00,2022-08-08 10:01:00,2022-08-08 10:16:00,2022-08-08 10:31:00,2022-08-08 10:46:00,2022-08-08 11:01:00,2022-08-08 11:16:00,2022-08-08 11:31:00,2022-08-08 11:46:00,2022-08-08 12:01:00,2022-08-08 12:16:00,2022-08-08 12:31:00,2022-08-08 12:46:00,2022-08-08 13:01:00,2022-08-08 13:16:00,2022-08-08 13:31:00,2022-08-08 13:46:00,2022-08-08 14:01:00,2022-08-08 14:16:00,2022-08-08 14:31:00,2022-08-08 14:46:00,2022-08-08 15:01:00,2022-08-08 15:16:00,2022-08-08 15:31:00,2022-08-08 15:46:00,2022-08-08 16:01:00,2022-08-08 16:16:00,2022-08-08 16:31:00,2022-08-08 16:46:00,2022-08-08 17:01:00,2022-08-08 17:16:00,2022-08-08 17:31:00,2022-08-08 17:46:00,2022-08-08 18:01:00,2022-08-08 18:16:00,2022-08-08 18:31:00,2022-08-08 18:46:00,2022-08-08 19:01:00,2022-08-08 19:16:00,2022-08-08 19:31:00,2022-08-08 19:46:00,2022-08-08 20:01:00,2022-08-08 20:16:00,2022-08-08 20:31:00,2022-08-08 20:46:00,2022-08-08 21:01:00,2022-08-08 21:16:00,2022-08-08 21:31:00,2022-08-08 21:46:00,2022-08-08 22:01:00,2022-08-08 22:16:00,2022-08-08 22:31:00,2022-08-08 22:46:00,2022-08-08 23:01:00,2022-08-08 23:16:00,2022-08-08 23:31:00,2022-08-08 23:46:00,2022-08-09 00:01:00
