Timestamp (UTC-07:00),Value (ft^3/s)
7/22/2013 23:59,NaN
7/23/2013 0:00,0.467901639
7/24/2013 0:00,0.146084202
7/25/2013 0:00,0.15994161
7/26/2013 0:00,0.347933435
7/27/2013 0:00,0.80767493
7/28/2013 0:00,0.616515259
7/29/2013 0:00,0.30362803
7/30/2013 0:00,0.225728752
7/31/2013 0:00,0.170499401
8/1/2013 0:00,0.14178498
8/2/2013 0:00,0.271835685
8/3/2013 0:00,0.244801298
8/4/2013 0:00,0.19479106
8/5/2013 0:00,0.293215902
8/6/2013 0:00,0.243276285
8/7/2013 0:00,0.264832001
8/8/2013 0:00,0.296191415
8/9/2013 0:00,0.290854666
8/10/2013 0:00,0.395118156
8/11/2013 0:00,0.446031405
8/12/2013 0:00,0.346283012
8/13/2013 0:00,0.348175453
8/14/2013 0:00,0.275741231
8/15/2013 0:00,0.273352177
8/15/2013 0:00,NaN
9/10/2013 23:59,NaN
9/11/2013 0:00,0.086823357
9/12/2013 0:00,0.372823957
9/13/2013 0:00,0.216968935
9/14/2013 0:00,4.683515374
9/15/2013 0:00,4.023103131
9/16/2013 0:00,0.84273702
9/17/2013 0:00,0.386104395
9/18/2013 0:00,0.217056734
9/19/2013 0:00,0.34091136
9/20/2013 0:00,0.368984024
9/21/2013 0:00,0.171400526
9/22/2013 0:00,0.145394381
9/23/2013 0:00,2.508952134
9/24/2013 0:00,1.455734126
9/25/2013 0:00,0.584876565
9/26/2013 0:00,0.525939958
9/27/2013 0:00,0.543806083
9/28/2013 0:00,1.116966514
9/29/2013 0:00,0.935789172
9/30/2013 0:00,0.683585448
10/1/2013 0:00,0.502154212
10/2/2013 0:00,0.378214649
10/3/2013 0:00,0.366898572
10/4/2013 0:00,0.341267748
10/5/2013 0:00,0.486626694
10/6/2013 0:00,0.45333673
10/7/2013 0:00,0.296775762
10/8/2013 0:00,0.266569325
10/9/2013 0:00,0.219308449
10/10/2013 0:00,0.20337252
10/11/2013 0:00,0.688581806
10/12/2013 0:00,0.733621776
10/13/2013 0:00,0.432255796
10/14/2013 0:00,0.292961196
10/15/2013 0:00,0.369540128
10/16/2013 0:00,0.288212967
10/17/2013 0:00,0.839004442
10/18/2013 0:00,0.512197001
10/19/2013 0:00,0.363778417
10/20/2013 0:00,0.25792397
10/21/2013 0:00,0.187248983
10/22/2013 0:00,0.201916072
10/23/2013 0:00,0.144601779
10/24/2013 0:00,0.110309092
10/25/2013 0:00,0.110741219
10/26/2013 0:00,0.865876846
10/27/2013 0:00,0.458557615
10/28/2013 0:00,0.28871026
10/29/2013 0:00,0.202446651
10/30/2013 0:00,0.162881838
10/31/2013 0:00,0.287449879
11/1/2013 0:00,0.657318479
11/2/2013 0:00,0.471048521
11/3/2013 0:00,0.253825344
11/4/2013 0:00,0.261725258
11/5/2013 0:00,0.274170796
11/6/2013 0:00,1.116795582
11/7/2013 0:00,0.576255517
11/8/2013 0:00,0.436980105
11/9/2013 0:00,0.335337768
11/10/2013 0:00,0.240429676
11/11/2013 0:00,0.21344015
11/12/2013 0:00,0.183753197
11/13/2013 0:00,0.20892339
11/14/2013 0:00,0.1947586
11/15/2013 0:00,0.166904704
11/16/2013 0:00,0.163825962
11/17/2013 0:00,0.557206862
11/18/2013 0:00,0.662958401
11/19/2013 0:00,0.410444754
11/20/2013 0:00,0.285722579
11/21/2013 0:00,0.287393401
11/22/2013 0:00,0.585022755
11/23/2013 0:00,0.847344027
11/24/2013 0:00,0.768664683
11/25/2013 0:00,0.728635598
11/26/2013 0:00,0.572588405
11/27/2013 0:00,0.516194427
11/28/2013 0:00,0.393235367
11/29/2013 0:00,0.270370028
11/30/2013 0:00,0.269397663
12/1/2013 0:00,0.250928423
12/2/2013 0:00,0.28832678
12/3/2013 0:00,0.236804028
12/4/2013 0:00,0.186248038
12/5/2013 0:00,0.274359698
12/6/2013 0:00,0.380627164
12/7/2013 0:00,0.344839103
12/8/2013 0:00,0.267001937
12/9/2013 0:00,0.371478952
12/10/2013 0:00,0.41954709
12/11/2013 0:00,0.216407329
12/12/2013 0:00,0.170695267
12/13/2013 0:00,0.09544199
12/14/2013 0:00,0.101096485
12/15/2013 0:00,0.178388282
12/16/2013 0:00,0.111840445
12/17/2013 0:00,0.078252743
12/18/2013 0:00,0.066213539
12/19/2013 0:00,0.050931004
12/20/2013 0:00,0.040655019
12/21/2013 0:00,0.05789822
12/22/2013 0:00,0.086867718
12/23/2013 0:00,0.176471052
12/24/2013 0:00,0.179543539
12/25/2013 0:00,0.10694679
12/26/2013 0:00,0.165621154
12/27/2013 0:00,0.086254601
12/28/2013 0:00,0.08855483
12/29/2013 0:00,0.058021404
12/30/2013 0:00,0.106472344
12/31/2013 0:00,0.102522996
1/1/2014 0:00,0.106167545
1/2/2014 0:00,0.110911467
1/2/2014 0:00,NaN
2/19/2014 23:59,NaN
2/20/2014 0:00,0.226850896
2/21/2014 0:00,0.317522866
2/22/2014 0:00,0.110334116
2/23/2014 0:00,0.079726824
2/24/2014 0:00,0.097328006
2/25/2014 0:00,0.13035668
2/26/2014 0:00,0.166077179
2/27/2014 0:00,0.208336075
2/28/2014 0:00,0.181071393
3/1/2014 0:00,0.232082558
3/2/2014 0:00,0.133569033
3/3/2014 0:00,0.202793927
3/4/2014 0:00,0.28614471
3/5/2014 0:00,0.22997065
3/6/2014 0:00,0.437264697
3/7/2014 0:00,0.495848864
3/8/2014 0:00,0.459996375
3/9/2014 0:00,0.403807359
3/10/2014 0:00,0.366218112
3/11/2014 0:00,0.474816564
3/12/2014 0:00,0.666689382
3/13/2014 0:00,0.484677325
3/14/2014 0:00,0.328283489
3/15/2014 0:00,0.348856598
3/16/2014 0:00,0.435666132
3/17/2014 0:00,0.521106001
3/18/2014 0:00,0.485926939
3/19/2014 0:00,0.607627856
3/20/2014 0:00,0.479829412
3/21/2014 0:00,0.322010792
3/22/2014 0:00,0.304253237
3/23/2014 0:00,0.379104808
3/24/2014 0:00,0.422314611
3/25/2014 0:00,0.369539642
3/26/2014 0:00,0.301328597
3/27/2014 0:00,0.409611763
3/28/2014 0:00,0.500495043
3/29/2014 0:00,0.474038588
3/30/2014 0:00,0.335182168
3/31/2014 0:00,0.282795138
4/1/2014 0:00,0.317340175
4/2/2014 0:00,0.171214158
4/3/2014 0:00,0.164176781
4/4/2014 0:00,0.399110893
4/5/2014 0:00,0.398302906
4/6/2014 0:00,0.35886189
4/7/2014 0:00,0.297437652
4/8/2014 0:00,0.254338632
4/9/2014 0:00,0.169202114
4/10/2014 0:00,0.113217191
4/11/2014 0:00,0.112013705
4/12/2014 0:00,0.067829691
4/13/2014 0:00,0.082377137
4/14/2014 0:00,0.217618041
4/15/2014 0:00,0.510619747
4/16/2014 0:00,0.277132664
4/17/2014 0:00,0.133579342
4/18/2014 0:00,0.117140552
4/19/2014 0:00,0.059101182
4/20/2014 0:00,0.09803856
4/21/2014 0:00,0.082399583
4/22/2014 0:00,0.053651961
4/22/2014 0:00,NaN
4/23/2014 23:59,NaN
4/24/2014 0:00,0.069981804
4/25/2014 0:00,0.10870752
4/26/2014 0:00,0.045856232
4/27/2014 0:00,0.079178154
4/28/2014 0:00,0.263275145
4/29/2014 0:00,0.684625163
4/30/2014 0:00,0.577753345
5/1/2014 0:00,0.436516505
5/2/2014 0:00,0.397055005
5/3/2014 0:00,0.236337529
5/4/2014 0:00,0.079110062
5/5/2014 0:00,0.051854514
5/5/2014 0:00,NaN
5/7/2014 23:59,NaN
5/8/2014 0:00,0.052371759
5/9/2014 0:00,0.150688594
5/10/2014 0:00,0.06960219
5/10/2014 0:00,NaN
5/11/2014 23:59,NaN
5/12/2014 0:00,0.043372072
5/13/2014 0:00,0.137562492
5/14/2014 0:00,0.230526646
5/15/2014 0:00,0.161746233
5/16/2014 0:00,0.070435071
5/17/2014 0:00,0.032029166
5/17/2014 0:00,NaN
5/23/2014 23:59,NaN
5/24/2014 0:00,0.096334769
5/25/2014 0:00,0.087003675
5/26/2014 0:00,0.255627767
5/27/2014 0:00,0.308493817
5/28/2014 0:00,0.10655018
5/28/2014 0:00,NaN
7/28/2014 23:59,NaN
7/29/2014 0:00,0.633288173
7/30/2014 0:00,0.485209348
7/31/2014 0:00,0.346341415
8/1/2014 0:00,0.238034676
8/2/2014 0:00,2.859870063
8/3/2014 0:00,1.600698258
8/4/2014 0:00,1.002326688
8/5/2014 0:00,2.79520838
8/6/2014 0:00,1.609602954
8/7/2014 0:00,1.012617721
8/8/2014 0:00,0.998336023
8/9/2014 0:00,0.924151355
8/10/2014 0:00,0.794262135
8/11/2014 0:00,0.674981767
8/12/2014 0:00,0.651138259
8/13/2014 0:00,0.985141185
8/14/2014 0:00,0.85332217
8/15/2014 0:00,0.685228733
8/16/2014 0:00,0.350839487
8/17/2014 0:00,0.261314211
8/18/2014 0:00,0.256586407
8/19/2014 0:00,1.561827822
8/20/2014 0:00,0.592242367
8/21/2014 0:00,0.293064255
8/22/2014 0:00,0.175257262
8/23/2014 0:00,0.561929553
8/24/2014 0:00,0.456445761
8/25/2014 0:00,0.150214559
8/26/2014 0:00,0.093327035
8/27/2014 0:00,0.112045806
8/28/2014 0:00,0.423058423
8/29/2014 0:00,0.17867654
8/30/2014 0:00,0.09060372
8/31/2014 0:00,0.030914959
8/31/2014 0:00,NaN
9/5/2014 23:59,NaN
9/6/2014 0:00,0.013263795
9/7/2014 0:00,0.043561661
9/8/2014 0:00,0.034765916
9/9/2014 0:00,0.021975911
9/10/2014 0:00,0.045110275
9/11/2014 0:00,0.099952687
9/12/2014 0:00,0.119268419
9/13/2014 0:00,0.161035221
9/14/2014 0:00,0.16789402
9/15/2014 0:00,0.136081135
9/16/2014 0:00,0.134274552
9/17/2014 0:00,0.142228359
9/18/2014 0:00,0.122374917
9/19/2014 0:00,0.096075472
9/20/2014 0:00,0.089000012
9/21/2014 0:00,0.080405135
9/22/2014 0:00,0.148900408
9/23/2014 0:00,0.132935834
9/24/2014 0:00,0.112588993
9/25/2014 0:00,0.09423011
9/26/2014 0:00,0.097303831
9/27/2014 0:00,0.087032112
9/28/2014 0:00,0.088524945
9/29/2014 0:00,0.097912136
9/30/2014 0:00,0.139978601
10/1/2014 0:00,0.298239038
10/2/2014 0:00,0.150140558
10/3/2014 0:00,0.231338222
10/4/2014 0:00,0.176563544
10/5/2014 0:00,0.133713776
10/6/2014 0:00,0.102378865
10/7/2014 0:00,0.096936194
10/8/2014 0:00,0.083814196
10/9/2014 0:00,0.083395798
10/10/2014 0:00,0.116324174
10/11/2014 0:00,0.685980077
10/12/2014 0:00,0.500874345
10/13/2014 0:00,0.260060063
10/14/2014 0:00,0.271814701
10/15/2014 0:00,0.158823335
10/16/2014 0:00,0.10025747
10/17/2014 0:00,0.095959395
10/18/2014 0:00,0.07732799
10/19/2014 0:00,0.105723301
10/20/2014 0:00,0.108146199
10/21/2014 0:00,0.233496069
10/22/2014 0:00,0.155084469
10/23/2014 0:00,0.126852173
10/24/2014 0:00,0.11401284
10/25/2014 0:00,0.068755963
10/26/2014 0:00,0.06017843
10/27/2014 0:00,0.069442333
10/28/2014 0:00,0.096005789
10/29/2014 0:00,0.123175824
10/30/2014 0:00,0.107703463
10/31/2014 0:00,0.084118831
11/1/2014 0:00,0.136478103
11/2/2014 0:00,0.077782293
11/3/2014 0:00,0.143780602
11/4/2014 0:00,0.51066373
11/5/2014 0:00,0.259913365
11/6/2014 0:00,0.136882468
11/7/2014 0:00,0.116439713
11/8/2014 0:00,0.074751996
11/9/2014 0:00,0.102227205
11/10/2014 0:00,0.058605961
11/11/2014 0:00,0.05240086
11/12/2014 0:00,0.08453831
11/13/2014 0:00,0.125859737
11/14/2014 0:00,0.160791797
11/15/2014 0:00,0.104832024
11/16/2014 0:00,0.141421637
11/17/2014 0:00,0.310319132
11/18/2014 0:00,0.270452325
11/19/2014 0:00,0.232433212
11/20/2014 0:00,0.18071048
11/21/2014 0:00,0.111594325
11/22/2014 0:00,0.088248415
11/23/2014 0:00,0.075807955
11/24/2014 0:00,0.152900724
11/25/2014 0:00,0.253174798
11/26/2014 0:00,0.204793225
11/27/2014 0:00,0.068219833
11/28/2014 0:00,0.018218104
11/28/2014 0:00,NaN
11/30/2014 23:59,NaN
12/1/2014 0:00,0.024183641
12/2/2014 0:00,0.03980146
12/2/2014 0:00,NaN
12/3/2014 23:59,NaN
12/4/2014 0:00,0.005491436
12/4/2014 0:00,NaN
12/5/2014 23:59,NaN
12/6/2014 0:00,0.249688604
12/7/2014 0:00,0.183857701
12/8/2014 0:00,0.132769255
12/9/2014 0:00,0.036126002
12/9/2014 0:00,NaN
12/14/2014 23:59,NaN
12/15/2014 0:00,0.135186043
12/16/2014 0:00,0.094459264
12/17/2014 0:00,0.031559
12/18/2014 0:00,0.04388558
12/19/2014 0:00,0.08820015
12/20/2014 0:00,0.08451502
12/21/2014 0:00,0.041138128
12/22/2014 0:00,0.045426388
12/23/2014 0:00,0.054419508
12/24/2014 0:00,0.122574493
12/25/2014 0:00,0.071932125
12/26/2014 0:00,0.015625054
12/27/2014 0:00,0.09836031
12/27/2014 0:00,NaN
3/5/2015 23:59,NaN
3/6/2015 0:00,0.155507502
3/7/2015 0:00,0.073760191
3/8/2015 0:00,0.058881085
3/9/2015 0:00,0.057898916
3/10/2015 0:00,0.073831004
3/11/2015 0:00,0.082463994
3/12/2015 0:00,0.168110415
3/13/2015 0:00,0.257794825
3/14/2015 0:00,0.414940092
3/15/2015 0:00,0.57764059
3/16/2015 0:00,0.682035453
3/17/2015 0:00,2.649286307
3/18/2015 0:00,3.361605786
3/19/2015 0:00,3.120376678
3/20/2015 0:00,4.473938094
3/21/2015 0:00,3.946843875
3/22/2015 0:00,2.98916793
3/23/2015 0:00,3.478513456
3/24/2015 0:00,3.653373455
3/25/2015 0:00,3.250200119
3/26/2015 0:00,2.874990474
3/27/2015 0:00,2.350503745
3/28/2015 0:00,1.750770897
3/29/2015 0:00,1.719134421
3/30/2015 0:00,2.460630177
3/31/2015 0:00,3.105044209
4/1/2015 0:00,3.340347137
4/2/2015 0:00,3.350407485
4/3/2015 0:00,3.048712886
4/4/2015 0:00,3.059719244
4/5/2015 0:00,2.657880435
4/6/2015 0:00,2.152344995
4/7/2015 0:00,1.91381196
4/8/2015 0:00,1.870341137
4/9/2015 0:00,1.743614684
4/10/2015 0:00,1.788516459
4/11/2015 0:00,1.584054334
4/12/2015 0:00,1.401236628
4/13/2015 0:00,1.25594322
4/14/2015 0:00,1.285359237
4/15/2015 0:00,1.241225032
4/16/2015 0:00,1.151316555
4/17/2015 0:00,1.272397238
4/18/2015 0:00,1.389606727
4/19/2015 0:00,1.919566786
4/20/2015 0:00,1.355539961
4/21/2015 0:00,1.051076452
4/22/2015 0:00,0.779564772
4/23/2015 0:00,0.866390699
4/24/2015 0:00,0.666972264
4/25/2015 0:00,0.687946179
4/26/2015 0:00,0.674638787
4/27/2015 0:00,1.264239128
4/28/2015 0:00,1.668581909
4/29/2015 0:00,1.786944094
4/30/2015 0:00,1.095291592
5/1/2015 0:00,0.678801425
5/2/2015 0:00,0.504710564
5/3/2015 0:00,0.497593244
5/4/2015 0:00,0.700945729
5/5/2015 0:00,0.923622662
5/6/2015 0:00,1.542880556
5/7/2015 0:00,1.491669403
5/8/2015 0:00,1.015856233
5/9/2015 0:00,0.755342035
5/10/2015 0:00,1.021932882
5/11/2015 0:00,1.034082242
5/12/2015 0:00,0.71845809
5/13/2015 0:00,0.667308243
5/14/2015 0:00,1.795390318
5/15/2015 0:00,0.761773412
5/16/2015 0:00,1.334771722
5/17/2015 0:00,2.697186137
5/18/2015 0:00,3.422794706
5/19/2015 0:00,2.455546494
5/20/2015 0:00,6.095943916
5/21/2015 0:00,3.26628984
5/22/2015 0:00,3.94164717
5/23/2015 0:00,7.260380598
5/24/2015 0:00,5.105627695
5/25/2015 0:00,4.255879251
5/26/2015 0:00,3.612994031
5/27/2015 0:00,3.03949056
5/28/2015 0:00,2.429594552
5/29/2015 0:00,2.002536261
5/30/2015 0:00,1.7553686
5/31/2015 0:00,1.617583591
6/1/2015 0:00,1.357785971
6/2/2015 0:00,1.177720235
6/3/2015 0:00,1.029463803
6/4/2015 0:00,0.814919456
6/5/2015 0:00,0.701852573
6/6/2015 0:00,0.753227149
6/7/2015 0:00,1.009045261
6/8/2015 0:00,1.076038183
6/9/2015 0:00,0.758710049
6/10/2015 0:00,0.851486165
6/11/2015 0:00,1.230611665
6/12/2015 0:00,0.86374627
6/13/2015 0:00,0.644525704
6/14/2015 0:00,4.306355342
6/15/2015 0:00,2.577549201
6/16/2015 0:00,1.670826088
6/17/2015 0:00,1.245410743
6/18/2015 0:00,0.933577059
6/19/2015 0:00,0.690798089
6/20/2015 0:00,0.593360853
6/21/2015 0:00,0.474161286
6/22/2015 0:00,0.301620497
6/23/2015 0:00,0.26670812
6/24/2015 0:00,0.28486987
6/25/2015 0:00,0.316154532
6/26/2015 0:00,0.334211385
6/27/2015 0:00,0.310040037
6/28/2015 0:00,0.475978234
6/29/2015 0:00,0.617236402
6/30/2015 0:00,0.457065409
7/1/2015 0:00,0.37989575
7/2/2015 0:00,0.569319675
7/2/2015 0:00,NaN
11/22/2016 23:59,NaN
11/23/2016 0:00,0.604961584
11/24/2016 0:00,0.290182438
11/25/2016 0:00,0.290530819
11/26/2016 0:00,0.208568698
11/27/2016 0:00,0.081088651
11/28/2016 0:00,0.165914332
11/29/2016 0:00,0.225329759
11/30/2016 0:00,0.326645183
12/1/2016 0:00,0.305690879
12/2/2016 0:00,0.207323848
12/3/2016 0:00,0.217528949
12/4/2016 0:00,0.185685958
12/5/2016 0:00,0.14217824
12/6/2016 0:00,0.115474219
12/7/2016 0:00,0.137449452
12/8/2016 0:00,0.294421401
12/9/2016 0:00,0.249627691
12/10/2016 0:00,0.154908135
12/11/2016 0:00,0.067312256
12/12/2016 0:00,0.139407311
12/13/2016 0:00,0.126612765
12/14/2016 0:00,0.135123602
12/15/2016 0:00,0.124826144
12/16/2016 0:00,0.083554567
12/17/2016 0:00,0.151753727
12/18/2016 0:00,0.642996547
12/19/2016 0:00,0.571465576
12/20/2016 0:00,0.33245812
12/20/2016 0:00,NaN
3/18/2017 23:59,NaN
3/19/2017 0:00,8.395838602
3/20/2017 0:00,9.898086936
3/21/2017 0:00,10.96595919
3/22/2017 0:00,11.69374036
3/23/2017 0:00,10.19231443
3/24/2017 0:00,9.755016764
3/25/2017 0:00,12.46416124
3/26/2017 0:00,9.836418993
3/27/2017 0:00,10.0856537
3/28/2017 0:00,7.59774316
3/29/2017 0:00,7.425797016
3/30/2017 0:00,8.720086459
3/31/2017 0:00,6.317582673
4/1/2017 0:00,5.77080765
4/2/2017 0:00,6.090012444
4/3/2017 0:00,7.106424507
4/4/2017 0:00,7.547141339
4/5/2017 0:00,7.393503595
4/6/2017 0:00,6.980084957
4/7/2017 0:00,6.326124605
4/8/2017 0:00,5.313439386
4/9/2017 0:00,4.950140614
4/10/2017 0:00,5.574648812
4/11/2017 0:00,5.567619532
4/12/2017 0:00,5.155898433
4/13/2017 0:00,4.858455875
4/14/2017 0:00,4.955463397
4/15/2017 0:00,5.866764146
4/16/2017 0:00,6.777920028
4/17/2017 0:00,6.532501051
4/18/2017 0:00,6.197279614
4/19/2017 0:00,5.848591332
4/20/2017 0:00,5.899338177
4/21/2017 0:00,5.576308656
4/22/2017 0:00,5.501913622
4/23/2017 0:00,4.726852095
4/24/2017 0:00,3.680361555
4/25/2017 0:00,2.9351569
4/26/2017 0:00,4.442541336
4/27/2017 0:00,3.921516857
4/28/2017 0:00,3.088656714
4/29/2017 0:00,3.147290183
4/30/2017 0:00,3.338820048
5/1/2017 0:00,3.143933345
5/2/2017 0:00,2.768885465
5/3/2017 0:00,1.719631797
5/4/2017 0:00,1.405553374
5/5/2017 0:00,1.031893521
5/6/2017 0:00,0.78150718
5/7/2017 0:00,0.739653659
5/8/2017 0:00,0.806966289
5/9/2017 0:00,0.8114749
5/10/2017 0:00,3.111804083
5/11/2017 0:00,4.629511841
5/12/2017 0:00,3.616992657
5/13/2017 0:00,1.845007203
5/14/2017 0:00,1.292343464
5/15/2017 0:00,1.197216165
5/16/2017 0:00,1.0500218
5/17/2017 0:00,1.145487462
5/18/2017 0:00,1.130085513
5/19/2017 0:00,1.096516957
5/20/2017 0:00,1.482753739
5/21/2017 0:00,1.127164569
5/22/2017 0:00,0.701074453
5/23/2017 0:00,0.548573152
5/24/2017 0:00,0.467571238
5/25/2017 0:00,0.272133303
5/26/2017 0:00,0.199607675
5/27/2017 0:00,0.186574239
5/28/2017 0:00,0.191550525
5/29/2017 0:00,0.169454892
5/30/2017 0:00,0.192019788
5/31/2017 0:00,0.231701183
6/1/2017 0:00,0.201209436
6/2/2017 0:00,0.298769726
6/3/2017 0:00,0.198322528
6/4/2017 0:00,0.131916071
6/5/2017 0:00,0.059752642
6/5/2017 0:00,NaN
7/17/2017 23:59,NaN
7/18/2017 0:00,0.207292942
7/19/2017 0:00,0.037600707
7/19/2017 0:00,NaN
7/28/2017 23:59,NaN
7/29/2017 0:00,0.02959893
7/29/2017 0:00,NaN
7/31/2017 23:59,NaN
8/1/2017 0:00,1.593692719
8/2/2017 0:00,0.412616491
8/3/2017 0:00,0.078073192
8/3/2017 0:00,NaN
8/5/2017 23:59,NaN
8/6/2017 0:00,0.069986094
8/6/2017 0:00,NaN
8/22/2017 23:59,NaN
8/23/2017 0:00,0.367018763
8/24/2017 0:00,0.195022401
8/25/2017 0:00,0.235597419
8/26/2017 0:00,0.044394873
8/26/2017 0:00,NaN
9/1/2017 23:59,NaN
9/2/2017 0:00,0.174191854
9/3/2017 0:00,0.067447295
9/3/2017 0:00,NaN
9/4/2017 23:59,NaN
9/5/2017 0:00,0.031740943
9/5/2017 0:00,NaN
9/8/2017 23:59,NaN
9/9/2017 0:00,0.577394782
9/10/2017 0:00,0.270289848
9/11/2017 0:00,0.044073933
9/11/2017 0:00,NaN
9/12/2017 23:59,NaN
9/13/2017 0:00,0.022622601
9/14/2017 0:00,0.024266697
9/15/2017 0:00,0.011919611
9/15/2017 0:00,NaN
9/24/2017 23:59,NaN
9/25/2017 0:00,0.025384962
9/25/2017 0:00,NaN
9/27/2017 23:59,NaN
9/28/2017 0:00,0.948140755
9/29/2017 0:00,1.240687282
9/30/2017 0:00,0.259919671
10/1/2017 0:00,1.204989901
10/2/2017 0:00,0.714417963
10/3/2017 0:00,0.29647136
10/4/2017 0:00,0.28822682
10/5/2017 0:00,0.277103099
10/6/2017 0:00,0.786669369
10/7/2017 0:00,0.817657199
10/8/2017 0:00,0.416112219
10/9/2017 0:00,0.319287645
10/10/2017 0:00,0.489243459
10/11/2017 0:00,0.511256526
10/12/2017 0:00,0.361949884
10/13/2017 0:00,0.272860328
10/14/2017 0:00,0.26103435
10/15/2017 0:00,0.303028155
10/16/2017 0:00,0.286925067
10/17/2017 0:00,0.239836734
10/18/2017 0:00,0.330926201
10/19/2017 0:00,0.186402801
10/20/2017 0:00,0.172116778
10/21/2017 0:00,0.185105617
10/22/2017 0:00,0.299310911
10/23/2017 0:00,0.221521606
10/24/2017 0:00,0.171780674
10/25/2017 0:00,0.223878446
10/26/2017 0:00,0.168848831
10/27/2017 0:00,0.142610799
10/28/2017 0:00,0.228797514
10/29/2017 0:00,0.193830147
10/30/2017 0:00,0.131609795
10/31/2017 0:00,0.153522421
11/1/2017 0:00,0.203977246
11/2/2017 0:00,0.177666406
11/3/2017 0:00,0.175995546
11/4/2017 0:00,0.189235571
11/5/2017 0:00,0.147502118
11/6/2017 0:00,0.182459012
11/7/2017 0:00,0.185767087
11/8/2017 0:00,0.264032705
11/9/2017 0:00,0.400477185
11/10/2017 0:00,0.176389726
11/11/2017 0:00,0.132477357
11/12/2017 0:00,0.165941936
11/13/2017 0:00,0.152287594
11/14/2017 0:00,0.123587481
11/15/2017 0:00,0.131499219
11/16/2017 0:00,0.137126886
11/17/2017 0:00,0.101762962
11/18/2017 0:00,0.123329703
11/18/2017 0:00,NaN
11/19/2017 23:59,NaN
11/20/2017 0:00,0.155950596
11/21/2017 0:00,0.097126958
11/22/2017 0:00,0.08364214
11/23/2017 0:00,0.09411113
11/24/2017 0:00,0.072401809
11/25/2017 0:00,0.083404804
11/26/2017 0:00,0.092182584
11/27/2017 0:00,0.054532261
11/28/2017 0:00,0.042423201
11/29/2017 0:00,0.142295399
11/30/2017 0:00,0.124651041
12/1/2017 0:00,0.105257368
12/2/2017 0:00,0.135254928
12/3/2017 0:00,0.120411611
12/4/2017 0:00,0.097273523
12/5/2017 0:00,0.211636495
12/6/2017 0:00,0.218994924
12/7/2017 0:00,0.212536033
12/8/2017 0:00,0.340873529
12/9/2017 0:00,0.176515649
12/10/2017 0:00,0.111611417
12/11/2017 0:00,0.096181657
12/12/2017 0:00,0.047219634
12/13/2017 0:00,0.049804636
12/14/2017 0:00,0.020744211
12/15/2017 0:00,0.079089973
12/16/2017 0:00,0.063147671
12/16/2017 0:00,NaN
3/22/2018 23:59,NaN
3/23/2018 0:00,0.668104415
3/24/2018 0:00,0.821833977
3/25/2018 0:00,0.740936991
3/26/2018 0:00,0.657230374
3/27/2018 0:00,0.672881544
3/28/2018 0:00,0.765058404
3/29/2018 0:00,0.860986289
3/30/2018 0:00,1.061772648
3/31/2018 0:00,0.870707017
4/1/2018 0:00,0.684590743
4/2/2018 0:00,0.611902447
4/3/2018 0:00,0.5629364
4/4/2018 0:00,0.684107884
4/5/2018 0:00,0.577171029
4/6/2018 0:00,0.582525061
4/7/2018 0:00,0.508950171
4/8/2018 0:00,0.49969197
4/9/2018 0:00,0.674236778
4/10/2018 0:00,0.680203626
4/11/2018 0:00,0.576149071
4/12/2018 0:00,0.412727414
4/13/2018 0:00,0.369124546
4/14/2018 0:00,0.769929331
4/15/2018 0:00,0.66134784
4/16/2018 0:00,0.474532168
4/17/2018 0:00,0.358862495
4/18/2018 0:00,0.432413766
4/19/2018 0:00,0.485613294
4/20/2018 0:00,0.407795171
4/20/2018 0:00,NaN
4/24/2018 23:59,NaN
4/25/2018 0:00,0.24397828
4/26/2018 0:00,0.292256836
4/27/2018 0:00,0.261704
4/28/2018 0:00,0.279237013
4/29/2018 0:00,0.203643823
4/30/2018 0:00,0.163860529
4/30/2018 0:00,NaN
5/8/2018 23:59,NaN
5/9/2018 0:00,0.237539857
5/10/2018 0:00,0.186990439
5/11/2018 0:00,0.175026489
5/12/2018 0:00,0.188124839
5/13/2018 0:00,0.191361447
5/14/2018 0:00,0.224487369
5/15/2018 0:00,0.229646249
5/16/2018 0:00,0.21721406
5/17/2018 0:00,0.17993284
5/18/2018 0:00,0.15120202
5/19/2018 0:00,0.178878874
5/20/2018 0:00,0.173482322
5/21/2018 0:00,0.210387799
5/22/2018 0:00,0.234319545
5/23/2018 0:00,0.232806141
5/24/2018 0:00,0.219843594
5/25/2018 0:00,0.214479769
5/26/2018 0:00,0.164315296
5/27/2018 0:00,0.162884301
5/28/2018 0:00,0.172390362
5/29/2018 0:00,0.179515158
5/30/2018 0:00,0.175089176
5/31/2018 0:00,0.144624714
6/1/2018 0:00,0.150484391
6/2/2018 0:00,0.182086788
6/3/2018 0:00,0.1576361
6/4/2018 0:00,0.212724888
6/5/2018 0:00,0.137361635
6/6/2018 0:00,0.101282986
6/7/2018 0:00,0.106682525
6/8/2018 0:00,0.11434436
6/9/2018 0:00,0.113726712
6/10/2018 0:00,0.106957923
6/11/2018 0:00,0.117240261
6/12/2018 0:00,0.091486048
6/13/2018 0:00,0.055957491
6/14/2018 0:00,0.095778538
6/15/2018 0:00,0.094347928
6/16/2018 0:00,0.067357023
6/17/2018 0:00,0.157283617
6/18/2018 0:00,0.21513252
6/19/2018 0:00,0.175825497
6/20/2018 0:00,0.148523005
6/21/2018 0:00,0.144014269
6/22/2018 0:00,0.120156485
6/23/2018 0:00,0.102010731
6/24/2018 0:00,0.110488158
6/25/2018 0:00,0.1327055
6/26/2018 0:00,0.133801088
6/27/2018 0:00,0.086703031
6/28/2018 0:00,0.062504836
6/29/2018 0:00,0.072115117
6/30/2018 0:00,0.108372191
7/1/2018 0:00,0.129109775
7/2/2018 0:00,0.091687977
7/3/2018 0:00,0.092317394
7/4/2018 0:00,0.106430858
7/5/2018 0:00,0.10879403
7/6/2018 0:00,0.186988319
7/7/2018 0:00,0.213078106
7/8/2018 0:00,0.145462316
7/9/2018 0:00,0.167776543
7/10/2018 0:00,0.176335384
7/11/2018 0:00,0.17252228
7/12/2018 0:00,0.160644973
7/13/2018 0:00,0.17064152
7/14/2018 0:00,0.161893998
7/15/2018 0:00,0.152430907
7/16/2018 0:00,0.139551403
7/16/2018 0:00,NaN
7/19/2018 23:59,NaN
7/20/2018 0:00,0.198075093
7/21/2018 0:00,0.170440869
7/22/2018 0:00,0.142539765
7/23/2018 0:00,0.13347096
7/24/2018 0:00,0.168708729
7/25/2018 0:00,0.218766161
7/26/2018 0:00,0.208273747
7/27/2018 0:00,0.261085412
7/28/2018 0:00,0.300261265
7/29/2018 0:00,0.268685615
7/30/2018 0:00,0.212755243
7/31/2018 0:00,0.228885737
8/1/2018 0:00,0.265613866
8/2/2018 0:00,0.220167703
8/3/2018 0:00,0.222939688
8/4/2018 0:00,0.231884106
8/5/2018 0:00,0.176633995
8/6/2018 0:00,0.183319377
8/7/2018 0:00,0.160624276
8/8/2018 0:00,0.14883333
8/9/2018 0:00,0.158459698
8/10/2018 0:00,0.215284981
8/11/2018 0:00,0.228100473
8/12/2018 0:00,0.219746592
8/13/2018 0:00,0.197653319
8/14/2018 0:00,0.149687978
8/15/2018 0:00,0.10340809
8/16/2018 0:00,0.136596807
8/17/2018 0:00,0.137387266
8/18/2018 0:00,0.232119325
8/19/2018 0:00,0.252307156
8/20/2018 0:00,0.224693958
8/21/2018 0:00,0.255919363
8/22/2018 0:00,0.246445913
8/23/2018 0:00,0.299038128
8/24/2018 0:00,0.245089576
8/25/2018 0:00,0.195607478
8/26/2018 0:00,0.225160502
8/27/2018 0:00,0.248536965
8/28/2018 0:00,0.249593052
8/29/2018 0:00,0.2349691
8/30/2018 0:00,0.194631986
8/31/2018 0:00,0.172011102
9/1/2018 0:00,0.169454022
9/2/2018 0:00,0.29338811
9/3/2018 0:00,0.266060837
9/4/2018 0:00,0.28107169
9/5/2018 0:00,0.258398979
9/6/2018 0:00,0.269639992
9/7/2018 0:00,0.303054341
9/8/2018 0:00,0.255974164
9/9/2018 0:00,0.221253467
9/10/2018 0:00,0.181646162
9/11/2018 0:00,0.162181227
9/12/2018 0:00,0.153808751
9/13/2018 0:00,0.152797812
9/14/2018 0:00,0.156805123
9/15/2018 0:00,0.123154976
9/16/2018 0:00,0.12317914
9/17/2018 0:00,0.119793443
9/18/2018 0:00,0.090293295
9/19/2018 0:00,0.082042664
9/20/2018 0:00,0.103132569
9/21/2018 0:00,0.200826097
9/22/2018 0:00,0.227457222
9/23/2018 0:00,0.223538687
9/24/2018 0:00,0.174092012
9/25/2018 0:00,0.177565784
9/26/2018 0:00,0.192123837
9/27/2018 0:00,0.246613218
9/28/2018 0:00,0.188590574
9/29/2018 0:00,0.137089004
9/30/2018 0:00,0.132292626
10/1/2018 0:00,0.128470635
10/2/2018 0:00,0.135092746
10/3/2018 0:00,0.157517528
10/4/2018 0:00,0.171692256
10/5/2018 0:00,0.182793846
10/6/2018 0:00,0.210966472
10/7/2018 0:00,0.179639727
10/8/2018 0:00,0.216647626
10/9/2018 0:00,0.361275302
10/10/2018 0:00,0.364523257
10/11/2018 0:00,0.361636246
10/12/2018 0:00,0.312430416
10/13/2018 0:00,0.29605168
10/14/2018 0:00,0.275380108
10/15/2018 0:00,0.348397576
10/16/2018 0:00,0.5656354
10/17/2018 0:00,0.532628726
10/17/2018 0:00,NaN
6/26/2019 23:59,NaN
6/27/2019 0:00,0.216527285
6/28/2019 0:00,0.246143278
6/29/2019 0:00,0.215077646
6/30/2019 0:00,0.214890678
7/1/2019 0:00,0.196361529
7/2/2019 0:00,0.222261962
7/3/2019 0:00,0.478096406
7/4/2019 0:00,0.398188189
7/5/2019 0:00,0.314219445
7/6/2019 0:00,0.282364345
7/7/2019 0:00,0.394698163
7/8/2019 0:00,0.556814399
7/9/2019 0:00,0.596242963
7/10/2019 0:00,0.41546906
7/11/2019 0:00,0.297642476
7/12/2019 0:00,0.32018781
7/12/2019 0:00,NaN
7/16/2019 23:59,NaN
7/17/2019 0:00,0.225059919
7/17/2019 0:00,NaN
7/26/2019 23:59,NaN
7/27/2019 0:00,0.829988877
7/27/2019 0:00,NaN
8/1/2019 23:59,NaN
8/2/2019 0:00,0.290114933
8/3/2019 0:00,0.289918478
8/4/2019 0:00,1.00397955
8/5/2019 0:00,0.954655158
8/5/2019 0:00,NaN
8/6/2019 23:59,NaN
8/7/2019 0:00,0.394281902
8/8/2019 0:00,0.347782446
8/9/2019 0:00,0.289593207
8/10/2019 0:00,0.326953101
8/11/2019 0:00,0.397115416
8/12/2019 0:00,0.431398487
8/13/2019 0:00,0.445810804
8/14/2019 0:00,0.340743567
8/15/2019 0:00,0.356406629
8/16/2019 0:00,0.315816694
8/17/2019 0:00,0.270800202
8/18/2019 0:00,0.261690603
8/19/2019 0:00,0.222424498
8/20/2019 0:00,0.191091844
8/21/2019 0:00,0.202988105
8/22/2019 0:00,0.202061978
8/23/2019 0:00,0.185138242
8/24/2019 0:00,0.16383955
8/25/2019 0:00,0.157966482
8/25/2019 0:00,NaN
8/26/2019 23:59,NaN
8/27/2019 0:00,0.102741253
8/28/2019 0:00,0.124337015
8/29/2019 0:00,0.147347835
8/30/2019 0:00,0.112124634
8/31/2019 0:00,0.091535356
9/1/2019 0:00,0.126353156
9/2/2019 0:00,0.137207803
9/3/2019 0:00,0.119291413
9/4/2019 0:00,0.090501139
9/5/2019 0:00,0.126994403
9/6/2019 0:00,0.11262497
9/7/2019 0:00,0.083756305
9/8/2019 0:00,0.111287268
9/9/2019 0:00,0.112777427
9/10/2019 0:00,0.127084123
9/11/2019 0:00,0.12104663
9/12/2019 0:00,0.163407361
9/13/2019 0:00,0.192973867
9/14/2019 0:00,0.167704055
9/15/2019 0:00,0.16428334
9/16/2019 0:00,0.211825
9/17/2019 0:00,0.34394977
9/18/2019 0:00,0.36626344
9/19/2019 0:00,0.328907279
9/20/2019 0:00,0.301351701
9/21/2019 0:00,0.299232674
9/22/2019 0:00,0.331562013
9/23/2019 0:00,0.365462916
9/24/2019 0:00,0.361348084
9/25/2019 0:00,0.350590988
9/26/2019 0:00,0.278831946
9/27/2019 0:00,0.277752394
9/28/2019 0:00,0.307589086
9/28/2019 0:00,NaN
9/29/2019 23:59,NaN
9/30/2019 0:00,0.257349748
9/30/2019 0:00,NaN
10/3/2019 23:59,NaN
10/4/2019 0:00,0.273051096
10/5/2019 0:00,0.382571676
10/6/2019 0:00,0.472085064
10/7/2019 0:00,0.45852649
10/8/2019 0:00,0.469879014
10/9/2019 0:00,0.364310659
10/10/2019 0:00,0.334658033
10/11/2019 0:00,0.520018265
10/12/2019 0:00,0.589284771
10/13/2019 0:00,0.431071494
10/14/2019 0:00,0.357604396
10/15/2019 0:00,0.331090809
10/16/2019 0:00,0.340860468
10/17/2019 0:00,0.313561351
10/18/2019 0:00,0.258792521
10/19/2019 0:00,0.31553812
10/20/2019 0:00,0.323149771
10/21/2019 0:00,0.484421962
10/22/2019 0:00,0.585455489
10/23/2019 0:00,0.377649497
10/24/2019 0:00,0.287169718
10/25/2019 0:00,0.491209271
10/26/2019 0:00,0.385941466
10/27/2019 0:00,0.198037171
10/28/2019 0:00,0.169508163
10/29/2019 0:00,0.426807211
10/30/2019 0:00,0.320434419
10/31/2019 0:00,0.676547646
11/1/2019 0:00,0.381451906
11/2/2019 0:00,0.316328516
11/3/2019 0:00,0.322949119
11/4/2019 0:00,0.247539058
11/5/2019 0:00,0.228963512
11/6/2019 0:00,0.209098163
11/7/2019 0:00,0.206903999
11/8/2019 0:00,0.26074044
11/9/2019 0:00,0.226460636
11/10/2019 0:00,0.148717996
11/11/2019 0:00,0.140780979
11/12/2019 0:00,0.227835661
11/13/2019 0:00,0.288338389
11/14/2019 0:00,0.157143994
11/15/2019 0:00,0.234600775
11/16/2019 0:00,0.146708038
11/17/2019 0:00,0.142388065
11/18/2019 0:00,0.167888639
11/19/2019 0:00,0.120145649
11/20/2019 0:00,0.091735281
11/21/2019 0:00,0.152380583
11/22/2019 0:00,0.339508046
11/23/2019 0:00,0.476387774
11/24/2019 0:00,0.383549445
11/25/2019 0:00,0.341963876
11/26/2019 0:00,0.314766675
11/27/2019 0:00,0.666925326
11/28/2019 0:00,0.495289004
11/29/2019 0:00,0.397990421
11/30/2019 0:00,0.623122668
11/30/2019 0:00,NaN
12/1/2019 23:59,NaN
12/2/2019 0:00,0.834432156
12/3/2019 0:00,0.726170328
12/4/2019 0:00,0.720830773
12/5/2019 0:00,0.734338637
12/6/2019 0:00,0.931082957
12/7/2019 0:00,0.905660896
12/8/2019 0:00,0.773070874
12/9/2019 0:00,0.787221032
12/10/2019 0:00,0.895593963
12/11/2019 0:00,0.919700894
12/12/2019 0:00,0.820325121
12/13/2019 0:00,0.869802129
12/14/2019 0:00,0.847854108
12/15/2019 0:00,0.693219686
12/16/2019 0:00,0.795540521
12/17/2019 0:00,1.156507359
12/18/2019 0:00,1.133829989
12/19/2019 0:00,0.868830345
12/20/2019 0:00,0.909958381
12/21/2019 0:00,0.848325842
12/22/2019 0:00,0.653676936
12/23/2019 0:00,0.577706051
12/24/2019 0:00,0.587030201
12/25/2019 0:00,0.633332116
12/26/2019 0:00,0.766135241
12/27/2019 0:00,0.780083155
12/28/2019 0:00,0.664562382
12/29/2019 0:00,0.842005493
12/30/2019 0:00,1.166881887
12/31/2019 0:00,1.02085301
1/1/2020 0:00,0.858635546
1/2/2020 0:00,0.781313183
1/3/2020 0:00,0.75132906
1/4/2020 0:00,0.761202411
1/5/2020 0:00,0.57892431
1/6/2020 0:00,0.547830067
1/7/2020 0:00,0.739164181
1/8/2020 0:00,0.575605175
1/9/2020 0:00,0.782557477
1/10/2020 0:00,0.868129967
1/11/2020 0:00,0.667742992
1/12/2020 0:00,1.07871049
1/13/2020 0:00,0.926481081
1/14/2020 0:00,0.699312626
1/15/2020 0:00,0.6813792
1/16/2020 0:00,0.706565099
1/17/2020 0:00,0.460298991
1/18/2020 0:00,0.350040439
1/19/2020 0:00,0.344546048
1/20/2020 0:00,0.404444482
1/21/2020 0:00,0.417667264
1/22/2020 0:00,0.235391459
1/23/2020 0:00,0.269531971
1/24/2020 0:00,0.277353532
1/25/2020 0:00,0.270386088
1/26/2020 0:00,0.325665686
1/27/2020 0:00,0.250575967
1/28/2020 0:00,0.316350323
1/29/2020 0:00,0.320314753
1/30/2020 0:00,0.406377992
1/31/2020 0:00,0.369966202
2/1/2020 0:00,0.435492938
2/2/2020 0:00,0.233688245
2/3/2020 0:00,0.136250937
2/4/2020 0:00,0.145520396
2/5/2020 0:00,0.389606996
2/6/2020 0:00,0.821484568
2/6/2020 0:00,NaN
3/13/2021 23:59,NaN
3/14/2021 0:00,0.84600038
3/15/2021 0:00,0.987438126
3/16/2021 0:00,0.733377699
3/17/2021 0:00,0.685700001
3/18/2021 0:00,0.863524473
3/19/2021 0:00,0.775578373
3/20/2021 0:00,0.886019472
3/21/2021 0:00,1.089368703
3/22/2021 0:00,1.471967091
3/23/2021 0:00,1.410574067
3/24/2021 0:00,1.091024428
3/25/2021 0:00,1.173721441
3/26/2021 0:00,1.04852434
3/27/2021 0:00,0.991699848
3/28/2021 0:00,0.959268226
3/29/2021 0:00,1.016393286
3/30/2021 0:00,1.10093333
3/31/2021 0:00,1.605612861
4/1/2021 0:00,1.581690041
4/2/2021 0:00,1.299655403
4/3/2021 0:00,1.205945948
4/4/2021 0:00,1.127520971
4/5/2021 0:00,0.994758382
4/6/2021 0:00,0.764138608
4/7/2021 0:00,0.929583548
4/8/2021 0:00,0.935140133
4/9/2021 0:00,0.623147925
4/10/2021 0:00,0.696829734
4/11/2021 0:00,0.599361878
4/12/2021 0:00,0.501017419
4/13/2021 0:00,0.494566604
4/14/2021 0:00,0.626601614
4/15/2021 0:00,0.515253194
4/16/2021 0:00,0.503915312
4/17/2021 0:00,0.68107419
4/18/2021 0:00,0.824719084
4/19/2021 0:00,0.781845469
4/20/2021 0:00,0.58288823
4/21/2021 0:00,0.582942766
4/22/2021 0:00,0.523985181
4/23/2021 0:00,0.482031558
4/24/2021 0:00,0.617893502
4/25/2021 0:00,0.468441234
4/26/2021 0:00,0.388253225
4/27/2021 0:00,0.36600657
4/28/2021 0:00,0.553309602
4/29/2021 0:00,0.774646474
4/30/2021 0:00,0.785385169
5/1/2021 0:00,0.605409975
5/2/2021 0:00,0.419347899
5/3/2021 0:00,0.408276489
5/4/2021 0:00,0.641981673
5/5/2021 0:00,0.905436374
5/6/2021 0:00,0.673388182
5/7/2021 0:00,0.489644682
5/8/2021 0:00,0.390406338
5/9/2021 0:00,0.464495747
5/10/2021 0:00,0.469484677
5/11/2021 0:00,0.445958407
5/12/2021 0:00,0.531830881
5/13/2021 0:00,0.635222284
5/14/2021 0:00,0.585438052
5/15/2021 0:00,0.559339916
5/16/2021 0:00,0.551720636
5/17/2021 0:00,0.547020931
5/18/2021 0:00,0.550313457
5/19/2021 0:00,0.544023175
5/20/2021 0:00,0.538810426
5/21/2021 0:00,0.534634211
5/22/2021 0:00,0.531948437
5/23/2021 0:00,0.518120797
5/24/2021 0:00,0.517216609
5/25/2021 0:00,0.507541453
5/26/2021 0:00,0.505148043
5/27/2021 0:00,0.487513285
5/28/2021 0:00,0.462671297
5/29/2021 0:00,0.467047041
5/30/2021 0:00,0.471447954
5/31/2021 0:00,0.472190355
6/1/2021 0:00,0.463064053
6/2/2021 0:00,0.45684625
6/3/2021 0:00,0.44605787
6/4/2021 0:00,0.442310311
6/5/2021 0:00,0.428986297
6/6/2021 0:00,0.425207342
6/7/2021 0:00,0.438008216
6/8/2021 0:00,0.414706411
6/9/2021 0:00,0.407494318
6/10/2021 0:00,0.39940492
6/11/2021 0:00,0.388874158
6/12/2021 0:00,0.385215327
6/13/2021 0:00,0.382950408
6/14/2021 0:00,0.367771362
6/15/2021 0:00,0.363863862
6/16/2021 0:00,0.368573707
6/17/2021 0:00,0.355947499
6/18/2021 0:00,0.354888669
6/19/2021 0:00,0.349599472
6/20/2021 0:00,0.341846305
6/21/2021 0:00,0.321954882
6/22/2021 0:00,0.317366922
6/23/2021 0:00,0.316077846
6/24/2021 0:00,0.316904121
6/25/2021 0:00,0.323509536
6/26/2021 0:00,0.330969301
6/27/2021 0:00,0.309689066
6/28/2021 0:00,0.332632062
6/29/2021 0:00,0.352944437
6/30/2021 0:00,0.355604404
7/1/2021 0:00,0.347715474
7/2/2021 0:00,0.355274585
7/3/2021 0:00,0.357267919
7/4/2021 0:00,0.339390966
7/5/2021 0:00,0.322280868
7/6/2021 0:00,0.332365267
7/7/2021 0:00,0.335789489
7/8/2021 0:00,0.335913423
7/9/2021 0:00,0.325277283
7/10/2021 0:00,0.336835626
7/11/2021 0:00,0.337672471
7/12/2021 0:00,0.336997611
7/13/2021 0:00,0.336772144
7/14/2021 0:00,0.343947548
7/15/2021 0:00,0.338765813
7/16/2021 0:00,0.344036231
7/17/2021 0:00,0.395588806
7/18/2021 0:00,0.414234619
7/19/2021 0:00,0.418521806
7/20/2021 0:00,0.417755442
7/21/2021 0:00,0.447525645
7/22/2021 0:00,0.45220552
7/23/2021 0:00,0.462452655
7/24/2021 0:00,3.570150836
7/25/2021 0:00,1.6452698
7/26/2021 0:00,0.834808681
7/27/2021 0:00,0.656321223
7/28/2021 0:00,0.634506146
7/29/2021 0:00,0.632832317
7/30/2021 0:00,0.54092227
7/31/2021 0:00,0.508174194
8/1/2021 0:00,0.507006366
8/2/2021 0:00,0.513030911
8/3/2021 0:00,0.521975187
8/4/2021 0:00,0.523814472
8/5/2021 0:00,0.523920729
8/6/2021 0:00,0.534474447
8/7/2021 0:00,0.538923416
8/8/2021 0:00,0.542352702
8/9/2021 0:00,0.53794972
8/10/2021 0:00,0.526990242
8/11/2021 0:00,0.550209241
8/12/2021 0:00,0.551737184
8/13/2021 0:00,0.555530128
8/14/2021 0:00,0.549385259
8/15/2021 0:00,0.555907961
8/16/2021 0:00,0.561168841
8/17/2021 0:00,0.626686028
8/18/2021 0:00,0.630827452
8/19/2021 0:00,0.642146875
8/20/2021 0:00,0.661614841
8/21/2021 0:00,0.65028994
8/22/2021 0:00,0.651890722
8/23/2021 0:00,0.657252904
8/24/2021 0:00,0.655846683
8/25/2021 0:00,0.663576599
8/26/2021 0:00,0.69508732
8/27/2021 0:00,0.717535039
8/28/2021 0:00,0.722449977
8/29/2021 0:00,0.705561942
8/30/2021 0:00,0.69015154
8/31/2021 0:00,0.69283532
9/1/2021 0:00,0.686470825
9/1/2021 0:00,NaN
9/2/2021 23:59,NaN
9/3/2021 0:00,0.674956954
9/4/2021 0:00,0.661438276
9/5/2021 0:00,0.658468841
9/6/2021 0:00,0.66662613
9/7/2021 0:00,0.682662256
9/8/2021 0:00,0.679005527
9/9/2021 0:00,0.678867775
9/10/2021 0:00,0.669594047
9/11/2021 0:00,0.687127795
9/12/2021 0:00,0.703440438
9/13/2021 0:00,0.704053404
9/14/2021 0:00,0.699945087
9/15/2021 0:00,0.713817298
9/16/2021 0:00,0.712605758
9/17/2021 0:00,0.716502004
9/18/2021 0:00,0.707532707
9/19/2021 0:00,0.695484353
9/20/2021 0:00,0.709853766
9/21/2021 0:00,0.717748675
9/22/2021 0:00,0.700339005
9/23/2021 0:00,0.698776563
9/24/2021 0:00,0.692383299
9/25/2021 0:00,0.712994392
9/26/2021 0:00,0.709657379
9/27/2021 0:00,0.725978634
9/28/2021 0:00,0.734589221
9/29/2021 0:00,0.74409074
9/30/2021 0:00,0.746738442
10/1/2021 0:00,0.757266247
10/1/2021 0:00,NaN
10/2/2021 23:59,NaN
10/3/2021 0:00,0.779290472
10/4/2021 0:00,0.781550672
10/5/2021 0:00,0.779522962
10/6/2021 0:00,0.791233751
10/7/2021 0:00,0.787403607
10/8/2021 0:00,0.782747021
10/9/2021 0:00,0.771146763
10/10/2021 0:00,0.775248956
10/11/2021 0:00,0.771632421
10/12/2021 0:00,0.757937779
10/13/2021 0:00,0.741160775
10/14/2021 0:00,0.72362343
10/15/2021 0:00,0.72029321
10/16/2021 0:00,0.702857531
10/17/2021 0:00,0.687998423
10/18/2021 0:00,0.691517519
10/19/2021 0:00,0.704516807
10/20/2021 0:00,0.693132303
10/21/2021 0:00,0.692529501
10/22/2021 0:00,0.687917832
10/23/2021 0:00,0.708233421
10/24/2021 0:00,0.70820034
10/25/2021 0:00,0.716198797
10/26/2021 0:00,0.69682081
10/27/2021 0:00,0.702904168
10/28/2021 0:00,0.697258109
10/29/2021 0:00,0.683024531
10/30/2021 0:00,0.699315307
10/31/2021 0:00,0.696472773
11/1/2021 0:00,0.686111053
11/2/2021 0:00,0.705657203
11/3/2021 0:00,0.692786702
11/4/2021 0:00,0.685129064
11/5/2021 0:00,0.673892677
11/6/2021 0:00,0.678070534
11/7/2021 0:00,0.671609531
11/8/2021 0:00,0.680199882
11/9/2021 0:00,0.681472625
11/10/2021 0:00,0.690890652
11/11/2021 0:00,0.698044757
11/12/2021 0:00,0.693950303
11/13/2021 0:00,0.695205504
11/14/2021 0:00,0.69210974
11/15/2021 0:00,0.693174223
11/16/2021 0:00,0.688780503
11/17/2021 0:00,0.674019322
11/18/2021 0:00,0.659296877
11/19/2021 0:00,0.645007858
11/20/2021 0:00,0.633280789
11/21/2021 0:00,0.643932969
11/22/2021 0:00,0.641104689
11/23/2021 0:00,0.6381072
11/24/2021 0:00,0.640604374
11/25/2021 0:00,0.68590665
11/26/2021 0:00,0.693526244
11/27/2021 0:00,0.693332761
11/28/2021 0:00,0.688914913
11/29/2021 0:00,0.702865106
11/30/2021 0:00,0.69362094
12/1/2021 0:00,0.679713307
12/2/2021 0:00,0.668879292
12/3/2021 0:00,0.673083077
12/4/2021 0:00,0.678278602
12/5/2021 0:00,0.686795729
12/6/2021 0:00,0.699642841
12/7/2021 0:00,0.680142864
12/8/2021 0:00,0.68320161
12/9/2021 0:00,0.690397093
12/10/2021 0:00,0.702258775
12/11/2021 0:00,0.703054344
12/12/2021 0:00,0.620186908
12/13/2021 0:00,0.61947904
12/14/2021 0:00,0.630885159
12/15/2021 0:00,0.648326454
12/16/2021 0:00,0.687283017
12/17/2021 0:00,0.68167332
12/18/2021 0:00,0.691838108
12/19/2021 0:00,0.664201067
12/19/2021 0:00,NaN
12/24/2021 23:59,NaN
12/25/2021 0:00,0.548071495
12/26/2021 0:00,0.634289522
12/27/2021 0:00,0.625767318
12/28/2021 0:00,0.598416436
12/29/2021 0:00,0.604623104
12/30/2021 0:00,0.59566132
12/31/2021 0:00,0.586037861
1/1/2022 0:00,0.58461961
1/2/2022 0:00,0.586658221
1/3/2022 0:00,0.55886465
1/4/2022 0:00,0.537929528
1/5/2022 0:00,0.540267249
1/6/2022 0:00,0.544520867
1/7/2022 0:00,0.551405001
1/8/2022 0:00,0.550264164
1/9/2022 0:00,0.540650593
1/10/2022 0:00,0.515404499
1/11/2022 0:00,0.483154766
1/12/2022 0:00,0.464802689
1/13/2022 0:00,0.489923707
1/14/2022 0:00,0.461954245
1/15/2022 0:00,0.450586476
1/16/2022 0:00,0.4154314
1/16/2022 0:00,NaN
3/17/2022 23:59,NaN
3/18/2022 0:00,0.808977934
3/19/2022 0:00,0.932153596
3/20/2022 0:00,1.028489065
3/21/2022 0:00,1.107207859
3/22/2022 0:00,1.098784336
3/23/2022 0:00,1.056578443
3/24/2022 0:00,1.009716874
3/25/2022 0:00,1.122924592
3/26/2022 0:00,1.52946073
3/27/2022 0:00,2.228557582
3/28/2022 0:00,2.502851853
3/29/2022 0:00,2.104921038
3/30/2022 0:00,1.808574115
3/31/2022 0:00,1.442011401
4/1/2022 0:00,1.35430671
4/2/2022 0:00,1.580317756
4/3/2022 0:00,1.585935713
4/4/2022 0:00,1.519375913
4/5/2022 0:00,1.321223645
4/6/2022 0:00,1.189916991
4/7/2022 0:00,1.119587989
4/8/2022 0:00,0.999054038
4/8/2022 0:00,NaN
5/18/2022 23:59,NaN
5/19/2022 0:00,0.348945169
5/20/2022 0:00,0.301614096
5/21/2022 0:00,0.273257196
5/22/2022 0:00,0.238128517
5/23/2022 0:00,0.20421721
5/24/2022 0:00,0.186819276
5/25/2022 0:00,0.163927107
5/26/2022 0:00,0.156617138
5/27/2022 0:00,0.15323332
5/28/2022 0:00,0.143597258
5/29/2022 0:00,0.12514079
5/30/2022 0:00,0.120949985
5/31/2022 0:00,0.112982246
6/1/2022 0:00,0.10172526
6/2/2022 0:00,0.086711727
6/3/2022 0:00,0.087047384
6/4/2022 0:00,0.076784492
6/5/2022 0:00,0.072352034
6/6/2022 0:00,0.068252862
6/7/2022 0:00,0.058252369
6/8/2022 0:00,0.052871714
6/9/2022 0:00,0.053821896
6/10/2022 0:00,0.051744333
6/11/2022 0:00,0.044965197
6/12/2022 0:00,0.051536963
6/13/2022 0:00,0.047289019
6/14/2022 0:00,0.042124264
6/15/2022 0:00,0.044301879
6/16/2022 0:00,0.043987699
6/17/2022 0:00,0.054040544
6/18/2022 0:00,0.050926133
6/19/2022 0:00,0.069132393
6/20/2022 0:00,0.099335143
6/21/2022 0:00,0.125918558
6/22/2022 0:00,0.126806939
6/23/2022 0:00,0.139932777
6/24/2022 0:00,0.160124171
6/25/2022 0:00,0.164857503
6/26/2022 0:00,0.164374794
6/27/2022 0:00,0.217676903
6/28/2022 0:00,0.310504338
6/29/2022 0:00,0.290387039
6/30/2022 0:00,0.272198557
7/1/2022 0:00,0.22231823
7/2/2022 0:00,0.226152904
7/3/2022 0:00,0.242504961
7/4/2022 0:00,0.255408231
7/5/2022 0:00,0.253832535
7/6/2022 0:00,0.254679939
7/7/2022 0:00,0.290246868
7/8/2022 0:00,0.236216743
7/9/2022 0:00,0.193924866
7/10/2022 0:00,0.22507565
7/11/2022 0:00,0.197162003
7/12/2022 0:00,0.176480838
7/13/2022 0:00,0.229402216
7/14/2022 0:00,0.206773981
7/15/2022 0:00,0.188219869
7/16/2022 0:00,0.207028338
7/17/2022 0:00,0.184607479
7/18/2022 0:00,0.192219809
7/19/2022 0:00,0.214275712
7/20/2022 0:00,0.192171569
7/21/2022 0:00,0.222893453
7/22/2022 0:00,0.266982639
7/23/2022 0:00,0.254459486
7/24/2022 0:00,0.282451147
7/25/2022 0:00,0.370003628
7/26/2022 0:00,0.477181343
7/27/2022 0:00,0.53044037
7/28/2022 0:00,0.550460511
7/29/2022 0:00,0.637872567
7/30/2022 0:00,0.538785207
7/31/2022 0:00,0.391254263
8/1/2022 0:00,0.269057267
8/2/2022 0:00,0.300577324
8/3/2022 0:00,0.370009806
8/4/2022 0:00,0.664561431
8/5/2022 0:00,0.770476766
8/6/2022 0:00,0.678783154
8/7/2022 0:00,0.713496464
8/8/2022 0:00,0.834907718
8/9/2022 0:00,1.356588204
8/10/2022 0:00,1.669672607
8/11/2022 0:00,0.894060449
8/12/2022 0:00,0.835943994
8/13/2022 0:00,0.72583192
8/14/2022 0:00,0.619756943
8/15/2022 0:00,0.525616477
8/16/2022 0:00,0.434085974
8/17/2022 0:00,0.417692768
8/18/2022 0:00,0.435574073
8/19/2022 0:00,0.378252391
8/20/2022 0:00,0.290127997
8/21/2022 0:00,0.30800264
8/21/2022 0:00,NaN
8/30/2022 23:59,NaN
8/31/2022 0:00,0.961008076
9/1/2022 0:00,0.931520118
9/2/2022 0:00,1.334661573
9/3/2022 0:00,1.103462894
9/4/2022 0:00,1.115109903
9/5/2022 0:00,1.277056233
9/6/2022 0:00,1.045405874
9/7/2022 0:00,0.933111293
9/8/2022 0:00,0.881186547
9/9/2022 0:00,0.833402148
9/10/2022 0:00,0.880135001
9/11/2022 0:00,1.309452931
9/12/2022 0:00,1.059860343
9/13/2022 0:00,1.075996793
9/14/2022 0:00,1.007772402
9/15/2022 0:00,1.524351233
9/16/2022 0:00,1.075519305
9/17/2022 0:00,0.94334805
9/18/2022 0:00,0.856511844
9/19/2022 0:00,0.817724181
9/20/2022 0:00,0.815543122
9/21/2022 0:00,0.872013234
9/22/2022 0:00,1.498802993
9/23/2022 0:00,1.595325207
9/24/2022 0:00,1.85832423
9/25/2022 0:00,1.120961686
9/26/2022 0:00,0.996894304
9/27/2022 0:00,1.086677866
9/28/2022 0:00,1.153444525
9/29/2022 0:00,1.09648241
9/30/2022 0:00,1.077450267
10/1/2022 0:00,1.024618831
10/2/2022 0:00,0.999846087
10/3/2022 0:00,1.095711824
10/4/2022 0:00,2.126564318
10/5/2022 0:00,2.854465608
10/6/2022 0:00,2.183727969
10/7/2022 0:00,1.871521769
10/8/2022 0:00,2.016517083
10/9/2022 0:00,2.99502052
10/10/2022 0:00,2.607469164
10/11/2022 0:00,2.227976532
10/12/2022 0:00,2.120735237
10/13/2022 0:00,2.006388021
10/14/2022 0:00,1.972432113
10/15/2022 0:00,1.979567821
10/16/2022 0:00,1.965940965
10/17/2022 0:00,3.106071208
10/18/2022 0:00,2.568819266
10/19/2022 0:00,2.173205395
10/20/2022 0:00,2.037405349
10/21/2022 0:00,2.011285507
10/22/2022 0:00,2.004461291
10/23/2022 0:00,2.031912889
10/24/2022 0:00,2.205585281
10/25/2022 0:00,2.154136801
10/26/2022 0:00,1.979800366
10/27/2022 0:00,1.957070107
10/28/2022 0:00,1.930022767
10/29/2022 0:00,1.826026106
10/30/2022 0:00,1.768647819
10/31/2022 0:00,1.759534341
11/1/2022 0:00,1.710668273
11/2/2022 0:00,1.692086076
11/3/2022 0:00,1.69788238
11/4/2022 0:00,1.868997419
11/5/2022 0:00,1.968186558
11/6/2022 0:00,1.717868891
11/7/2022 0:00,1.786678641
11/8/2022 0:00,1.690461743
11/9/2022 0:00,1.601739593
11/10/2022 0:00,1.53217035
11/11/2022 0:00,1.465726468
11/12/2022 0:00,1.344612688
11/13/2022 0:00,1.183808359
11/14/2022 0:00,1.102461793
11/15/2022 0:00,1.382161901
11/16/2022 0:00,1.264382489
11/17/2022 0:00,1.125039631
11/18/2022 0:00,0.985289467
11/19/2022 0:00,0.960661234
11/20/2022 0:00,0.915183549
11/21/2022 0:00,0.876366696
11/22/2022 0:00,0.874097507
11/23/2022 0:00,0.834981909
11/24/2022 0:00,0.794284724
11/25/2022 0:00,0.879403277
11/26/2022 0:00,0.764280598
11/27/2022 0:00,0.749134664
11/28/2022 0:00,0.780476754
11/29/2022 0:00,0.67664198
11/30/2022 0:00,0.79432389
12/1/2022 0:00,0.704116217
12/2/2022 0:00,0.676884164
12/3/2022 0:00,0.724771944
12/4/2022 0:00,0.675915805
12/5/2022 0:00,0.847927535
12/6/2022 0:00,1.239235334
12/7/2022 0:00,1.035097602
12/8/2022 0:00,0.900674826
12/9/2022 0:00,0.802277231
12/10/2022 0:00,0.686202896
12/11/2022 0:00,0.651247044
12/12/2022 0:00,0.589135095
12/13/2022 0:00,0.587493281
12/14/2022 0:00,0.605383492
12/15/2022 0:00,0.594775375
12/15/2022 0:00,NaN
1/7/2023 23:59,NaN
1/8/2023 0:00,0.015697854
1/9/2023 0:00,0.011272095
1/9/2023 0:00,NaN
1/10/2023 23:59,NaN
1/11/2023 0:00,0.025512626
1/12/2023 0:00,0.018997175
1/13/2023 0:00,0.01145346
1/13/2023 0:00,NaN
1/16/2023 23:59,NaN
1/17/2023 0:00,0.013601134
1/18/2023 0:00,0.015314571
1/19/2023 0:00,0.050620213
1/20/2023 0:00,0.045180455
1/21/2023 0:00,0.057605583
1/22/2023 0:00,0.06675088
1/23/2023 0:00,0.043048498
1/24/2023 0:00,0.056669125
1/25/2023 0:00,0.042833923
1/26/2023 0:00,0.053461385
1/26/2023 0:00,NaN
3/1/2023 23:59,NaN
3/2/2023 0:00,0.079927079
3/3/2023 0:00,0.108557148
3/4/2023 0:00,0.128163606
3/5/2023 0:00,0.115684959
3/6/2023 0:00,0.165143964
3/7/2023 0:00,0.246308307
3/8/2023 0:00,0.309689816
3/9/2023 0:00,0.322925098
3/10/2023 0:00,0.568329676
3/11/2023 0:00,0.847166663
3/12/2023 0:00,1.10041606
3/13/2023 0:00,1.345739063
3/14/2023 0:00,1.457133702
3/15/2023 0:00,1.532342598
3/16/2023 0:00,1.699682898
3/17/2023 0:00,2.137967179
3/18/2023 0:00,2.194934655
3/19/2023 0:00,2.190072165
3/20/2023 0:00,1.880467138
3/21/2023 0:00,1.760459784
3/22/2023 0:00,1.703212326
3/23/2023 0:00,1.827500115
3/24/2023 0:00,2.034392073
3/25/2023 0:00,2.023589215
3/26/2023 0:00,1.948700926
3/27/2023 0:00,1.85002215
3/28/2023 0:00,1.823124768
3/29/2023 0:00,1.663091244
3/30/2023 0:00,1.736315554
3/31/2023 0:00,2.13010362
4/1/2023 0:00,2.583876436
4/2/2023 0:00,2.658714806
4/3/2023 0:00,3.332932229
4/4/2023 0:00,4.342109198
4/5/2023 0:00,5.152030416
4/6/2023 0:00,4.598667156
4/7/2023 0:00,4.551752724
4/8/2023 0:00,7.040282686
4/9/2023 0:00,12.17957129
4/10/2023 0:00,21.29367143
4/11/2023 0:00,28.36781498
4/12/2023 0:00,33.86678093
4/13/2023 0:00,38.85979745
4/14/2023 0:00,39.64285451
4/15/2023 0:00,35.03195309
4/16/2023 0:00,29.81541485
4/17/2023 0:00,29.62650952
4/18/2023 0:00,31.78378734
4/19/2023 0:00,32.32620161
4/20/2023 0:00,30.24734902
4/21/2023 0:00,23.55480847
4/22/2023 0:00,17.91807219
4/23/2023 0:00,15.72863763
4/24/2023 0:00,14.3392816
4/25/2023 0:00,15.06286598
4/26/2023 0:00,16.52876871
4/27/2023 0:00,14.03182011
4/28/2023 0:00,11.5380348
4/29/2023 0:00,12.02617454
4/30/2023 0:00,11.55173601
5/1/2023 0:00,11.92123068
5/2/2023 0:00,13.82098565
5/3/2023 0:00,12.66903263
5/4/2023 0:00,11.05254152
5/5/2023 0:00,10.01433438
5/6/2023 0:00,8.58861557
5/7/2023 0:00,6.881338922
5/8/2023 0:00,5.722588397
5/9/2023 0:00,4.783649221
5/10/2023 0:00,4.162886551
5/11/2023 0:00,3.511608867
5/12/2023 0:00,3.109531532
5/13/2023 0:00,3.059998185
5/14/2023 0:00,2.812391427
5/15/2023 0:00,2.657752045
5/16/2023 0:00,2.88600182
5/17/2023 0:00,2.715311395
5/18/2023 0:00,2.57322771
5/19/2023 0:00,2.44940036
5/20/2023 0:00,2.511458846
5/21/2023 0:00,2.935710478
5/22/2023 0:00,4.045468311
5/23/2023 0:00,4.977458215
5/24/2023 0:00,3.382744063
5/25/2023 0:00,2.645126643
5/26/2023 0:00,2.293284415
5/27/2023 0:00,2.181601637
5/28/2023 0:00,2.111347829
5/29/2023 0:00,1.868549436
5/30/2023 0:00,1.758114474
5/31/2023 0:00,1.665109263
6/1/2023 0:00,1.658604389
6/2/2023 0:00,1.68402044
6/3/2023 0:00,1.655952439
6/4/2023 0:00,1.573304265
6/5/2023 0:00,1.562753476
6/6/2023 0:00,1.633455205
6/7/2023 0:00,1.72321154
6/8/2023 0:00,1.993426863
6/9/2023 0:00,1.620905971
6/10/2023 0:00,1.465253059
6/11/2023 0:00,1.38367042
6/12/2023 0:00,1.326823035
6/13/2023 0:00,1.282869916
6/14/2023 0:00,1.207526419
6/15/2023 0:00,1.169293822
6/16/2023 0:00,1.146601753
6/17/2023 0:00,1.047997079
6/18/2023 0:00,0.921488453
6/19/2023 0:00,0.773966844
6/20/2023 0:00,0.670717885
6/21/2023 0:00,0.6355565
6/22/2023 0:00,0.573475682
6/23/2023 0:00,0.516551507
6/24/2023 0:00,0.464779497
6/25/2023 0:00,0.389173783
6/26/2023 0:00,0.340461109
6/27/2023 0:00,0.331120795
6/28/2023 0:00,0.311071127
6/29/2023 0:00,0.281226693
6/30/2023 0:00,0.250642972
7/1/2023 0:00,0.209172767
7/2/2023 0:00,0.178497359
7/3/2023 0:00,0.167799559
7/4/2023 0:00,0.15109793
7/5/2023 0:00,0.129193413
7/6/2023 0:00,0.115799498
7/7/2023 0:00,0.045665482
7/8/2023 0:00,0.023448542
7/9/2023 0:00,0.02373376
7/9/2023 0:00,NaN
