KorEXO MEASUREMENT DATA FILE EXPORT,,,,,,,,,,,,,,,,,,,,,,,,
,,,,,,,,,,,,,,,,,,,,,,,,
FILE CREATED:,3/30/2022 1:59,,,,,,,,,,,,,,,,,,,,,,,
,,,,,,,,,,,,,,,,,,,,,,,,
,,,MEAN VALUE:,32.9,0.031,46.98,13.22,54.6,72.5,94.8,9.38,0.044,0.02,54,35,4.82,0,1.193,NA,-44.2,4.643,0.043,5.28,0
,,,STANDARD DEVIATION:,2.7,0.011,4.68,1.31,0.9,0.4,0.5,0.64,0.016,0,1,1,1.27,0,0.004,0.06,3.8,2.911,0.011,0.09,0
,,,,,,,,,,,,,,,,,,,,,,,,
,,,SENSOR SERIAL NUMBER:,17G101782,19A101287,17G101462,17G101462,17G101782,17G101884,17G101884,17G101884,19A101287,17G101782,17G101782,17G101782,17G100815,17G100815,17G102241,17H100999,17H100999,17G101782,19A101287,17H101021,17H101021
Date (MM/DD/YYYY),Time (HH:mm:ss),Time (Fract. Sec),Site Name,Cond ï¿½S/,Depth m,fDOM QSU,fDOM RFU,nLF Cond ï¿½S/,ODO % sat,ODO % local,ODO mg/L,Pressure psi a,Sal psu,SpCond ï¿½S/,TDS mg/L,Turbidity FNU,TSS mg/L,Wiper Position volt,pH,pH mV,Temp ï¿,Vertical Position m,Battery V,Cable Pwr V
3/26/2022,16:30:00,0,LaJaraUpstream,33.6,0.045,38.08,10.73,49.1,72.8,95.2,8.44,0.064,0.02,48.2,31,5.76,0,1.197,7.48,-46.3,8.934,0.051,5.47,0
3/26/2022,16:45:00,0,LaJaraUpstream,37.4,0.042,43.76,12.32,55.1,72.7,95,8.44,0.059,0.02,54.1,35,6.25,0,1.2,7.52,-48.7,8.805,0.054,5.49,0
3/26/2022,17:00:00,0,LaJaraUpstream,37.5,0.042,45.14,12.71,55.9,72.6,94.9,8.5,0.06,0.02,54.9,36,6.28,0,1.194,7.52,-48.5,8.428,0.055,5.49,0
3/26/2022,17:15:00,0,LaJaraUpstream,37.2,0.044,45.84,12.91,56,72.6,94.9,8.59,0.062,0.03,55,36,6.5,0,1.203,7.51,-48.2,8.009,0.056,5.49,0
3/26/2022,17:30:00,0,LaJaraUpstream,36.8,0.044,46.22,13.01,56,72.5,94.8,8.67,0.063,0.03,55.1,36,6.91,0,1.193,7.5,-47.6,7.619,0.057,5.48,0
3/26/2022,17:45:00,0,LaJaraUpstream,36.4,0.045,46.74,13.16,56.2,72.4,94.7,8.75,0.064,0.03,55.2,36,7.15,0,1.2,7.49,-47,7.18,0.058,5.48,0
3/26/2022,18:00:00,0,LaJaraUpstream,36,0.047,47.32,13.32,56.3,72.4,94.7,8.85,0.066,0.03,55.4,36,7.31,0,1.185,7.48,-46.4,6.731,0.059,5.47,0
3/26/2022,18:15:00,0,LaJaraUpstream,35.7,0.047,47.66,13.42,56.3,72.5,94.8,8.94,0.066,0.03,55.4,36,7.64,0,1.197,7.48,-46.1,6.358,0.06,5.46,0
3/26/2022,18:30:00,0,LaJaraUpstream,35.2,0.044,48.21,13.57,56,72.5,94.7,9.02,0.063,0.03,55.2,36,7.7,0,1.187,7.47,-45.5,6.016,0.057,5.46,0
3/26/2022,18:45:00,0,LaJaraUpstream,34.8,0.045,48.7,13.71,56,72.4,94.6,9.08,0.063,0.03,55.2,36,7.47,0,1.192,7.46,-44.7,5.686,0.057,5.45,0
3/26/2022,19:00:00,0,LaJaraUpstream,34.5,0.044,49.01,13.79,56.1,72.3,94.6,9.15,0.063,0.03,55.2,36,7.48,0,1.196,7.45,-44.2,5.368,0.057,5.45,0
3/26/2022,19:15:00,0,LaJaraUpstream,34.2,0.045,49.58,13.96,56.1,72.3,94.5,9.21,0.064,0.03,55.2,36,7.35,0,1.191,7.44,-43.7,5.076,0.058,5.44,0
3/26/2022,19:30:00,0,LaJaraUpstream,34,0.046,49.9,14.04,56.1,72.2,94.4,9.27,0.065,0.03,55.3,36,7.2,0,1.205,7.43,-43.2,4.804,0.059,5.44,0
3/26/2022,19:45:00,0,LaJaraUpstream,33.7,0.046,50.18,14.12,56.2,72.2,94.4,9.33,0.066,0.03,55.4,36,7.07,0,1.198,7.42,-42.9,4.546,0.059,5.43,0
3/26/2022,20:00:00,0,LaJaraUpstream,33.5,0.047,50.15,14.12,56.1,72.2,94.4,9.38,0.067,0.03,55.4,36,6.98,0,1.204,7.42,-42.8,4.319,0.06,5.42,0
3/26/2022,20:15:00,0,LaJaraUpstream,33.3,0.047,50.22,14.13,56.1,72.2,94.4,9.43,0.067,0.03,55.4,36,6.64,0,1.19,7.42,-42.6,4.116,0.06,5.42,0
3/26/2022,20:30:00,0,LaJaraUpstream,33.1,0.048,50.38,14.18,56.1,72.2,94.4,9.48,0.068,0.03,55.4,36,6.37,0,1.189,7.42,-42.4,3.931,0.061,5.42,0
3/26/2022,20:45:00,0,LaJaraUpstream,32.9,0.049,50.4,14.19,56.1,72.2,94.4,9.52,0.069,0.03,55.4,36,6.18,0,1.193,7.41,-42.3,3.768,0.061,5.41,0
3/26/2022,21:00:00,0,LaJaraUpstream,32.7,0.049,50.44,14.2,56,72.2,94.4,9.56,0.07,0.03,55.3,36,6.01,0,1.192,7.41,-42.1,3.621,0.062,5.4,0
3/26/2022,21:15:00,0,LaJaraUpstream,32.5,0.05,49.08,13.82,55.9,72.2,94.4,9.6,0.071,0.03,55.2,36,5.88,0,1.191,7.41,-42.1,3.488,0.062,5.4,0
3/26/2022,21:30:00,0,LaJaraUpstream,32.3,0.049,50.34,14.17,55.7,72.2,94.4,9.62,0.07,0.02,55.1,36,5.64,0,1.193,7.41,-42.1,3.374,0.062,5.4,0
3/26/2022,21:45:00,0,LaJaraUpstream,32.2,0.049,50.4,14.18,55.7,72.2,94.4,9.65,0.07,0.02,55,36,5.58,0,1.194,7.41,-41.9,3.279,0.062,5.39,0
3/26/2022,22:00:00,0,LaJaraUpstream,32.1,0.049,50.33,14.17,55.7,72.2,94.4,9.67,0.07,0.02,55,36,5.44,0,1.191,7.41,-41.9,3.191,0.062,5.38,0
3/26/2022,22:15:00,0,LaJaraUpstream,32,0.048,50.31,14.16,55.7,72.2,94.4,9.7,0.069,0.02,55.1,36,5.29,0,1.192,7.41,-41.7,3.102,0.061,5.38,0
3/26/2022,22:30:00,0,LaJaraUpstream,31.8,0.047,50.2,14.13,55.5,72.2,94.4,9.72,0.068,0.02,54.9,36,5.14,0,1.192,7.4,-41.6,3.015,0.06,5.38,0
3/26/2022,22:45:00,0,LaJaraUpstream,31.7,0.047,50.04,14.08,55.4,72.2,94.4,9.74,0.066,0.02,54.8,36,5.01,0,1.194,7.4,-41.5,2.94,0.059,5.38,0
3/26/2022,23:00:00,0,LaJaraUpstream,31.6,0.046,49.86,14.03,55.4,72.2,94.4,9.75,0.065,0.02,54.8,36,4.91,0,1.193,7.4,-41.4,2.869,0.058,5.37,0
3/26/2022,23:15:00,0,LaJaraUpstream,31.6,0.045,49.73,14,55.4,72.2,94.4,9.77,0.064,0.02,54.8,36,4.81,0,1.192,7.4,-41.2,2.811,0.058,5.37,0
3/26/2022,23:30:00,0,LaJaraUpstream,31.5,0.045,49.56,13.95,55.4,72.2,94.4,9.78,0.063,0.02,54.8,36,4.73,0,1.192,7.4,-41.2,2.766,0.057,5.36,0
3/26/2022,23:45:00,0,LaJaraUpstream,31.5,0.043,49.35,13.89,55.4,72.2,94.4,9.79,0.062,0.02,54.8,36,4.63,0,1.195,7.39,-41,2.731,0.056,5.36,0
3/27/2022,0:00:00,0,LaJaraUpstream,31.4,0.042,49.21,13.85,55.3,72.2,94.4,9.8,0.06,0.02,54.8,36,4.59,0,1.194,7.39,-40.9,2.689,0.055,5.36,0
3/27/2022,0:15:00,0,LaJaraUpstream,31.4,0.041,48.96,13.78,55.3,72.2,94.4,9.81,0.059,0.02,54.8,36,4.52,0,1.192,7.39,-40.9,2.644,0.054,5.36,0
3/27/2022,0:30:00,0,LaJaraUpstream,31.4,0.04,48.76,13.72,55.4,72.2,94.4,9.82,0.056,0.02,54.8,36,4.43,0,1.193,7.39,-40.8,2.609,0.052,5.35,0
3/27/2022,0:45:00,0,LaJaraUpstream,31.3,0.038,48.51,13.65,55.3,72.2,94.3,9.83,0.055,0.02,54.8,36,4.35,0,1.194,7.39,-40.8,2.569,0.051,5.35,0
3/27/2022,1:00:00,0,LaJaraUpstream,31.3,0.037,48.31,13.6,55.3,72.2,94.3,9.83,0.053,0.02,54.8,36,4.36,0,1.191,7.39,-40.8,2.536,0.05,5.35,0
3/27/2022,1:15:00,0,LaJaraUpstream,31.2,0.036,48.12,13.55,55.3,72.1,94.3,9.84,0.052,0.02,54.8,36,4.29,0,1.193,7.39,-40.8,2.504,0.049,5.34,0
3/27/2022,1:30:00,0,LaJaraUpstream,31.2,0.035,47.84,13.47,55.4,72.1,94.3,9.85,0.05,0.02,54.8,36,4.26,0,1.19,7.39,-40.8,2.473,0.048,5.34,0
3/27/2022,1:45:00,0,LaJaraUpstream,31.2,0.035,47.5,13.37,55.4,72.1,94.3,9.85,0.049,0.02,54.9,36,4.24,0,1.191,7.39,-40.8,2.442,0.047,5.34,0
3/27/2022,2:00:00,0,LaJaraUpstream,31.1,0.034,46.96,13.22,55.3,72.1,94.3,9.87,0.048,0.02,54.8,36,4.12,0,1.19,7.39,-40.9,2.413,0.046,5.33,0
3/27/2022,2:15:00,0,LaJaraUpstream,31.1,0.032,46.7,13.14,55.3,72.1,94.3,9.87,0.045,0.02,54.8,36,4.13,0,1.192,7.39,-40.9,2.385,0.045,5.33,0
3/27/2022,2:30:00,0,LaJaraUpstream,31.1,0.031,46.49,13.09,55.3,72.1,94.3,9.88,0.044,0.02,54.7,36,4.07,0,1.19,7.39,-40.9,2.35,0.044,5.33,0
3/27/2022,2:45:00,0,LaJaraUpstream,31.1,0.03,46.26,13.02,55.3,72.1,94.3,9.89,0.043,0.02,54.8,36,3.99,0,1.192,7.39,-41,2.321,0.043,5.33,0
3/27/2022,3:00:00,0,LaJaraUpstream,31,0.029,46.03,12.96,55.3,72.1,94.3,9.89,0.042,0.02,54.8,36,4.04,0,1.191,7.39,-40.9,2.289,0.042,5.33,0
3/27/2022,3:15:00,0,LaJaraUpstream,31,0.028,45.78,12.89,55.3,72.1,94.3,9.9,0.04,0.02,54.8,36,4.01,0,1.192,7.4,-41,2.25,0.041,5.32,0
3/27/2022,3:30:00,0,LaJaraUpstream,31,0.028,45.57,12.83,55.4,72,94.2,9.91,0.04,0.02,54.9,36,3.94,0,1.19,7.4,-41,2.212,0.041,5.32,0
3/27/2022,3:45:00,0,LaJaraUpstream,31,0.028,45.36,12.77,55.5,72.1,94.2,9.92,0.039,0.02,54.9,36,3.94,0,1.192,7.4,-41,2.173,0.04,5.32,0
3/27/2022,4:00:00,0,LaJaraUpstream,30.9,0.026,45.14,12.71,55.4,72.1,94.2,9.93,0.037,0.02,54.9,36,3.97,0,1.189,7.39,-41,2.147,0.039,5.31,0
3/27/2022,4:15:00,0,LaJaraUpstream,30.9,0.026,44.93,12.65,55.3,72.1,94.2,9.94,0.037,0.02,54.8,36,3.94,0,1.192,7.39,-41,2.12,0.039,5.31,0
3/27/2022,4:30:00,0,LaJaraUpstream,30.8,0.026,44.75,12.6,55.4,72.1,94.2,9.94,0.037,0.02,54.9,36,3.82,0,1.19,7.39,-41,2.09,0.039,5.31,0
3/27/2022,4:45:00,0,LaJaraUpstream,30.8,0.026,44.54,12.54,55.3,72.1,94.2,9.95,0.037,0.02,54.8,36,3.8,0,1.191,7.4,-41.1,2.054,0.039,5.3,0
3/27/2022,5:00:00,0,LaJaraUpstream,30.7,0.025,44.38,12.49,55.3,72.1,94.2,9.96,0.036,0.02,54.8,36,3.73,0,1.189,7.4,-41.1,2.02,0.038,5.3,0
3/27/2022,5:15:00,0,LaJaraUpstream,30.8,0.025,44.2,12.44,55.4,72.1,94.2,9.97,0.035,0.02,54.9,36,3.71,0,1.192,7.4,-41,1.99,0.037,5.3,0
3/27/2022,5:30:00,0,LaJaraUpstream,30.7,0.025,44.01,12.39,55.4,72,94.2,9.97,0.035,0.02,54.9,36,3.7,0,1.191,7.4,-41.1,1.958,0.037,5.3,0
3/27/2022,5:45:00,0,LaJaraUpstream,30.7,0.024,43.84,12.34,55.3,72.1,94.2,9.99,0.035,0.02,54.8,36,3.68,0,1.192,7.4,-41.1,1.931,0.037,5.29,0
3/27/2022,6:00:00,0,LaJaraUpstream,30.7,0.025,43.65,12.29,55.4,72.1,94.2,9.99,0.035,0.02,54.9,36,3.68,0,1.19,7.4,-41.1,1.907,0.037,5.29,0
3/27/2022,6:15:00,0,LaJaraUpstream,30.7,0.025,43.46,12.24,55.4,72.1,94.2,10,0.035,0.02,54.9,36,3.66,0,1.192,7.4,-41.1,1.884,0.037,5.29,0
3/27/2022,6:30:00,0,LaJaraUpstream,30.6,0.024,43.27,12.18,55.4,72.1,94.2,10,0.035,0.02,54.9,36,3.64,0,1.19,7.4,-41.2,1.869,0.037,5.29,0
3/27/2022,6:45:00,0,LaJaraUpstream,30.6,0.025,43.06,12.12,55.3,72.1,94.2,10.01,0.036,0.02,54.8,36,3.64,0,1.192,7.4,-41.2,1.858,0.038,5.28,0
3/27/2022,7:00:00,0,LaJaraUpstream,30.6,0.025,42.91,12.08,55.3,72.1,94.2,10.02,0.036,0.02,54.9,36,3.66,0,1.19,7.4,-41.3,1.823,0.038,5.28,0
3/27/2022,7:15:00,0,LaJaraUpstream,30.6,0.027,42.75,12.04,55.4,72.1,94.3,10.03,0.038,0.02,54.9,36,3.76,0,1.192,7.4,-41.4,1.79,0.039,5.28,0
3/27/2022,7:30:00,0,LaJaraUpstream,30.5,0.027,42.73,12.03,55.3,72.2,94.4,10.05,0.038,0.02,54.8,36,3.64,0,1.189,7.41,-41.7,1.781,0.04,5.28,0
3/27/2022,7:45:00,0,LaJaraUpstream,30.5,0.028,42.68,12.02,55.2,72.3,94.5,10.05,0.04,0.02,54.8,36,3.59,0,1.192,7.41,-41.7,1.796,0.041,5.28,0
3/27/2022,8:00:00,0,LaJaraUpstream,30.5,0.029,42.62,12,55.1,72.4,94.7,10.06,0.041,0.02,54.6,36,3.56,0,1.189,7.41,-42,1.831,0.042,5.27,0
3/27/2022,8:15:00,0,LaJaraUpstream,30.5,0.029,42.54,11.98,55,72.5,94.8,10.05,0.041,0.02,54.5,35,3.49,0,1.191,7.41,-42.1,1.918,0.042,5.27,0
3/27/2022,8:30:00,0,LaJaraUpstream,30.5,0.03,42.44,11.95,54.9,72.6,94.9,10.03,0.042,0.02,54.4,35,3.48,0,1.19,7.42,-42.6,2.043,0.042,5.27,0
3/27/2022,8:45:00,0,LaJaraUpstream,30.6,0.03,42.31,11.91,54.8,72.6,94.9,9.99,0.043,0.02,54.3,35,3.42,0,1.193,7.43,-43,2.19,0.043,5.27,0
3/27/2022,9:00:00,0,LaJaraUpstream,30.7,0.031,42.13,11.86,54.6,72.7,95.1,9.95,0.044,0.02,54.1,35,3.38,0,1.19,7.44,-43.5,2.395,0.043,5.27,0
3/27/2022,9:15:00,0,LaJaraUpstream,30.8,0.031,42.02,11.83,54.4,72.8,95.1,9.9,0.044,0.02,53.8,35,3.38,0,1.191,7.44,-43.8,2.598,0.044,5.27,0
3/27/2022,9:30:00,0,LaJaraUpstream,30.9,0.031,41.8,11.77,54.2,72.8,95.2,9.83,0.043,0.02,53.6,35,3.37,0,1.191,7.45,-44.4,2.885,0.043,5.27,0
3/27/2022,9:45:00,0,LaJaraUpstream,31.3,0.03,41.46,11.67,54.1,72.9,95.3,9.72,0.043,0.02,53.4,35,3.41,0,1.197,7.47,-45.1,3.374,0.043,5.27,0
3/27/2022,10:00:00,0,LaJaraUpstream,31.7,0.031,41.13,11.58,53.9,73,95.4,9.6,0.044,0.02,53.2,35,3.43,0,1.199,7.47,-45.4,3.889,0.043,5.28,0
3/27/2022,10:15:00,0,LaJaraUpstream,32.1,0.031,40.81,11.49,53.7,73,95.5,9.47,0.044,0.02,52.9,34,3.45,0,1.195,7.47,-45.4,4.427,0.044,5.29,0
3/27/2022,10:30:00,0,LaJaraUpstream,32.8,0.032,40.39,11.37,53.5,73.3,95.8,9.31,0.045,0.02,52.7,34,3.5,0,1.192,7.49,-46.7,5.206,0.045,5.29,0
3/27/2022,10:45:00,0,LaJaraUpstream,33.3,0.032,40.02,11.27,53.2,73.4,96,9.16,0.045,0.02,52.3,34,3.53,0,1.192,7.51,-47.7,5.925,0.045,5.3,0
3/27/2022,11:00:00,0,LaJaraUpstream,33.9,0.031,39.67,11.17,53,73.4,96,8.99,0.045,0.02,52.1,34,3.58,0,1.198,7.52,-48.4,6.658,0.045,5.31,0
3/27/2022,11:15:00,0,LaJaraUpstream,34.4,0.031,39.39,11.09,52.9,73.4,96,8.86,0.043,0.02,52.1,34,3.66,0,1.19,7.53,-49,7.243,0.044,5.32,0
3/27/2022,11:30:00,0,LaJaraUpstream,34.9,0.032,39.16,11.03,53,73.5,96,8.77,0.046,0.02,52.1,34,3.73,0,1.193,7.53,-49.3,7.691,0.045,5.33,0
3/27/2022,11:45:00,0,LaJaraUpstream,35.3,0.032,39.05,11,52.9,73.5,96.1,8.67,0.046,0.02,52,34,3.71,0,1.198,7.54,-49.6,8.165,0.045,5.34,0
3/27/2022,12:00:00,0,LaJaraUpstream,35.8,0.031,38.96,10.97,52.9,73.5,96,8.56,0.045,0.02,52,34,3.73,0,1.19,7.54,-49.9,8.667,0.044,5.35,0
3/27/2022,12:15:00,0,LaJaraUpstream,36.2,0.03,38.98,10.98,52.9,73.3,95.9,8.46,0.043,0.02,51.9,34,3.74,0,1.195,7.54,-50.1,9.095,0.043,5.35,0
3/27/2022,12:30:00,0,LaJaraUpstream,36.6,0.029,39.07,11,52.9,73.3,95.8,8.37,0.042,0.02,52,34,3.77,0,1.195,7.55,-50.4,9.475,0.042,5.36,0
3/27/2022,12:45:00,0,LaJaraUpstream,37.1,0.029,39.25,11.05,53.1,73.2,95.8,8.29,0.041,0.02,52.1,34,3.86,0,1.196,7.55,-50.4,9.855,0.042,5.37,0
3/27/2022,13:00:00,0,LaJaraUpstream,37.6,0.027,39.52,11.13,53.3,73.1,95.6,8.21,0.038,0.02,52.3,34,3.87,0,1.193,7.55,-50.4,10.212,0.04,5.37,0
3/27/2022,13:15:00,0,LaJaraUpstream,38,0.026,39.8,11.21,53.4,73,95.4,8.13,0.037,0.02,52.5,34,3.85,0,1.196,7.55,-50.5,10.55,0.039,5.37,0
3/27/2022,13:30:00,0,LaJaraUpstream,38.4,0.025,40.03,11.27,53.6,72.9,95.3,8.08,0.036,0.02,52.7,34,3.88,0,1.194,7.55,-50.7,10.782,0.038,5.38,0
3/27/2022,13:45:00,0,LaJaraUpstream,38.8,0.024,40.2,11.32,53.9,72.8,95.2,8.04,0.034,0.02,53,34,3.88,0,1.196,7.55,-50.8,10.985,0.037,5.38,0
3/27/2022,14:00:00,0,LaJaraUpstream,39,0.024,40.41,11.38,54.1,72.7,95.1,8,0.034,0.02,53.2,35,3.93,0,1.193,7.55,-50.8,11.09,0.037,5.38,0
3/27/2022,14:15:00,0,LaJaraUpstream,39.2,0.023,40.66,11.45,54.3,72.7,95,7.99,0.032,0.02,53.4,35,4.14,0,1.196,7.55,-50.8,11.106,0.036,5.38,0
3/27/2022,14:30:00,0,LaJaraUpstream,39.4,0.022,40.96,11.53,54.5,72.7,95,7.99,0.032,0.02,53.6,35,4.24,0,1.195,7.55,-50.8,11.108,0.035,5.38,0
3/27/2022,14:45:00,0,LaJaraUpstream,39.5,0.024,41.35,11.64,54.8,72.7,95,8,0.034,0.02,53.8,35,4.43,0,1.196,7.55,-50.6,11.048,0.037,5.38,0
3/27/2022,15:00:00,0,LaJaraUpstream,39.4,0.024,41.85,11.78,54.8,72.6,95,8.03,0.034,0.02,53.8,35,4.78,0,1.193,7.55,-50.8,10.911,0.037,5.38,0
3/27/2022,15:15:00,0,LaJaraUpstream,39.1,0.026,42.56,11.98,54.8,72.6,95,8.08,0.037,0.02,53.9,35,5.08,0,1.196,7.56,-51.1,10.609,0.039,5.38,0
3/27/2022,15:30:00,0,LaJaraUpstream,38.7,0.027,43.52,12.25,54.8,72.6,95,8.13,0.038,0.02,53.8,35,5.25,0,1.194,7.55,-50.9,10.337,0.04,5.38,0
3/27/2022,15:45:00,0,LaJaraUpstream,38.5,0.029,44.58,12.55,54.8,72.5,94.8,8.17,0.041,0.02,53.8,35,5.5,0,1.194,7.55,-50.4,10.064,0.041,5.38,0
3/27/2022,16:00:00,0,LaJaraUpstream,38,0.03,45.66,12.85,54.8,72.5,94.8,8.26,0.042,0.02,53.9,35,6,0,1.193,7.54,-50,9.613,0.043,5.37,0
3/27/2022,16:15:00,0,LaJaraUpstream,37.5,0.031,46.58,13.11,54.7,72.6,94.9,8.35,0.045,0.02,53.7,35,6.46,0,1.192,7.54,-49.9,9.176,0.044,5.37,0
3/27/2022,16:30:00,0,LaJaraUpstream,37.1,0.033,47.55,13.38,54.7,72.6,94.9,8.43,0.046,0.02,53.7,35,6.77,0,1.193,7.53,-49.4,8.789,0.045,5.36,0
3/27/2022,16:45:00,0,LaJaraUpstream,36.6,0.034,48.55,13.67,54.7,72.5,94.8,8.53,0.048,0.02,53.7,35,7.19,0,1.192,7.52,-48.7,8.314,0.047,5.36,0
3/27/2022,17:00:00,0,LaJaraUpstream,36.1,0.035,49.41,13.91,54.5,72.6,94.9,8.62,0.049,0.02,53.6,35,7.64,0,1.193,7.52,-48.4,7.849,0.047,5.35,0
3/27/2022,17:15:00,0,LaJaraUpstream,35.6,0.035,50.27,14.15,54.6,72.5,94.7,8.71,0.05,0.02,53.6,35,7.81,0,1.191,7.5,-47.7,7.403,0.048,5.35,0
3/27/2022,17:30:00,0,LaJaraUpstream,35.2,0.036,51.05,14.37,54.7,72.3,94.6,8.8,0.052,0.02,53.8,35,7.98,0,1.194,7.48,-46.5,6.906,0.049,5.35,0
3/27/2022,17:45:00,0,LaJaraUpstream,34.8,0.038,51.71,14.55,54.8,72.4,94.7,8.92,0.054,0.02,53.9,35,8.06,0,1.191,7.47,-45.9,6.429,0.051,5.34,0
3/27/2022,18:00:00,0,LaJaraUpstream,34.3,0.039,52.35,14.73,54.8,72.4,94.7,9.02,0.055,0.02,53.9,35,8.05,0,1.191,7.47,-45.4,5.981,0.052,5.33,0
3/27/2022,18:15:00,0,LaJaraUpstream,34,0.04,52.87,14.88,54.9,72.4,94.6,9.1,0.058,0.02,54,35,8.1,0,1.188,7.46,-44.8,5.59,0.053,5.32,0
3/27/2022,18:30:00,0,LaJaraUpstream,33.6,0.041,53.42,15.03,54.8,72.3,94.6,9.18,0.058,0.02,54,35,7.96,0,1.205,7.45,-44.3,5.244,0.054,5.32,0
3/27/2022,18:45:00,0,LaJaraUpstream,33.3,0.042,53.82,15.15,54.7,72.3,94.5,9.25,0.06,0.02,54,35,7.83,0,1.188,7.44,-43.7,4.931,0.055,5.31,0
3/27/2022,19:00:00,0,LaJaraUpstream,33,0.042,54.26,15.27,54.7,72.2,94.5,9.31,0.06,0.02,54,35,7.6,0,1.19,7.43,-43.3,4.666,0.055,5.31,0
3/27/2022,19:15:00,0,LaJaraUpstream,32.8,0.043,54.62,15.37,54.8,72.2,94.4,9.36,0.061,0.02,54,35,7.34,0,1.195,7.43,-42.9,4.426,0.056,5.3,0
3/27/2022,19:30:00,0,LaJaraUpstream,32.6,0.043,54.85,15.44,54.8,72.2,94.4,9.41,0.061,0.02,54,35,7.15,0,1.192,7.42,-42.6,4.214,0.056,5.3,0
3/27/2022,19:45:00,0,LaJaraUpstream,32.4,0.043,55.02,15.48,54.7,72.2,94.3,9.45,0.061,0.02,54,35,6.94,0,1.191,7.41,-42.2,4.034,0.056,5.29,0
3/27/2022,20:00:00,0,LaJaraUpstream,32.3,0.042,55.16,15.52,54.7,72.2,94.4,9.49,0.06,0.02,54,35,6.74,0,1.186,7.41,-42.1,3.901,0.055,5.28,0
3/27/2022,20:15:00,0,LaJaraUpstream,32.1,0.043,55.21,15.54,54.7,72.2,94.4,9.52,0.061,0.02,54,35,6.6,0,1.193,7.41,-41.8,3.775,0.055,5.28,0
3/27/2022,20:30:00,0,LaJaraUpstream,32,0.043,55.32,15.57,54.7,72.2,94.4,9.55,0.061,0.02,54,35,6.33,0,1.187,7.41,-41.7,3.644,0.056,5.27,0
3/27/2022,20:45:00,0,LaJaraUpstream,31.8,0.044,55.43,15.6,54.6,72.2,94.4,9.59,0.063,0.02,54,35,6.09,0,1.189,7.4,-41.6,3.512,0.057,5.27,0
3/27/2022,21:00:00,0,LaJaraUpstream,31.6,0.045,55.5,15.62,54.5,72.2,94.4,9.62,0.064,0.02,53.9,35,5.87,0,1.19,7.4,-41.4,3.388,0.058,5.26,0
3/27/2022,21:15:00,0,LaJaraUpstream,31.5,0.045,55.89,15.73,54.5,72.2,94.4,9.65,0.065,0.02,53.9,35,5.68,0,1.192,7.4,-41.4,3.281,0.058,5.26,0
3/27/2022,21:30:00,0,LaJaraUpstream,31.4,0.046,55.65,15.66,54.4,72.2,94.4,9.67,0.066,0.02,53.8,35,5.53,0,1.196,7.4,-41.4,3.178,0.059,5.25,0
3/27/2022,21:45:00,0,LaJaraUpstream,31.3,0.046,55.58,15.64,54.4,72.2,94.4,9.7,0.066,0.02,53.8,35,5.44,0,1.195,7.4,-41.4,3.083,0.059,5.25,0
3/27/2022,22:00:00,0,LaJaraUpstream,31.1,0.045,55.56,15.64,54.3,72.2,94.4,9.72,0.064,0.02,53.7,35,5.36,0,1.195,7.4,-41.2,2.997,0.058,5.25,0
3/27/2022,22:15:00,0,LaJaraUpstream,31.1,0.044,55.51,15.62,54.4,72.2,94.4,9.74,0.062,0.02,53.8,35,5.23,0,1.193,7.39,-40.9,2.912,0.056,5.24,0
3/27/2022,22:30:00,0,LaJaraUpstream,31,0.043,55.3,15.56,54.3,72.2,94.4,9.77,0.062,0.02,53.7,35,5.13,0,1.193,7.39,-40.9,2.836,0.056,5.24,0
3/27/2022,22:45:00,0,LaJaraUpstream,30.9,0.042,55.14,15.52,54.3,72.2,94.4,9.78,0.059,0.02,53.7,35,5.07,0,1.193,7.39,-40.8,2.765,0.054,5.24,0
3/27/2022,23:00:00,0,LaJaraUpstream,30.8,0.041,54.92,15.46,54.3,72.2,94.4,9.8,0.058,0.02,53.7,35,5.04,0,1.19,7.39,-40.9,2.7,0.053,5.23,0
3/27/2022,23:15:00,0,LaJaraUpstream,30.8,0.04,54.73,15.4,54.3,72.2,94.4,9.81,0.057,0.02,53.7,35,4.95,0,1.188,7.39,-41,2.639,0.053,5.23,0
3/27/2022,23:30:00,0,LaJaraUpstream,30.8,0.039,54.52,15.34,54.4,72.2,94.4,9.83,0.055,0.02,53.8,35,4.83,0,1.189,7.39,-41,2.586,0.051,5.22,0
3/27/2022,23:45:00,0,LaJaraUpstream,30.8,0.039,54.24,15.26,54.4,72.2,94.4,9.84,0.055,0.02,53.9,35,4.89,0,1.196,7.39,-40.9,2.54,0.052,5.22,0
3/28/2022,0:00:00,0,LaJaraUpstream,30.7,0.038,54.03,15.21,54.4,72.2,94.4,9.85,0.055,0.02,53.9,35,4.81,0,1.201,7.39,-40.8,2.491,0.051,5.22,0
3/28/2022,0:15:00,0,LaJaraUpstream,30.7,0.037,53.75,15.13,54.5,72.2,94.4,9.87,0.053,0.02,54,35,4.75,0,1.192,7.39,-40.7,2.451,0.05,5.22,0
3/28/2022,0:30:00,0,LaJaraUpstream,30.6,0.036,53.46,15.04,54.4,72.2,94.4,9.87,0.051,0.02,53.9,35,4.77,0,1.19,7.39,-40.8,2.428,0.049,5.21,0
3/28/2022,0:45:00,0,LaJaraUpstream,30.7,0.035,53.24,14.98,54.5,72.2,94.4,9.87,0.049,0.02,53.9,35,4.69,0,1.188,7.39,-40.9,2.414,0.047,5.21,0
3/28/2022,1:00:00,0,LaJaraUpstream,30.7,0.035,53,14.92,54.5,72.2,94.4,9.88,0.05,0.02,54,35,4.6,0,1.187,7.39,-40.9,2.401,0.048,5.2,0
3/28/2022,1:15:00,0,LaJaraUpstream,30.7,0.035,52.75,14.84,54.5,72.2,94.4,9.88,0.05,0.02,54,35,4.52,0,1.186,7.39,-41,2.384,0.048,5.2,0
3/28/2022,1:30:00,0,LaJaraUpstream,30.7,0.035,52.48,14.77,54.5,72.2,94.4,9.89,0.049,0.02,54,35,4.54,0,1.201,7.39,-41,2.363,0.048,5.2,0
3/28/2022,1:45:00,0,LaJaraUpstream,30.6,0.034,52.18,14.69,54.5,72.2,94.4,9.9,0.049,0.02,54,35,4.44,0,1.194,7.39,-40.9,2.342,0.047,5.19,0
3/28/2022,2:00:00,0,LaJaraUpstream,30.6,0.033,51.95,14.62,54.6,72.2,94.4,9.9,0.046,0.02,54,35,4.39,0,1.201,7.39,-41,2.321,0.045,5.19,0
3/28/2022,2:15:00,0,LaJaraUpstream,30.6,0.031,51.71,14.55,54.6,72.2,94.4,9.9,0.044,0.02,54,35,4.36,0,1.191,7.39,-41,2.302,0.044,5.19,0
3/28/2022,2:30:00,0,LaJaraUpstream,30.6,0.03,51.46,14.48,54.6,72.2,94.3,9.9,0.042,0.02,54.1,35,4.33,0,1.186,7.4,-41.1,2.282,0.042,5.19,0
3/28/2022,2:45:00,0,LaJaraUpstream,30.6,0.03,51.21,14.41,54.6,72.2,94.4,9.91,0.042,0.02,54.1,35,4.31,0,1.204,7.39,-40.9,2.263,0.043,5.19,0
3/28/2022,3:00:00,0,LaJaraUpstream,30.6,0.028,50.93,14.33,54.7,72.1,94.3,9.91,0.039,0.02,54.2,35,4.27,0,1.188,7.39,-40.9,2.238,0.04,5.19,0
3/28/2022,3:15:00,0,LaJaraUpstream,30.6,0.028,50.64,14.25,54.7,72.1,94.3,9.91,0.039,0.02,54.2,35,4.32,0,1.19,7.39,-40.9,2.22,0.041,5.18,0
3/28/2022,3:30:00,0,LaJaraUpstream,30.6,0.028,50.38,14.18,54.7,72.2,94.4,9.93,0.04,0.02,54.2,35,4.26,0,1.193,7.39,-40.9,2.201,0.041,5.18,0
3/28/2022,3:45:00,0,LaJaraUpstream,30.6,0.027,50.14,14.11,54.8,72.1,94.3,9.93,0.038,0.02,54.3,35,4.2,0,1.191,7.39,-40.9,2.174,0.039,5.18,0
3/28/2022,4:00:00,0,LaJaraUpstream,30.6,0.025,49.87,14.04,54.8,72.1,94.3,9.93,0.036,0.02,54.3,35,4.17,0,1.191,7.39,-40.8,2.142,0.038,5.18,0
3/28/2022,4:15:00,0,LaJaraUpstream,30.6,0.025,49.63,13.97,54.8,72.1,94.3,9.94,0.035,0.02,54.3,35,4.15,0,1.191,7.39,-40.7,2.098,0.038,5.17,0
3/28/2022,4:30:00,0,LaJaraUpstream,30.5,0.025,49.36,13.89,54.8,72.1,94.3,9.96,0.035,0.02,54.3,35,4.13,0,1.193,7.39,-40.5,2.061,0.037,5.17,0
3/28/2022,4:45:00,0,LaJaraUpstream,30.5,0.024,49.15,13.83,54.8,72.1,94.3,9.97,0.034,0.02,54.3,35,4.13,0,1.19,7.39,-40.5,2.027,0.037,5.17,0
3/28/2022,5:00:00,0,LaJaraUpstream,30.5,0.024,48.91,13.77,54.9,72.1,94.3,9.98,0.035,0.02,54.5,35,4.13,0,1.192,7.38,-40.3,1.981,0.037,5.17,0
3/28/2022,5:15:00,0,LaJaraUpstream,30.5,0.024,48.68,13.7,54.9,72.1,94.3,9.99,0.034,0.02,54.5,35,4.09,0,1.19,7.38,-40.1,1.935,0.037,5.16,0
3/28/2022,5:30:00,0,LaJaraUpstream,30.4,0.023,48.44,13.64,55,72.1,94.3,10,0.033,0.02,54.5,35,4.12,0,1.203,7.38,-40.1,1.9,0.036,5.16,0
3/28/2022,5:45:00,0,LaJaraUpstream,30.4,0.023,48.18,13.56,54.9,72.1,94.3,10.01,0.032,0.02,54.4,35,4.2,0,1.187,7.38,-40.1,1.863,0.035,5.16,0
3/28/2022,6:00:00,0,LaJaraUpstream,30.3,0.022,48.04,13.52,54.9,72.1,94.3,10.02,0.031,0.02,54.4,35,4.03,0,1.195,7.38,-40.1,1.827,0.035,5.15,0
3/28/2022,6:15:00,0,LaJaraUpstream,30.4,0.022,47.81,13.46,55,72.1,94.3,10.03,0.031,0.02,54.5,35,4.02,0,1.185,7.38,-40.1,1.792,0.034,5.15,0
3/28/2022,6:30:00,0,LaJaraUpstream,30.3,0.022,47.55,13.39,55,72.1,94.3,10.04,0.031,0.02,54.5,35,4.03,0,1.187,7.38,-40.1,1.761,0.035,5.15,0
3/28/2022,6:45:00,0,LaJaraUpstream,30.3,0.022,47.37,13.33,55,72.1,94.3,10.05,0.031,0.02,54.5,35,4.05,0,1.196,7.38,-40.1,1.737,0.035,5.14,0
3/28/2022,7:00:00,0,LaJaraUpstream,30.3,0.021,47.16,13.27,55,72.1,94.3,10.05,0.03,0.02,54.5,35,4.01,0,1.192,7.38,-40.3,1.718,0.034,5.14,0
3/28/2022,7:15:00,0,LaJaraUpstream,30.3,0.021,47.01,13.23,55,72.2,94.4,10.06,0.03,0.02,54.6,35,4.03,0,1.195,7.39,-40.5,1.721,0.034,5.14,0
3/28/2022,7:30:00,0,LaJaraUpstream,30.3,0.021,46.91,13.2,54.9,72.3,94.5,10.06,0.03,0.02,54.4,35,4.05,0,1.194,7.39,-40.8,1.76,0.034,5.14,0
3/28/2022,7:45:00,0,LaJaraUpstream,30.3,0.021,46.79,13.17,54.8,72.4,94.7,10.06,0.03,0.02,54.4,35,4.02,0,1.197,7.4,-41.3,1.856,0.034,5.13,0
3/28/2022,8:00:00,0,LaJaraUpstream,30.4,0.021,46.66,13.14,54.7,72.5,94.8,10.04,0.03,0.02,54.2,35,3.96,0,1.198,7.41,-41.7,1.955,0.034,5.13,0
3/28/2022,8:15:00,0,LaJaraUpstream,30.4,0.02,46.54,13.1,54.6,72.6,94.9,10.02,0.028,0.02,54.1,35,3.95,0,1.19,7.42,-42.3,2.08,0.033,5.13,0
3/28/2022,8:30:00,0,LaJaraUpstream,30.5,0.02,46.38,13.06,54.5,72.6,95,9.99,0.029,0.02,54,35,3.98,0,1.186,7.42,-42.7,2.222,0.033,5.13,0
3/28/2022,8:45:00,0,LaJaraUpstream,30.6,0.019,46.23,13.01,54.3,72.7,95.1,9.95,0.027,0.02,53.8,35,3.96,0,1.195,7.43,-43.2,2.391,0.032,5.13,0
3/28/2022,9:00:00,0,LaJaraUpstream,30.6,0.019,46.07,12.97,54.1,72.8,95.1,9.91,0.027,0.02,53.6,35,3.9,0,1.192,7.44,-43.5,2.563,0.032,5.13,0
3/28/2022,9:15:00,0,LaJaraUpstream,30.8,0.02,45.86,12.91,54,72.9,95.3,9.87,0.028,0.02,53.4,35,3.91,0,1.195,7.45,-44,2.774,0.032,5.13,0
3/28/2022,9:30:00,0,LaJaraUpstream,30.9,0.019,45.64,12.85,53.8,72.9,95.3,9.82,0.028,0.02,53.2,35,3.88,0,1.185,7.45,-44.4,2.991,0.032,5.13,0
3/28/2022,9:45:00,0,LaJaraUpstream,31.1,0.02,45.37,12.77,53.7,73,95.4,9.74,0.029,0.02,53,34,3.89,0,1.201,7.46,-44.9,3.321,0.033,5.14,0
3/28/2022,10:00:00,0,LaJaraUpstream,31.3,0.02,45.11,12.7,53.5,73,95.4,9.67,0.028,0.02,52.9,34,3.89,0,1.198,7.47,-45.1,3.603,0.032,5.14,0
3/28/2022,10:15:00,0,LaJaraUpstream,31.5,0.02,44.82,12.62,53.4,73,95.5,9.59,0.028,0.02,52.7,34,3.92,0,1.195,7.47,-45.6,3.948,0.033,5.14,0
3/28/2022,10:30:00,0,LaJaraUpstream,31.9,0.02,44.41,12.5,53.3,73.2,95.8,9.49,0.028,0.02,52.5,34,3.92,0,1.19,7.48,-46.3,4.442,0.032,5.15,0
3/28/2022,10:45:00,0,LaJaraUpstream,32.5,0.019,43.88,12.35,53.2,73.3,95.9,9.33,0.027,0.02,52.4,34,3.96,0,1.188,7.5,-47,5.161,0.032,5.15,0
3/28/2022,11:00:00,0,LaJaraUpstream,33.1,0.018,43.36,12.21,53.1,73.4,95.9,9.17,0.025,0.02,52.2,34,4.04,0,1.186,7.51,-47.6,5.856,0.03,5.16,0
3/28/2022,11:15:00,0,LaJaraUpstream,33.8,0.017,42.97,12.1,53.2,73.4,96,9.03,0.024,0.02,52.4,34,4.08,0,1.188,7.51,-48.1,6.472,0.03,5.17,0
3/28/2022,11:30:00,0,LaJaraUpstream,34.2,0.016,42.65,12.01,53.2,73.4,96,8.93,0.023,0.02,52.3,34,4.12,0,1.201,7.52,-48.4,6.914,0.029,5.18,0
3/28/2022,11:45:00,0,LaJaraUpstream,34.7,0.016,42.37,11.93,53.2,73.4,96,8.82,0.023,0.02,52.3,34,4.16,0,1.191,7.53,-49,7.401,0.029,5.19,0
3/28/2022,12:00:00,0,LaJaraUpstream,35.2,0.015,42.1,11.85,53.1,73.4,95.9,8.71,0.022,0.02,52.2,34,4.23,0,1.193,7.53,-49.5,7.884,0.028,5.19,0
3/28/2022,12:15:00,0,LaJaraUpstream,35.6,0.016,41.94,11.81,53.2,73.4,95.9,8.62,0.022,0.02,52.2,34,4.27,0,1.195,7.54,-49.9,8.299,0.028,5.2,0
3/28/2022,12:30:00,0,LaJaraUpstream,36,0.015,41.8,11.77,53.1,73.3,95.8,8.52,0.022,0.02,52.2,34,4.24,0,1.193,7.54,-50.1,8.728,0.028,5.21,0
3/28/2022,12:45:00,0,LaJaraUpstream,36.3,0.015,41.79,11.77,53.2,73.1,95.6,8.45,0.021,0.02,52.3,34,4.35,0,1.196,7.54,-50.2,9.024,0.028,5.22,0
3/28/2022,13:00:00,0,LaJaraUpstream,36.4,0.014,41.89,11.79,53.1,73.1,95.6,8.42,0.02,0.02,52.2,34,4.35,0,1.193,7.55,-50.4,9.142,0.027,5.22,0
3/28/2022,13:15:00,0,LaJaraUpstream,36.4,0.012,42.12,11.86,53.3,72.9,95.3,8.42,0.017,0.02,52.4,34,4.27,0,1.196,7.55,-50.3,9.049,0.024,5.22,0
3/28/2022,13:30:00,0,LaJaraUpstream,36.3,0.011,42.32,11.92,53.4,73,95.4,8.47,0.015,0.02,52.4,34,4.26,0,1.194,7.55,-50.4,8.851,0.023,5.22,0
3/28/2022,13:45:00,0,LaJaraUpstream,36.4,0.009,42.41,11.94,53.6,73,95.4,8.48,0.013,0.02,52.7,34,4.28,0,1.196,7.55,-50.6,8.784,0.022,5.22,0
3/28/2022,14:00:00,0,LaJaraUpstream,36.4,0.009,42.45,11.95,53.7,73,95.4,8.49,0.013,0.02,52.8,34,4.21,0,1.194,7.56,-50.8,8.761,0.022,5.22,0
3/28/2022,14:15:00,0,LaJaraUpstream,36.4,0.008,42.54,11.98,53.8,72.9,95.4,8.49,0.012,0.02,52.9,34,4.24,0,1.195,7.55,-50.7,8.693,0.021,5.22,0
3/28/2022,14:30:00,0,LaJaraUpstream,36.5,0.007,42.62,12,53.9,72.9,95.3,8.49,0.01,0.02,53,34,4.26,0,1.193,7.55,-50.7,8.703,0.02,5.22,0
3/28/2022,14:45:00,0,LaJaraUpstream,36.9,0.005,42.53,11.98,54.2,72.8,95.1,8.43,0.006,0.02,53.2,35,4.33,0,1.195,7.55,-50.3,8.911,0.018,5.22,0
3/28/2022,15:00:00,0,LaJaraUpstream,36.9,0.004,42.64,12,54.1,72.8,95.2,8.42,0.006,0.02,53.2,35,4.43,0,1.193,7.55,-50.5,8.961,0.017,5.22,0
3/28/2022,15:15:00,0,LaJaraUpstream,36.9,0.003,42.96,12.1,54.3,72.7,95.1,8.44,0.004,0.02,53.4,35,4.48,0,1.196,7.55,-50.4,8.827,0.015,5.22,0
3/28/2022,15:30:00,0,LaJaraUpstream,36.7,0.003,43.33,12.2,54.4,72.6,94.9,8.46,0.004,0.02,53.4,35,4.61,0,1.194,7.54,-50.1,8.639,0.015,5.22,0
3/28/2022,15:45:00,0,LaJaraUpstream,36.5,0.003,43.78,12.33,54.4,72.6,94.9,8.51,0.004,0.02,53.5,35,4.79,0,1.196,7.54,-50.1,8.398,0.016,5.22,0
3/28/2022,16:00:00,0,LaJaraUpstream,36.3,0.004,44.33,12.48,54.5,72.6,94.9,8.57,0.005,0.02,53.5,35,4.99,0,1.194,7.54,-50.1,8.13,0.017,5.22,0
3/28/2022,16:15:00,0,LaJaraUpstream,36,0.004,45.23,12.73,54.5,72.5,94.8,8.63,0.006,0.02,53.6,35,5,0,1.196,7.54,-49.7,7.796,0.017,5.22,0
