DateTime,DataValue
7/16/2021 14:30,4.62
7/16/2021 14:45,4.23
7/16/2021 15:00,4.21
7/16/2021 15:15,4.24
7/16/2021 15:30,4.23
7/16/2021 15:45,7
7/16/2021 16:00,4.36
7/16/2021 16:15,3.92
7/16/2021 16:30,3.79
7/16/2021 16:45,3.69
7/16/2021 17:00,3.68
7/16/2021 17:15,3.63
7/16/2021 17:30,3.62
7/16/2021 17:45,3.65
7/16/2021 18:00,3.6
7/16/2021 18:15,3.49
7/16/2021 18:30,3.38
7/16/2021 18:45,3.32
7/16/2021 19:00,3.25
7/16/2021 19:15,3.17
7/16/2021 19:30,3.15
7/16/2021 19:45,3.07
7/16/2021 20:00,3.02
7/16/2021 20:15,2.95
7/16/2021 20:30,2.92
7/16/2021 20:45,2.89
7/16/2021 21:00,2.87
7/16/2021 21:15,2.79
7/16/2021 21:30,2.75
7/16/2021 21:45,2.79
7/16/2021 22:00,2.7
7/16/2021 22:15,2.64
7/16/2021 22:30,2.57
7/16/2021 22:45,2.62
7/16/2021 23:00,2.59
7/16/2021 23:15,2.62
7/16/2021 23:30,3.08
7/16/2021 23:45,3.6
7/17/2021 0:00,3.37
7/17/2021 0:15,3.13
7/17/2021 0:30,3.07
7/17/2021 0:45,3.11
7/17/2021 1:00,3.25
7/17/2021 1:15,3.51
7/17/2021 1:30,4.06
7/17/2021 1:45,5.93
7/17/2021 2:00,6.37
7/17/2021 2:15,6.15
7/17/2021 2:30,6.23
7/17/2021 2:45,6.26
7/17/2021 3:00,5.93
7/17/2021 3:15,5.68
7/17/2021 3:30,5.45
7/17/2021 3:45,5.17
7/17/2021 4:00,4.92
7/17/2021 4:15,4.84
7/17/2021 4:30,4.59
7/17/2021 4:45,4.49
7/17/2021 5:00,4.33
7/17/2021 5:15,4.25
7/17/2021 5:30,4.14
7/17/2021 5:45,4.05
7/17/2021 6:00,3.92
7/17/2021 6:15,3.84
7/17/2021 6:30,3.78
7/17/2021 6:45,3.68
7/17/2021 7:00,3.63
7/17/2021 7:15,3.55
7/17/2021 7:30,3.45
7/17/2021 7:45,3.38
7/17/2021 8:00,3.29
7/17/2021 8:15,3.22
7/17/2021 8:30,3.17
7/17/2021 8:45,3.14
7/17/2021 9:00,3.09
7/17/2021 9:15,3.03
7/17/2021 9:30,2.98
7/17/2021 9:45,2.9
7/17/2021 10:00,2.9
7/17/2021 10:15,2.85
7/17/2021 10:30,2.86
7/17/2021 10:45,2.8
7/17/2021 11:00,2.76
7/17/2021 11:15,2.72
7/17/2021 11:30,2.69
7/17/2021 11:45,2.62
7/17/2021 12:00,2.56
7/17/2021 12:15,2.55
7/17/2021 12:30,2.53
7/17/2021 12:45,2.49
7/17/2021 13:00,2.44
7/17/2021 13:15,2.43
7/17/2021 13:30,2.48
7/17/2021 13:45,3.7
7/17/2021 14:00,2.67
7/17/2021 14:15,2.62
7/17/2021 14:30,2.94
7/17/2021 14:45,2.55
7/17/2021 15:00,2.48
7/17/2021 15:15,2.44
7/17/2021 15:30,2.42
7/17/2021 15:45,2.43
7/17/2021 16:00,2.43
7/17/2021 16:15,2.41
7/17/2021 16:30,2.41
7/17/2021 16:45,2.39
7/17/2021 17:00,2.37
7/17/2021 17:15,2.37
7/17/2021 17:30,2.37
7/17/2021 17:45,2.37
7/17/2021 18:00,2.4
7/17/2021 18:15,2.39
7/17/2021 18:30,2.41
7/17/2021 18:45,2.42
7/17/2021 19:00,2.41
7/17/2021 19:15,2.4
7/17/2021 19:30,2.4
7/17/2021 19:45,2.36
7/17/2021 20:00,2.34
7/17/2021 20:15,2.32
7/17/2021 20:30,2.31
7/17/2021 20:45,2.32
7/17/2021 21:00,2.31
7/17/2021 21:15,2.32
7/17/2021 21:30,2.28
7/17/2021 21:45,2.29
7/17/2021 22:00,2.3
7/17/2021 22:15,2.28
7/17/2021 22:30,2.28
7/17/2021 22:45,2.26
7/17/2021 23:00,2.28
7/17/2021 23:15,2.24
7/17/2021 23:30,2.24
7/17/2021 23:45,2.22
7/18/2021 0:00,2.21
7/18/2021 0:15,2.23
7/18/2021 0:30,2.24
7/18/2021 0:45,2.26
7/18/2021 1:00,2.23
7/18/2021 1:15,2.21
7/18/2021 1:30,2.19
7/18/2021 1:45,2.18
7/18/2021 2:00,2.2
7/18/2021 2:15,2.18
7/18/2021 2:30,2.2
7/18/2021 2:45,2.18
7/18/2021 3:00,2.13
7/18/2021 3:15,2.13
7/18/2021 3:30,2.15
7/18/2021 3:45,2.12
7/18/2021 4:00,2.15
7/18/2021 4:15,2.11
7/18/2021 4:30,2.09
7/18/2021 4:45,2.09
7/18/2021 5:00,2.08
7/18/2021 5:15,2.07
7/18/2021 5:30,2.08
7/18/2021 5:45,2.09
7/18/2021 6:00,2.09
7/18/2021 6:15,2.1
7/18/2021 6:30,2.1
7/18/2021 6:45,2.09
7/18/2021 7:00,2.09
7/18/2021 7:15,2.06
7/18/2021 7:30,2.06
7/18/2021 7:45,2.13
7/18/2021 8:00,2.08
7/18/2021 8:15,2.06
7/18/2021 8:30,2.03
7/18/2021 8:45,2.01
7/18/2021 9:00,2.03
7/18/2021 9:15,2
7/18/2021 9:30,1.99
7/18/2021 9:45,2.01
7/18/2021 10:00,1.99
7/18/2021 10:15,2
7/18/2021 10:30,2
7/18/2021 10:45,2.03
7/18/2021 11:00,1.99
7/18/2021 11:15,1.99
7/18/2021 11:30,2.01
7/18/2021 11:45,1.98
7/18/2021 12:00,1.97
7/18/2021 12:15,1.95
7/18/2021 12:30,1.95
7/18/2021 12:45,2.15
7/18/2021 13:00,2.09
7/18/2021 13:15,2.13
7/18/2021 13:30,2.02
7/18/2021 13:45,1.96
7/18/2021 14:00,1.93
7/18/2021 14:15,1.9
7/18/2021 14:30,1.9
7/18/2021 14:45,1.88
7/18/2021 15:00,1.87
7/18/2021 15:15,1.88
7/18/2021 15:30,1.86
7/18/2021 15:45,1.86
7/18/2021 16:00,1.87
7/18/2021 16:15,1.86
7/18/2021 16:30,1.85
7/18/2021 16:45,1.88
7/18/2021 17:00,1.92
7/18/2021 17:15,1.92
7/18/2021 17:30,1.93
7/18/2021 17:45,1.91
7/18/2021 18:00,1.92
7/18/2021 18:15,1.9
7/18/2021 18:30,1.89
7/18/2021 18:45,1.87
7/18/2021 19:00,1.86
7/18/2021 19:15,1.85
7/18/2021 19:30,1.85
7/18/2021 19:45,1.85
7/18/2021 20:00,1.85
7/18/2021 20:15,1.83
7/18/2021 20:30,1.85
7/18/2021 20:45,1.84
7/18/2021 21:00,1.83
7/18/2021 21:15,1.84
7/18/2021 21:30,1.85
7/18/2021 21:45,1.85
7/18/2021 22:00,1.85
7/18/2021 22:15,1.82
7/18/2021 22:30,1.84
7/18/2021 22:45,1.83
7/18/2021 23:00,1.85
7/18/2021 23:15,1.82
7/18/2021 23:30,1.88
7/18/2021 23:45,1.82
7/19/2021 0:00,1.81
7/19/2021 0:15,1.82
7/19/2021 0:30,1.82
7/19/2021 0:45,1.81
7/19/2021 1:00,1.81
7/19/2021 1:15,1.8
7/19/2021 1:30,1.78
7/19/2021 1:45,1.79
7/19/2021 2:00,1.79
7/19/2021 2:15,1.79
7/19/2021 2:30,1.79
7/19/2021 2:45,1.78
7/19/2021 3:00,1.77
7/19/2021 3:15,1.78
7/19/2021 3:30,1.78
7/19/2021 3:45,1.76
7/19/2021 4:00,1.76
7/19/2021 4:15,1.78
7/19/2021 4:30,1.75
7/19/2021 4:45,1.75
7/19/2021 5:00,1.74
7/19/2021 5:15,1.75
7/19/2021 5:30,1.75
7/19/2021 5:45,1.81
7/19/2021 6:00,1.81
7/19/2021 6:15,1.8
7/19/2021 6:30,1.81
7/19/2021 6:45,1.79
7/19/2021 7:00,1.81
7/19/2021 7:15,1.8
7/19/2021 7:30,1.79
7/19/2021 7:45,1.77
7/19/2021 8:00,1.78
7/19/2021 8:15,1.76
7/19/2021 8:30,1.76
7/19/2021 8:45,1.76
7/19/2021 9:00,1.77
7/19/2021 9:15,1.76
7/19/2021 9:30,1.76
7/19/2021 9:45,1.76
7/19/2021 10:00,1.74
7/19/2021 10:15,1.75
7/19/2021 10:30,1.76
7/19/2021 10:45,1.76
7/19/2021 11:00,1.76
7/19/2021 11:15,1.74
7/19/2021 11:30,1.75
7/19/2021 11:45,1.74
7/19/2021 12:00,1.76
7/19/2021 12:15,1.76
7/19/2021 12:30,1.75
7/19/2021 12:45,1.77
7/19/2021 13:00,1.86
7/19/2021 13:15,1.82
7/19/2021 13:30,1.8
7/19/2021 13:45,1.8
7/19/2021 14:00,1.81
7/19/2021 14:15,1.84
7/19/2021 14:30,1.81
7/19/2021 14:45,1.82
7/19/2021 15:00,1.79
7/19/2021 15:15,1.78
7/19/2021 15:30,1.79
7/19/2021 15:45,1.8
7/19/2021 16:00,1.8
7/19/2021 16:15,1.77
7/19/2021 16:30,1.76
7/19/2021 16:45,1.74
7/19/2021 17:00,1.74
7/19/2021 17:15,1.72
7/19/2021 17:30,1.72
7/19/2021 17:45,1.71
7/19/2021 18:00,1.7
7/19/2021 18:15,1.7
7/19/2021 18:30,1.69
7/19/2021 18:45,1.69
7/19/2021 19:00,1.68
7/19/2021 19:15,1.68
7/19/2021 19:30,1.65
7/19/2021 19:45,1.65
7/19/2021 20:00,1.65
7/19/2021 20:15,1.65
7/19/2021 20:30,1.65
7/19/2021 20:45,1.67
7/19/2021 21:00,1.69
7/19/2021 21:15,1.64
7/19/2021 21:30,1.63
7/19/2021 21:45,1.65
7/19/2021 22:00,1.77
7/19/2021 22:15,1.72
7/19/2021 22:30,1.66
7/19/2021 22:45,1.67
7/19/2021 23:00,1.65
7/19/2021 23:15,1.63
7/19/2021 23:30,1.65
7/19/2021 23:45,1.64
7/20/2021 0:00,1.65
7/20/2021 0:15,1.64
7/20/2021 0:30,1.63
7/20/2021 0:45,1.61
7/20/2021 1:00,1.61
7/20/2021 1:15,1.62
7/20/2021 1:30,1.61
7/20/2021 1:45,1.59
7/20/2021 2:00,1.61
7/20/2021 2:15,1.59
7/20/2021 2:30,1.59
7/20/2021 2:45,1.6
7/20/2021 3:00,1.6
7/20/2021 3:15,1.59
7/20/2021 3:30,1.57
7/20/2021 3:45,1.57
7/20/2021 4:00,1.55
7/20/2021 4:15,1.56
7/20/2021 4:30,1.55
7/20/2021 4:45,1.55
7/20/2021 5:00,1.54
7/20/2021 5:15,1.59
7/20/2021 5:30,1.59
7/20/2021 5:45,1.59
7/20/2021 6:00,1.58
7/20/2021 6:15,1.6
7/20/2021 6:30,1.61
7/20/2021 6:45,1.6
7/20/2021 7:00,1.58
7/20/2021 7:15,1.58
7/20/2021 7:30,1.63
7/20/2021 7:45,1.69
7/20/2021 8:00,1.61
7/20/2021 8:15,1.6
7/20/2021 8:30,1.58
7/20/2021 8:45,1.58
7/20/2021 9:00,1.57
7/20/2021 9:15,1.57
7/20/2021 9:30,1.56
7/20/2021 9:45,1.56
7/20/2021 10:00,1.56
7/20/2021 10:15,1.57
7/20/2021 10:30,1.57
7/20/2021 10:45,1.55
7/20/2021 11:00,1.56
7/20/2021 11:15,1.55
7/20/2021 11:30,1.53
7/20/2021 11:45,1.53
7/20/2021 12:00,1.53
7/20/2021 12:15,1.53
7/20/2021 12:30,1.51
7/20/2021 12:45,1.5
7/20/2021 13:00,1.51
7/20/2021 13:15,1.5
7/20/2021 13:30,1.66
7/20/2021 13:45,1.87
7/20/2021 14:00,1.63
7/20/2021 14:15,1.61
7/20/2021 14:30,1.61
7/20/2021 14:45,1.59
7/20/2021 15:00,1.62
7/20/2021 15:15,1.6
7/20/2021 15:30,1.59
7/20/2021 15:45,1.57
7/20/2021 16:00,1.56
7/20/2021 16:15,1.56
7/20/2021 16:30,1.54
7/20/2021 16:45,1.54
7/20/2021 17:00,1.52
7/20/2021 17:15,1.53
7/20/2021 17:30,1.52
7/20/2021 17:45,1.5
7/20/2021 18:00,1.5
7/20/2021 18:15,1.5
7/20/2021 18:30,1.53
7/20/2021 18:45,1.55
7/20/2021 19:00,1.56
7/20/2021 19:15,1.53
7/20/2021 19:30,1.52
7/20/2021 19:45,1.54
7/20/2021 20:00,1.53
7/20/2021 20:15,1.53
7/20/2021 20:30,1.52
7/20/2021 20:45,1.52
7/20/2021 21:00,1.51
7/20/2021 21:15,1.52
7/20/2021 21:30,1.54
7/20/2021 21:45,1.5
7/20/2021 22:00,1.49
7/20/2021 22:15,1.49
7/20/2021 22:30,1.51
7/20/2021 22:45,1.51
7/20/2021 23:00,1.54
7/20/2021 23:15,1.51
7/20/2021 23:30,1.51
7/20/2021 23:45,1.51
7/21/2021 0:00,1.51
7/21/2021 0:15,1.51
7/21/2021 0:30,1.52
7/21/2021 0:45,1.52
7/21/2021 1:00,1.49
7/21/2021 1:15,1.51
7/21/2021 1:30,1.51
7/21/2021 1:45,1.49
7/21/2021 2:00,1.48
7/21/2021 2:15,1.48
7/21/2021 2:30,1.49
7/21/2021 2:45,1.48
7/21/2021 3:00,1.47
7/21/2021 3:15,1.47
7/21/2021 3:30,1.47
7/21/2021 3:45,1.48
7/21/2021 4:00,1.47
7/21/2021 4:15,1.46
7/21/2021 4:30,1.47
7/21/2021 4:45,1.47
7/21/2021 5:00,1.46
7/21/2021 5:15,1.47
7/21/2021 5:30,1.47
7/21/2021 5:45,1.49
7/21/2021 6:00,1.49
7/21/2021 6:15,1.52
7/21/2021 6:30,1.52
7/21/2021 6:45,1.5
7/21/2021 7:00,1.51
7/21/2021 7:15,1.52
7/21/2021 7:30,1.52
7/21/2021 7:45,1.52
7/21/2021 8:00,1.5
7/21/2021 8:15,1.49
7/21/2021 8:30,1.48
7/21/2021 8:45,1.5
7/21/2021 9:00,1.48
7/21/2021 9:15,1.49
7/21/2021 9:30,1.48
7/21/2021 9:45,1.47
7/21/2021 10:00,1.49
7/21/2021 10:15,1.49
7/21/2021 10:30,1.52
7/21/2021 10:45,1.54
7/21/2021 11:00,1.51
7/21/2021 11:15,1.53
7/21/2021 11:30,1.51
7/21/2021 11:45,1.52
7/21/2021 12:00,1.52
7/21/2021 12:15,1.65
7/21/2021 12:30,1.6
7/21/2021 12:45,1.57
7/21/2021 13:00,1.56
7/21/2021 13:15,1.57
7/21/2021 13:30,1.58
7/21/2021 13:45,1.56
7/21/2021 14:00,1.56
7/21/2021 14:15,1.54
7/21/2021 14:30,1.55
7/21/2021 14:45,1.55
7/21/2021 15:00,1.58
7/21/2021 15:15,1.56
7/21/2021 15:30,1.55
7/21/2021 15:45,1.55
7/21/2021 16:00,1.54
7/21/2021 16:15,1.54
7/22/2021 16:00,1.87
7/22/2021 16:15,1.59
7/22/2021 16:30,1.54
7/22/2021 16:45,1.55
7/22/2021 17:00,1.79
7/22/2021 17:15,1.59
7/22/2021 17:30,1.6
7/22/2021 17:45,1.55
7/22/2021 18:00,1.53
7/22/2021 18:15,1.51
7/22/2021 18:30,1.51
7/22/2021 18:45,1.51
7/22/2021 19:00,1.53
7/22/2021 19:15,1.6
7/22/2021 19:30,1.63
7/22/2021 19:45,1.62
7/22/2021 20:00,1.61
7/22/2021 20:15,1.59
7/22/2021 20:30,1.58
7/22/2021 20:45,1.58
7/22/2021 21:00,1.55
7/22/2021 21:15,1.55
7/22/2021 21:30,1.54
7/22/2021 21:45,1.52
7/22/2021 22:00,1.51
7/22/2021 22:15,1.5
7/22/2021 22:30,1.53
7/22/2021 22:45,1.56
7/22/2021 23:00,1.53
7/22/2021 23:15,1.51
7/22/2021 23:30,1.54
7/22/2021 23:45,1.52
7/23/2021 0:00,1.56
7/23/2021 0:15,1.5
7/23/2021 0:30,1.52
7/23/2021 0:45,1.51
7/23/2021 1:00,1.5
7/23/2021 1:15,1.5
7/23/2021 1:30,1.48
7/23/2021 1:45,1.49
7/23/2021 2:00,1.48
7/23/2021 2:15,1.45
7/23/2021 2:30,1.46
7/23/2021 2:45,1.48
7/23/2021 3:00,1.45
7/23/2021 3:15,1.44
7/23/2021 3:30,1.45
7/23/2021 3:45,1.45
7/23/2021 4:00,1.45
7/23/2021 4:15,1.44
7/23/2021 4:30,1.43
7/23/2021 4:45,1.42
7/23/2021 5:00,1.45
7/23/2021 5:15,1.42
7/23/2021 5:30,1.42
7/23/2021 5:45,1.44
7/23/2021 6:00,1.46
7/23/2021 6:15,1.47
7/23/2021 6:30,1.46
7/23/2021 6:45,1.45
7/23/2021 7:00,1.48
7/23/2021 7:15,1.48
7/23/2021 7:30,1.49
7/23/2021 7:45,1.46
7/23/2021 8:00,1.44
7/23/2021 8:15,1.45
7/23/2021 8:30,1.45
7/23/2021 8:45,1.44
7/23/2021 9:00,1.45
7/23/2021 9:15,1.49
7/23/2021 9:30,1.46
7/23/2021 9:45,1.46
7/23/2021 10:00,1.45
7/23/2021 10:15,1.44
7/23/2021 10:30,1.46
7/23/2021 10:45,1.47
7/23/2021 11:00,1.49
7/23/2021 11:15,1.47
7/23/2021 11:30,1.47
7/23/2021 11:45,1.48
7/23/2021 12:00,1.49
7/23/2021 12:15,1.5
7/23/2021 12:30,1.49
7/23/2021 12:45,1.91
7/23/2021 13:00,1.94
7/23/2021 13:15,4.92
7/23/2021 13:30,4.45
7/23/2021 13:45,3.92
7/23/2021 14:00,3.44
7/23/2021 14:15,2.97
7/23/2021 14:30,3
7/23/2021 14:45,4.38
7/23/2021 15:00,10.76
7/23/2021 15:05,15.88
7/23/2021 15:10,25.42
7/23/2021 15:15,28.47
7/23/2021 15:20,28.16
7/23/2021 15:25,26.71
7/23/2021 15:30,26.43
7/23/2021 15:35,30.81
7/23/2021 15:40,29.36
7/23/2021 15:45,42.38
7/23/2021 15:50,99.64
7/23/2021 15:55,138.92
7/23/2021 16:00,169.13
7/23/2021 16:05,164.94
7/23/2021 16:10,137.51
7/23/2021 16:15,112.95
7/23/2021 16:20,96.94
7/23/2021 16:25,84.05
7/23/2021 16:30,71.78
7/23/2021 16:35,64.93
7/23/2021 16:40,59.9
7/23/2021 16:45,55.11
7/23/2021 16:50,50.07
7/23/2021 16:55,45.18
7/23/2021 17:00,40.9
7/23/2021 17:05,37.3
7/23/2021 17:10,34.23
7/23/2021 17:15,32.11
7/23/2021 17:20,29.77
7/23/2021 17:25,27.69
7/23/2021 17:30,26.09
7/23/2021 17:35,24.72
7/23/2021 17:40,23.51
7/23/2021 17:45,22.69
7/23/2021 17:50,21.76
7/23/2021 17:55,21.31
7/23/2021 18:00,21.05
7/23/2021 18:05,19.54
7/23/2021 18:10,18.82
7/23/2021 18:15,18.06
7/23/2021 18:20,17.19
7/23/2021 18:25,16.49
7/23/2021 18:30,16.01
7/23/2021 18:35,15.54
7/23/2021 18:40,15.13
7/23/2021 18:45,14.73
7/23/2021 18:50,14.31
7/23/2021 18:55,14.1
7/23/2021 19:00,13.62
7/23/2021 19:05,13.29
7/23/2021 19:10,13.8
7/23/2021 19:15,14.47
7/23/2021 19:20,13.24
7/23/2021 19:25,12.75
7/23/2021 19:30,12.27
7/23/2021 19:35,12
7/23/2021 19:40,11.64
7/23/2021 19:45,11.41
7/23/2021 19:50,11.16
7/23/2021 19:55,10.97
7/23/2021 20:00,10.86
7/23/2021 20:05,10.6
7/23/2021 20:10,10.43
7/23/2021 20:15,10.33
7/23/2021 20:20,10.1
7/23/2021 20:25,10
7/23/2021 20:30,9.89
7/23/2021 20:35,9.77
7/23/2021 20:40,9.64
7/23/2021 20:45,9.46
7/23/2021 20:50,9.3
7/23/2021 20:55,9.18
7/23/2021 21:00,9.09
7/23/2021 21:05,8.98
7/23/2021 21:10,8.84
7/23/2021 21:15,8.71
7/23/2021 21:20,8.62
7/23/2021 21:25,8.53
7/23/2021 21:30,8.48
7/23/2021 21:35,8.37
7/23/2021 21:40,8.29
7/23/2021 21:45,8.22
7/23/2021 21:50,8.12
7/23/2021 21:55,8.06
7/23/2021 22:00,8
7/23/2021 22:05,7.9
7/23/2021 22:10,7.82
7/23/2021 22:15,7.8
7/23/2021 22:20,7.72
7/23/2021 22:25,7.69
7/23/2021 22:30,7.59
7/23/2021 22:35,7.61
7/23/2021 22:40,7.93
7/23/2021 22:45,7.59
7/23/2021 22:50,7.43
7/23/2021 22:55,7.33
7/23/2021 23:00,7.23
7/23/2021 23:05,7.16
7/23/2021 23:10,7.1
7/23/2021 23:15,7.09
7/23/2021 23:20,7.05
7/23/2021 23:25,6.96
7/23/2021 23:30,6.94
7/23/2021 23:45,6.8
7/24/2021 0:00,6.68
7/24/2021 0:15,6.58
7/24/2021 0:30,6.51
7/24/2021 0:45,6.4
7/24/2021 1:00,6.3
7/24/2021 1:15,6.32
7/24/2021 1:30,6.19
7/24/2021 1:45,6.21
7/24/2021 2:00,6.1
7/24/2021 2:15,6.1
7/24/2021 2:30,6.08
7/24/2021 2:45,6.02
7/24/2021 3:00,6.03
7/24/2021 3:15,5.98
7/24/2021 3:30,6.02
7/24/2021 3:45,5.97
7/24/2021 4:00,6
7/24/2021 4:15,5.95
7/24/2021 4:30,5.95
7/24/2021 4:45,5.94
7/24/2021 5:00,5.96
7/24/2021 5:15,5.93
7/24/2021 5:30,5.92
7/24/2021 5:45,5.88
7/24/2021 6:00,5.9
7/24/2021 6:15,5.93
7/24/2021 6:30,5.92
7/24/2021 6:45,5.9
7/24/2021 7:00,5.83
7/24/2021 7:15,5.81
7/24/2021 7:30,5.76
7/24/2021 7:45,5.74
7/24/2021 8:00,5.75
7/24/2021 8:15,5.69
7/24/2021 8:30,5.68
7/24/2021 8:45,5.65
7/24/2021 9:00,5.61
7/24/2021 9:15,5.59
7/24/2021 9:30,5.63
7/24/2021 9:45,5.61
7/24/2021 10:00,5.59
7/24/2021 10:15,5.59
7/24/2021 10:30,5.57
7/24/2021 10:45,5.52
7/24/2021 11:00,5.5
7/24/2021 11:15,5.46
7/24/2021 11:30,5.41
7/24/2021 11:45,5.35
7/24/2021 12:00,5.34
7/24/2021 12:15,5.37
7/24/2021 12:30,5.32
7/24/2021 12:45,5.33
7/24/2021 13:00,5.33
7/24/2021 13:15,5.34
7/24/2021 13:30,5.32
7/24/2021 13:45,5.48
7/24/2021 14:00,5.38
7/24/2021 14:15,5.41
7/24/2021 14:30,5.36
7/24/2021 14:45,5.36
7/24/2021 15:00,5.29
7/24/2021 15:15,5.26
7/24/2021 15:30,5.25
7/24/2021 16:00,4.53
7/24/2021 16:15,4.88
7/24/2021 16:30,5.53
7/24/2021 16:45,5.06
7/24/2021 17:00,4.98
7/24/2021 17:15,4.97
7/24/2021 17:30,4.93
7/24/2021 17:45,4.95
7/24/2021 18:00,4.89
7/24/2021 18:15,4.91
7/24/2021 18:30,4.89
7/24/2021 18:45,4.86
7/24/2021 19:00,4.84
7/24/2021 19:15,4.83
7/24/2021 19:30,4.83
7/24/2021 19:45,4.81
7/24/2021 20:00,4.79
7/24/2021 20:15,4.79
7/24/2021 20:30,4.77
7/24/2021 20:45,4.8
7/24/2021 21:00,4.76
7/24/2021 21:15,4.74
7/24/2021 21:30,4.75
7/24/2021 21:45,4.74
7/24/2021 22:00,4.7
7/24/2021 22:15,4.7
7/24/2021 22:30,4.7
7/24/2021 22:45,4.66
7/24/2021 23:00,4.68
7/24/2021 23:15,4.69
7/24/2021 23:30,4.64
7/24/2021 23:45,4.63
7/25/2021 0:00,4.61
7/25/2021 0:15,4.59
7/25/2021 0:30,4.62
7/25/2021 0:45,4.59
7/25/2021 1:00,4.53
7/25/2021 1:15,4.5
7/25/2021 1:30,4.53
7/25/2021 1:45,4.51
7/25/2021 2:00,4.5
7/25/2021 2:15,4.5
7/25/2021 2:30,4.48
7/25/2021 2:45,4.47
7/25/2021 3:00,4.53
7/25/2021 3:15,4.49
7/25/2021 3:30,4.46
7/25/2021 3:45,4.43
7/25/2021 4:00,4.44
7/25/2021 4:15,4.42
7/25/2021 4:30,4.39
7/25/2021 4:45,4.36
7/25/2021 5:00,4.36
7/25/2021 5:15,4.35
7/25/2021 5:30,4.34
7/25/2021 5:45,4.34
7/25/2021 6:00,4.37
7/25/2021 6:15,4.32
7/25/2021 6:30,4.35
7/25/2021 6:45,4.36
7/25/2021 7:00,4.35
7/25/2021 7:15,4.31
7/25/2021 7:30,4.29
7/25/2021 7:45,4.25
7/25/2021 8:00,4.25
7/25/2021 8:15,4.25
7/25/2021 8:30,4.18
7/25/2021 8:45,4.18
7/25/2021 9:00,4.17
7/25/2021 9:15,4.16
7/25/2021 9:30,4.15
7/25/2021 9:45,4.13
7/25/2021 10:00,4.11
7/25/2021 10:15,4.1
7/25/2021 10:30,4.1
7/25/2021 10:45,4.03
7/25/2021 11:00,4
7/25/2021 11:15,4
7/25/2021 11:30,3.99
7/25/2021 11:45,3.99
7/25/2021 12:00,3.97
7/25/2021 12:15,3.96
7/25/2021 12:30,3.93
7/25/2021 12:45,3.92
7/25/2021 13:00,3.91
7/25/2021 13:15,3.92
7/25/2021 13:30,3.92
7/25/2021 13:45,3.9
7/25/2021 14:00,3.88
7/25/2021 14:15,3.85
7/25/2021 14:30,3.83
7/25/2021 14:45,3.82
7/25/2021 15:00,3.8
7/25/2021 15:15,3.79
7/25/2021 15:30,3.77
7/25/2021 15:45,3.77
7/25/2021 16:00,3.78
7/25/2021 16:15,3.8
7/25/2021 16:30,3.79
7/25/2021 16:45,3.77
7/25/2021 17:00,3.76
7/25/2021 17:15,3.73
7/25/2021 17:30,3.74
7/25/2021 17:45,3.72
7/25/2021 18:00,3.72
7/25/2021 18:15,3.72
7/25/2021 18:30,3.68
7/25/2021 18:45,3.7
7/25/2021 19:00,3.69
7/25/2021 19:15,3.69
7/25/2021 19:30,3.66
7/25/2021 19:45,4.09
7/25/2021 20:00,3.85
7/25/2021 20:15,3.74
7/25/2021 20:30,3.73
7/25/2021 20:45,3.71
7/25/2021 21:00,3.89
7/25/2021 21:15,3.72
7/25/2021 21:30,3.68
7/25/2021 21:45,3.65
7/25/2021 22:00,3.63
7/25/2021 22:15,3.63
7/25/2021 22:30,3.63
7/25/2021 22:45,3.64
7/25/2021 23:00,3.63
7/25/2021 23:15,3.63
7/25/2021 23:30,3.62
7/25/2021 23:45,3.62
7/26/2021 0:00,3.6
7/26/2021 0:15,3.62
7/26/2021 0:30,3.6
7/26/2021 0:45,3.58
7/26/2021 1:00,3.58
7/26/2021 1:15,3.56
7/26/2021 1:30,3.54
7/26/2021 1:45,3.55
7/26/2021 2:00,3.53
7/26/2021 2:15,3.52
7/26/2021 2:30,3.51
7/26/2021 2:45,3.51
7/26/2021 3:00,3.48
7/26/2021 3:15,3.49
7/26/2021 3:30,3.48
7/26/2021 3:45,3.47
7/26/2021 4:00,3.45
7/26/2021 4:15,3.45
7/26/2021 4:30,3.44
7/26/2021 4:45,3.43
7/26/2021 5:00,3.44
7/26/2021 5:15,3.43
7/26/2021 5:30,3.43
7/26/2021 5:45,3.43
7/26/2021 6:00,3.44
7/26/2021 6:15,3.44
7/26/2021 6:30,3.44
7/26/2021 6:45,3.44
7/26/2021 7:00,3.41
7/26/2021 7:15,3.61
7/26/2021 7:30,3.48
7/26/2021 7:45,3.65
7/26/2021 8:00,3.49
7/26/2021 8:15,3.44
7/26/2021 8:30,3.38
7/26/2021 8:45,3.37
7/26/2021 9:00,3.33
7/26/2021 9:15,3.32
7/26/2021 9:30,3.32
7/26/2021 9:45,3.3
7/26/2021 10:00,3.29
7/26/2021 10:15,3.28
7/26/2021 10:30,3.25
7/26/2021 10:45,3.22
7/26/2021 11:00,3.18
7/26/2021 11:15,3.13
7/26/2021 11:30,3.21
7/26/2021 11:45,3.14
7/26/2021 12:00,3.11
7/26/2021 12:15,3.08
7/26/2021 12:30,3.09
7/26/2021 12:45,3.08
7/26/2021 13:00,3.07
7/26/2021 13:15,3.07
7/26/2021 13:30,3.07
7/26/2021 13:45,3.1
7/26/2021 14:00,3.1
7/26/2021 14:15,3.11
7/26/2021 14:30,3.11
7/26/2021 14:45,3.15
7/26/2021 15:00,3.13
7/26/2021 15:15,3.16
7/26/2021 15:30,3.12
7/26/2021 15:45,3.13
7/26/2021 16:00,3.15
7/26/2021 16:15,3.16
7/26/2021 16:30,3.16
7/26/2021 16:45,3.16
7/26/2021 17:00,3.13
7/26/2021 17:15,3.13
7/26/2021 17:30,3.13
7/26/2021 17:45,3.14
7/26/2021 18:00,3.12
7/26/2021 18:15,3.1
7/26/2021 18:30,3.09
7/26/2021 18:45,3.11
7/26/2021 19:00,3.42
7/26/2021 19:15,3.16
7/26/2021 19:30,3.1
7/26/2021 19:45,3.06
7/26/2021 20:00,3.05
7/26/2021 20:15,3.07
7/26/2021 20:30,3.07
7/26/2021 20:45,3.07
7/26/2021 21:00,3.08
7/26/2021 21:15,3.06
7/26/2021 21:30,3.06
7/26/2021 21:45,3.05
7/26/2021 22:00,3.04
7/26/2021 22:15,3.01
7/26/2021 22:30,3.03
7/26/2021 22:45,3.04
7/26/2021 23:00,3.03
7/26/2021 23:15,3.02
7/26/2021 23:30,3.01
7/26/2021 23:45,3.02
7/27/2021 0:00,3.01
7/27/2021 0:15,3.01
7/27/2021 0:30,3
7/27/2021 0:45,3.01
7/27/2021 1:00,3.03
7/27/2021 1:15,3.02
7/27/2021 1:30,3.01
7/27/2021 1:45,3
7/27/2021 2:00,3
7/27/2021 2:15,2.98
7/27/2021 2:30,2.97
7/27/2021 2:45,2.96
7/27/2021 3:00,2.96
7/27/2021 3:15,2.97
7/27/2021 3:30,2.96
7/27/2021 3:45,2.95
7/27/2021 4:00,2.95
7/27/2021 4:15,2.96
7/27/2021 4:30,2.94
7/27/2021 4:45,2.95
7/27/2021 5:00,2.92
7/27/2021 5:15,2.92
7/27/2021 5:30,2.92
7/27/2021 5:45,2.92
7/27/2021 6:00,2.94
7/27/2021 6:15,2.95
7/27/2021 6:30,2.95
7/27/2021 6:45,2.97
8/5/2021 17:30,4.86
8/5/2021 17:45,2.83
8/5/2021 18:00,1.97
8/5/2021 18:15,1.84
8/5/2021 18:30,1.82
8/5/2021 18:45,1.8
8/5/2021 19:00,1.8
8/5/2021 19:15,1.8
8/5/2021 19:30,1.81
8/5/2021 19:45,1.81
8/5/2021 20:00,1.81
8/5/2021 20:15,1.84
8/5/2021 20:30,1.83
8/5/2021 20:45,1.84
8/5/2021 21:00,1.82
8/5/2021 21:15,1.86
8/5/2021 21:30,1.83
8/5/2021 21:45,1.81
8/5/2021 22:00,1.81
8/5/2021 22:15,1.81
8/5/2021 22:30,1.81
8/5/2021 22:45,1.83
8/5/2021 23:00,1.81
8/5/2021 23:15,1.8
8/5/2021 23:30,1.79
8/5/2021 23:45,1.81
8/6/2021 0:00,1.83
8/6/2021 0:15,1.79
8/6/2021 0:30,1.8
8/6/2021 0:45,1.82
8/6/2021 1:00,1.81
8/6/2021 1:15,1.81
8/6/2021 1:30,1.83
8/6/2021 1:45,1.82
8/6/2021 2:00,1.81
8/6/2021 2:15,1.79
8/6/2021 2:30,1.8
8/6/2021 2:45,1.9
8/6/2021 3:00,1.83
8/6/2021 3:15,1.8
8/6/2021 3:30,1.8
8/6/2021 3:45,1.83
8/6/2021 4:00,1.83
8/6/2021 4:15,1.81
8/6/2021 4:30,1.82
8/6/2021 4:45,1.8
8/6/2021 5:00,1.8
8/6/2021 5:15,1.79
8/6/2021 5:30,1.79
8/6/2021 5:45,1.81
8/6/2021 6:00,1.81
8/6/2021 6:15,1.83
8/6/2021 6:30,1.86
8/6/2021 6:45,1.82
8/6/2021 7:00,1.81
8/6/2021 7:15,1.79
8/6/2021 7:30,1.79
8/6/2021 7:45,1.79
8/6/2021 8:00,1.76
8/6/2021 8:15,1.74
8/6/2021 8:30,1.76
8/6/2021 8:45,1.77
8/6/2021 9:00,1.75
8/6/2021 9:15,1.76
8/6/2021 9:30,1.74
8/6/2021 9:45,1.76
8/6/2021 10:00,1.74
8/6/2021 10:15,1.77
8/6/2021 10:30,1.78
8/6/2021 10:45,1.79
8/6/2021 11:00,1.8
8/6/2021 11:15,1.83
8/6/2021 11:30,1.84
8/6/2021 11:45,1.82
8/6/2021 12:00,1.83
8/6/2021 12:15,1.81
8/6/2021 12:30,1.85
8/6/2021 12:45,1.85
8/6/2021 13:00,1.87
8/6/2021 13:15,1.85
8/6/2021 13:30,1.87
8/6/2021 13:45,1.86
8/6/2021 14:00,1.88
8/6/2021 14:15,1.88
8/6/2021 14:30,1.89
8/6/2021 14:45,1.9
8/6/2021 15:00,1.88
8/6/2021 15:15,1.86
8/6/2021 15:30,1.88
8/6/2021 15:45,1.88
8/6/2021 16:00,1.87
8/6/2021 16:15,1.85
8/6/2021 16:30,1.83
8/6/2021 16:45,1.81
8/6/2021 17:00,1.83
8/6/2021 17:15,1.83
8/6/2021 17:30,1.8
8/6/2021 17:45,1.82
8/6/2021 18:00,1.82
8/6/2021 18:15,1.8
8/6/2021 18:30,1.8
8/6/2021 18:45,1.79
8/6/2021 19:00,1.79
8/6/2021 19:15,1.76
8/6/2021 19:30,1.76
8/6/2021 19:45,1.74
8/6/2021 20:00,1.79
8/6/2021 20:15,1.78
8/6/2021 20:30,1.79
8/6/2021 20:45,1.79
8/6/2021 21:00,1.79
8/6/2021 21:15,1.77
8/6/2021 21:30,1.78
8/6/2021 21:45,1.79
8/6/2021 22:00,1.8
8/6/2021 22:15,1.78
8/6/2021 22:30,1.79
8/6/2021 22:45,1.79
8/6/2021 23:00,1.78
8/6/2021 23:15,1.74
8/6/2021 23:30,1.77
8/6/2021 23:45,1.77
8/7/2021 0:00,1.76
8/7/2021 0:15,1.77
8/7/2021 0:30,1.77
8/7/2021 0:45,1.78
8/7/2021 1:00,1.8
8/7/2021 1:15,1.81
8/7/2021 1:30,1.78
8/7/2021 1:45,1.79
8/7/2021 2:00,1.79
8/7/2021 2:15,1.78
8/7/2021 2:30,1.78
8/7/2021 2:45,1.79
8/7/2021 3:00,1.78
8/7/2021 3:15,1.77
8/7/2021 3:30,1.78
8/7/2021 3:45,1.76
8/7/2021 4:00,1.75
8/7/2021 4:15,1.75
8/7/2021 4:30,1.76
8/7/2021 4:45,1.77
8/7/2021 5:00,1.77
8/7/2021 5:15,1.76
8/7/2021 5:30,1.77
8/7/2021 5:45,1.76
8/7/2021 6:00,1.78
8/7/2021 6:15,1.8
8/7/2021 6:30,1.8
8/7/2021 6:45,1.78
8/7/2021 7:00,1.75
8/7/2021 7:15,1.76
8/7/2021 7:30,1.74
8/7/2021 7:45,1.74
8/7/2021 8:00,1.73
8/7/2021 8:15,1.7
8/7/2021 8:30,1.7
8/7/2021 8:45,1.69
8/7/2021 9:00,1.69
8/7/2021 9:15,1.67
8/7/2021 9:30,1.68
8/7/2021 9:45,1.67
8/7/2021 10:00,1.71
8/7/2021 10:15,1.7
8/7/2021 10:30,1.72
8/7/2021 10:45,1.74
8/7/2021 11:00,1.74
8/7/2021 11:15,1.73
8/7/2021 11:30,1.74
8/7/2021 11:45,1.78
8/7/2021 12:00,1.76
8/7/2021 12:15,1.75
8/7/2021 12:30,1.76
8/7/2021 12:45,1.78
8/7/2021 13:00,1.81
8/7/2021 13:15,1.84
8/7/2021 13:30,1.81
8/7/2021 13:45,1.81
8/7/2021 14:00,1.83
8/7/2021 14:15,1.88
8/7/2021 14:30,1.84
8/7/2021 14:45,1.85
8/7/2021 15:00,1.86
8/7/2021 15:15,1.82
8/7/2021 15:30,1.84
8/7/2021 15:45,1.85
8/7/2021 16:00,1.84
8/7/2021 16:15,1.81
8/7/2021 16:30,1.8
8/7/2021 16:45,1.81
8/7/2021 17:00,1.81
8/7/2021 17:15,1.85
8/7/2021 17:30,27.27
8/7/2021 17:35,27.24
8/7/2021 17:40,28.36
8/7/2021 17:45,29.2
8/7/2021 17:50,22.7
8/7/2021 17:55,24.25
8/7/2021 18:00,24.2
8/7/2021 18:05,26.21
8/7/2021 18:10,25.19
8/7/2021 18:15,12.3
8/7/2021 18:20,3.22
8/7/2021 18:25,1.93
8/7/2021 18:30,1.75
8/7/2021 18:35,1.72
8/7/2021 18:40,1.71
8/7/2021 18:45,1.69
8/7/2021 18:50,1.69
8/7/2021 18:55,1.74
8/7/2021 19:00,1.81
8/7/2021 19:05,1.88
8/7/2021 19:10,1.84
8/7/2021 19:15,1.76
8/7/2021 19:20,1.72
8/7/2021 19:25,1.71
8/7/2021 19:30,1.69
8/7/2021 19:35,1.68
8/7/2021 19:40,1.69
8/7/2021 19:45,2.33
8/7/2021 19:50,1.75
8/7/2021 19:55,1.61
8/7/2021 20:00,1.62
8/7/2021 20:05,1.64
8/7/2021 20:10,1.63
8/7/2021 20:15,1.63
8/7/2021 20:20,1.65
8/7/2021 20:25,1.66
8/7/2021 20:30,1.68
8/7/2021 20:35,1.7
8/7/2021 20:40,1.67
8/7/2021 20:45,1.65
8/7/2021 20:50,1.62
8/7/2021 20:55,1.65
8/7/2021 21:00,1.66
8/7/2021 21:15,1.64
8/7/2021 21:30,1.65
8/7/2021 21:45,1.61
8/7/2021 22:00,1.63
8/7/2021 22:15,1.64
8/7/2021 22:30,1.63
8/7/2021 22:45,1.64
8/7/2021 23:00,1.64
8/7/2021 23:15,1.63
8/7/2021 23:30,1.65
8/7/2021 23:45,1.63
8/8/2021 0:00,1.63
8/8/2021 0:15,1.63
8/8/2021 0:30,1.63
8/8/2021 0:45,1.65
8/8/2021 1:00,1.65
8/8/2021 1:15,1.67
8/8/2021 1:30,1.66
8/8/2021 1:45,1.65
8/8/2021 2:00,1.64
8/8/2021 2:15,1.66
8/8/2021 2:30,1.66
8/8/2021 2:45,1.66
8/8/2021 3:00,1.67
8/8/2021 3:15,1.65
8/8/2021 3:30,1.65
8/8/2021 3:45,1.65
8/8/2021 4:00,1.64
8/8/2021 4:15,1.65
8/8/2021 4:30,1.63
8/8/2021 4:45,1.63
8/8/2021 5:00,1.63
8/8/2021 5:15,1.63
8/8/2021 5:30,1.63
8/8/2021 5:45,1.63
8/8/2021 6:00,1.66
8/8/2021 6:15,1.68
8/8/2021 6:30,1.65
8/8/2021 6:45,1.66
8/8/2021 7:00,1.63
8/8/2021 7:15,1.64
8/8/2021 7:30,1.61
8/8/2021 7:45,1.62
8/8/2021 8:00,1.61
8/8/2021 8:15,1.6
8/8/2021 8:30,1.62
8/8/2021 8:45,1.63
8/8/2021 9:00,1.64
8/8/2021 9:15,1.63
8/8/2021 9:30,1.62
8/8/2021 9:45,1.64
8/8/2021 10:00,1.65
8/8/2021 10:15,1.63
8/8/2021 10:30,1.66
8/8/2021 10:45,1.66
8/8/2021 11:00,1.67
8/8/2021 11:15,1.67
8/8/2021 11:30,1.68
8/8/2021 11:45,1.67
8/8/2021 12:00,1.67
8/8/2021 12:15,1.68
8/8/2021 12:30,1.69
8/8/2021 12:45,1.71
8/8/2021 13:00,1.72
8/8/2021 13:15,1.73
8/8/2021 13:30,1.74
8/8/2021 13:45,1.75
8/8/2021 14:00,1.75
8/8/2021 14:15,1.75
8/8/2021 14:30,1.75
8/8/2021 14:45,1.75
8/8/2021 15:00,1.74
8/8/2021 15:15,1.73
8/8/2021 15:30,1.74
8/8/2021 15:45,1.74
8/8/2021 16:00,1.73
8/8/2021 16:15,1.72
8/8/2021 16:30,1.72
8/8/2021 16:45,1.71
8/8/2021 17:00,1.7
8/8/2021 17:15,1.68
8/8/2021 17:30,1.68
8/8/2021 17:45,1.68
8/8/2021 18:00,1.67
8/8/2021 18:15,1.69
8/8/2021 18:30,1.67
8/8/2021 18:45,1.68
8/8/2021 19:00,1.66
8/8/2021 19:15,1.66
8/8/2021 19:30,1.66
8/8/2021 19:45,1.63
8/8/2021 20:00,1.62
8/8/2021 20:15,1.63
8/8/2021 20:30,1.66
8/8/2021 20:45,1.66
8/8/2021 21:00,1.66
8/8/2021 21:15,1.66
8/8/2021 21:30,1.65
8/8/2021 21:45,1.67
8/8/2021 22:00,1.65
8/8/2021 22:15,1.64
8/8/2021 22:30,1.64
8/8/2021 22:45,1.65
8/8/2021 23:00,1.63
8/8/2021 23:15,1.66
8/8/2021 23:30,1.66
8/8/2021 23:45,1.65
8/9/2021 0:00,1.65
8/9/2021 0:15,1.64
8/9/2021 0:30,1.65
8/9/2021 0:45,1.66
8/9/2021 1:00,1.64
8/9/2021 1:15,1.69
8/9/2021 1:30,1.64
8/9/2021 1:45,1.64
8/9/2021 2:00,1.64
8/9/2021 2:15,1.63
8/9/2021 2:30,1.64
8/9/2021 2:45,1.63
8/9/2021 3:00,1.64
8/9/2021 3:15,1.65
8/9/2021 3:30,1.65
8/9/2021 3:45,1.64
8/9/2021 4:00,1.63
8/9/2021 4:15,1.65
8/9/2021 4:30,1.62
8/9/2021 4:45,1.64
8/9/2021 5:00,1.64
8/9/2021 5:15,1.64
8/9/2021 5:30,1.63
8/9/2021 5:45,1.64
8/9/2021 6:00,1.63
8/9/2021 6:15,1.65
8/9/2021 6:30,1.63
8/9/2021 6:45,1.63
8/9/2021 7:00,1.63
8/9/2021 7:15,1.62
8/9/2021 7:30,1.6
8/9/2021 7:45,1.6
8/9/2021 8:00,1.59
8/9/2021 8:15,1.64
8/9/2021 8:30,1.61
8/9/2021 8:45,1.62
8/9/2021 9:00,1.59
8/9/2021 9:15,1.6
8/9/2021 9:30,1.6
8/9/2021 9:45,1.58
8/9/2021 10:00,1.6
8/9/2021 10:15,1.62
8/9/2021 10:30,1.64
8/9/2021 10:45,1.63
8/9/2021 11:00,1.65
8/9/2021 11:15,1.65
8/9/2021 11:30,1.66
8/9/2021 11:45,1.66
8/9/2021 12:00,1.68
8/9/2021 12:15,1.67
8/9/2021 12:30,1.67
8/9/2021 12:45,1.68
8/9/2021 13:00,1.71
8/9/2021 13:15,1.73
8/9/2021 13:30,1.69
8/9/2021 13:45,1.69
8/9/2021 14:00,1.68
8/9/2021 14:15,1.69
8/9/2021 14:30,1.69
8/9/2021 14:45,1.69
8/9/2021 15:00,1.68
8/9/2021 15:15,1.68
8/9/2021 15:30,1.68
8/9/2021 15:45,1.71
8/9/2021 16:00,1.68
8/9/2021 16:15,1.7
8/9/2021 16:30,1.69
8/9/2021 16:45,1.68
8/9/2021 17:00,1.68
8/9/2021 17:15,1.75
8/9/2021 17:30,1.71
8/9/2021 17:45,1.68
8/9/2021 18:00,1.67
8/9/2021 18:15,1.67
8/9/2021 18:30,1.66
8/9/2021 18:45,1.64
8/9/2021 19:00,1.71
8/9/2021 19:15,1.7
8/9/2021 19:30,1.7
8/9/2021 19:45,1.66
8/9/2021 20:00,1.62
8/9/2021 20:15,1.65
8/9/2021 20:30,1.67
8/9/2021 20:45,1.68
8/9/2021 21:00,1.66
8/9/2021 21:15,1.69
8/9/2021 21:30,1.67
8/9/2021 21:45,1.65
8/9/2021 22:00,1.65
8/9/2021 22:15,1.65
8/9/2021 22:30,1.64
8/9/2021 22:45,1.65
8/9/2021 23:00,1.64
8/9/2021 23:15,1.65
8/9/2021 23:30,1.66
8/9/2021 23:45,1.65
8/10/2021 0:00,1.66
8/10/2021 0:15,1.65
8/10/2021 0:30,1.65
8/10/2021 0:45,1.66
8/10/2021 1:00,1.65
8/10/2021 1:15,1.65
8/10/2021 1:30,1.66
8/10/2021 1:45,1.65
8/10/2021 2:00,1.64
8/10/2021 2:15,1.66
8/10/2021 2:30,1.66
8/10/2021 2:45,1.66
8/10/2021 3:00,1.66
8/10/2021 3:15,1.64
8/10/2021 3:30,1.66
8/10/2021 3:45,1.65
8/10/2021 4:00,1.64
8/10/2021 4:15,1.65
8/10/2021 4:30,1.66
8/10/2021 4:45,1.64
8/10/2021 5:00,1.62
8/10/2021 5:15,1.63
8/10/2021 5:30,1.63
8/10/2021 5:45,1.64
8/10/2021 6:00,1.65
8/10/2021 6:15,1.66
8/10/2021 6:30,1.64
8/10/2021 6:45,1.67
8/10/2021 7:00,1.67
8/10/2021 7:15,1.64
8/10/2021 7:30,1.61
8/10/2021 7:45,1.63
8/10/2021 8:00,1.61
8/10/2021 8:15,1.59
8/10/2021 8:30,1.59
8/10/2021 8:45,1.57
8/10/2021 9:00,1.57
8/10/2021 9:15,1.56
8/10/2021 9:30,1.56
8/10/2021 9:45,1.56
8/10/2021 10:00,1.56
8/10/2021 10:15,1.57
8/10/2021 10:30,1.59
8/10/2021 10:45,1.6
8/10/2021 11:00,1.6
8/10/2021 11:15,1.61
8/10/2021 11:30,1.63
8/10/2021 11:45,1.6
8/10/2021 12:00,1.59
8/10/2021 12:15,1.58
8/10/2021 12:30,1.57
8/10/2021 12:45,1.57
8/10/2021 13:00,1.59
8/10/2021 13:15,1.59
8/10/2021 13:30,1.62
8/10/2021 13:45,1.6
8/10/2021 14:00,1.58
8/10/2021 14:15,1.65
8/10/2021 14:30,1.62
8/10/2021 14:45,1.6
8/10/2021 15:00,1.62
8/10/2021 15:15,1.62
8/10/2021 15:30,1.65
8/10/2021 15:45,1.64
8/10/2021 16:00,1.65
8/10/2021 16:15,1.72
8/10/2021 16:30,1.75
8/10/2021 16:45,1.68
8/10/2021 17:00,1.66
8/10/2021 17:15,1.64
8/10/2021 17:30,1.64
8/10/2021 17:45,1.64
8/10/2021 18:00,1.64
8/10/2021 18:15,1.62
8/10/2021 18:30,1.62
8/10/2021 18:45,1.62
8/10/2021 19:00,1.62
8/10/2021 19:15,1.67
8/10/2021 19:30,1.65
8/10/2021 19:45,1.63
8/10/2021 20:00,1.61
8/10/2021 20:15,1.64
8/10/2021 20:30,1.66
8/10/2021 20:45,1.66
8/10/2021 21:00,1.65
8/10/2021 21:15,1.65
8/10/2021 21:30,1.61
8/10/2021 21:45,1.64
8/10/2021 22:00,1.62
8/10/2021 22:15,1.64
8/10/2021 22:30,1.63
8/10/2021 22:45,1.65
8/10/2021 23:00,1.66
8/10/2021 23:15,1.64
8/10/2021 23:30,1.64
8/10/2021 23:45,1.66
8/11/2021 0:00,1.66
8/11/2021 0:15,1.65
8/11/2021 0:30,1.62
8/11/2021 0:45,1.63
8/11/2021 1:00,1.65
8/11/2021 1:15,1.64
8/11/2021 1:30,1.63
8/11/2021 1:45,1.65
8/11/2021 2:00,1.7
8/11/2021 2:15,1.67
8/11/2021 2:30,1.76
8/11/2021 2:45,1.67
8/11/2021 3:00,1.68
8/11/2021 3:15,1.66
8/11/2021 3:30,1.65
8/11/2021 3:45,1.64
8/11/2021 4:00,1.62
8/11/2021 4:15,1.64
8/11/2021 4:30,1.63
8/11/2021 4:45,1.64
8/11/2021 5:00,1.63
8/11/2021 5:15,1.63
8/11/2021 5:30,1.63
8/11/2021 5:45,1.64
8/11/2021 6:00,1.65
8/11/2021 6:15,1.66
8/11/2021 6:30,1.66
8/11/2021 6:45,1.66
8/11/2021 7:00,1.64
8/11/2021 7:15,1.63
8/11/2021 7:30,1.67
8/11/2021 7:45,1.65
8/11/2021 8:00,1.61
8/11/2021 8:15,1.6
8/11/2021 8:30,1.6
8/11/2021 8:45,1.59
8/11/2021 9:00,1.58
8/11/2021 9:15,1.59
8/11/2021 9:30,1.57
8/11/2021 9:45,1.56
8/11/2021 10:00,1.6
8/11/2021 10:15,1.63
8/11/2021 10:30,1.61
8/11/2021 10:45,1.59
8/11/2021 11:00,1.6
8/11/2021 11:15,1.6
8/11/2021 11:30,1.58
8/11/2021 11:45,1.59
8/11/2021 12:00,1.59
8/11/2021 12:15,1.63
8/11/2021 12:30,1.62
8/11/2021 12:45,1.64
8/11/2021 13:00,1.63
8/11/2021 13:15,1.64
8/11/2021 13:30,1.66
8/11/2021 13:45,1.69
8/11/2021 14:00,1.69
8/11/2021 14:15,1.68
8/11/2021 14:30,1.66
8/11/2021 14:45,1.67
8/11/2021 15:00,1.64
8/11/2021 15:15,1.65
8/11/2021 15:30,1.62
8/11/2021 15:45,1.63
8/11/2021 16:00,1.61
8/11/2021 16:15,1.61
8/11/2021 16:30,1.59
8/11/2021 16:45,1.59
8/11/2021 17:00,1.66
8/11/2021 17:15,3.92
8/11/2021 17:30,4.63
8/11/2021 17:45,4.56
8/11/2021 18:00,4.62
8/11/2021 18:15,4.6
8/11/2021 18:30,4.6
8/11/2021 18:45,4.58
8/11/2021 19:00,4.56
8/11/2021 19:15,4.54
8/11/2021 19:30,4.53
8/11/2021 19:45,4.51
8/11/2021 20:00,4.5
8/11/2021 20:15,4.49
8/11/2021 20:30,4.48
8/11/2021 20:45,4.47
8/11/2021 21:00,4.45
8/11/2021 21:15,4.45
8/11/2021 21:30,4.45
8/11/2021 21:45,4.45
8/11/2021 22:00,4.45
8/11/2021 22:15,4.44
8/11/2021 22:30,4.45
8/11/2021 22:45,4.45
8/11/2021 23:00,4.45
8/11/2021 23:15,4.46
8/11/2021 23:30,4.47
8/11/2021 23:45,4.47
8/12/2021 0:00,4.48
8/12/2021 0:15,4.49
8/12/2021 0:30,4.49
8/12/2021 0:45,4.5
8/12/2021 1:00,4.5
8/12/2021 1:15,4.51
8/12/2021 1:30,4.52
8/12/2021 1:45,4.53
8/12/2021 2:00,4.53
8/12/2021 2:15,4.53
8/12/2021 2:30,4.53
8/12/2021 2:45,4.54
8/12/2021 3:00,4.53
8/12/2021 3:15,4.54
8/12/2021 3:30,4.55
8/12/2021 3:45,4.56
8/12/2021 4:00,4.57
8/12/2021 4:15,4.58
8/12/2021 4:30,4.57
8/12/2021 4:45,4.58
8/12/2021 5:00,4.59
8/12/2021 5:15,4.59
8/12/2021 5:30,4.6
8/12/2021 5:45,4.6
8/12/2021 6:00,4.61
8/12/2021 6:15,4.61
8/12/2021 6:30,4.62
8/12/2021 6:45,4.63
8/12/2021 7:00,4.63
8/12/2021 7:15,4.64
8/12/2021 7:30,4.63
8/12/2021 7:45,4.64
8/12/2021 8:00,4.64
8/12/2021 8:15,4.64
8/12/2021 8:30,4.64
8/12/2021 8:45,4.63
8/12/2021 9:00,4.63
8/12/2021 9:15,4.63
8/12/2021 9:30,4.63
8/12/2021 9:45,4.62
8/12/2021 10:00,4.61
8/12/2021 10:15,4.61
8/12/2021 10:30,4.6
8/12/2021 10:45,4.6
8/12/2021 11:00,4.6
8/12/2021 11:15,4.58
8/12/2021 11:30,5.17
8/12/2021 16:20,1.58
8/12/2021 16:35,1.48
8/12/2021 16:50,1.46
8/12/2021 17:05,1.46
8/12/2021 17:20,1.47
8/12/2021 17:35,1.57
8/12/2021 17:50,1.58
8/12/2021 18:05,1.45
8/12/2021 18:20,1.45
8/12/2021 18:35,1.5
8/12/2021 18:50,1.53
8/12/2021 19:05,1.48
8/12/2021 19:20,1.38
8/12/2021 19:35,1.35
8/12/2021 19:50,1.47
8/12/2021 20:05,1.45
8/12/2021 20:20,1.44
8/12/2021 20:35,1.45
8/12/2021 20:50,1.5
8/12/2021 21:05,1.53
8/12/2021 21:20,1.49
8/12/2021 21:35,1.48
8/12/2021 21:50,1.38
8/12/2021 22:05,1.47
8/12/2021 22:20,1.43
8/12/2021 22:35,1.42
8/12/2021 22:50,1.52
8/12/2021 23:05,1.45
8/12/2021 23:20,1.49
8/12/2021 23:35,1.46
8/12/2021 23:50,1.47
8/13/2021 0:05,1.51
8/13/2021 0:20,1.37
8/13/2021 0:35,1.45
8/13/2021 0:50,1.49
8/13/2021 1:05,1.47
8/13/2021 1:20,1.4
8/13/2021 1:35,1.53
8/13/2021 1:50,1.42
8/13/2021 2:05,1.45
8/13/2021 2:20,1.44
8/13/2021 2:35,1.44
8/13/2021 2:50,1.41
8/13/2021 3:05,1.46
8/13/2021 3:20,1.38
8/13/2021 3:35,1.44
8/13/2021 3:50,1.41
8/13/2021 4:05,1.41
8/13/2021 4:20,1.49
8/13/2021 4:35,1.37
8/13/2021 4:50,1.45
8/13/2021 5:05,1.54
8/13/2021 5:20,1.42
8/13/2021 5:35,1.36
8/13/2021 5:50,1.42
8/13/2021 6:05,1.46
8/13/2021 6:20,1.47
8/13/2021 6:35,1.44
8/13/2021 6:50,1.41
8/13/2021 7:05,1.43
8/13/2021 7:20,1.4
8/13/2021 7:35,1.34
8/13/2021 7:50,1.43
8/13/2021 8:05,1.39
8/13/2021 8:20,1.39
8/13/2021 8:35,1.34
8/13/2021 8:50,1.44
8/13/2021 9:05,1.44
8/13/2021 9:20,1.4
8/13/2021 9:35,1.34
8/13/2021 9:50,1.4
8/13/2021 10:05,1.44
8/13/2021 10:20,1.43
8/13/2021 10:35,1.41
8/13/2021 10:50,1.41
8/13/2021 11:05,1.45
8/13/2021 11:20,1.49
8/13/2021 11:35,1.44
8/13/2021 11:50,1.54
8/13/2021 12:05,1.39
8/13/2021 12:20,1.45
8/13/2021 12:35,1.44
8/13/2021 12:50,1.38
8/13/2021 13:05,1.45
8/13/2021 13:20,1.54
8/13/2021 13:35,1.67
8/13/2021 13:50,1.49
8/13/2021 14:05,1.45
8/13/2021 14:20,1.53
8/13/2021 14:35,1.55
8/13/2021 14:50,1.5
8/13/2021 15:05,1.54
8/13/2021 15:20,1.51
8/13/2021 15:35,1.53
8/13/2021 15:50,1.4
8/13/2021 16:05,1.49
8/13/2021 16:20,1.46
8/13/2021 16:35,1.69
8/13/2021 16:50,1.51
8/13/2021 17:05,1.69
8/13/2021 17:20,1.85
8/13/2021 17:35,1.46
8/13/2021 17:50,1.43
8/13/2021 18:05,1.41
8/13/2021 18:20,1.43
8/13/2021 18:35,1.52
8/13/2021 18:50,1.45
8/13/2021 19:05,1.4
8/13/2021 19:20,1.38
8/13/2021 19:35,1.42
8/13/2021 19:50,1.44
8/13/2021 20:05,1.38
8/13/2021 20:20,1.46
8/13/2021 20:35,1.39
8/13/2021 20:50,1.46
8/13/2021 21:05,1.44
8/13/2021 21:20,1.37
8/13/2021 21:35,1.45
8/13/2021 21:50,1.5
8/13/2021 22:05,1.37
8/13/2021 22:20,1.45
8/13/2021 22:35,1.4
8/13/2021 22:50,1.44
8/13/2021 23:05,1.37
8/13/2021 23:20,1.49
8/13/2021 23:35,1.43
8/13/2021 23:50,1.45
8/14/2021 0:05,1.49
8/14/2021 0:20,1.4
8/14/2021 0:35,1.52
8/14/2021 0:50,1.47
8/14/2021 1:05,1.44
8/14/2021 1:20,1.44
8/14/2021 1:35,1.38
8/14/2021 1:50,1.41
8/14/2021 2:05,1.44
8/14/2021 2:20,1.43
8/14/2021 2:35,1.46
8/14/2021 2:50,1.41
8/14/2021 3:05,1.5
8/14/2021 3:20,1.4
8/14/2021 3:35,1.45
8/14/2021 3:50,1.43
8/14/2021 4:05,1.45
8/14/2021 4:20,1.44
8/14/2021 4:35,1.41
8/14/2021 4:50,1.35
8/14/2021 5:05,1.45
8/14/2021 5:20,1.42
8/14/2021 5:35,1.34
8/14/2021 5:50,1.43
8/14/2021 6:05,1.41
8/14/2021 6:20,1.43
8/14/2021 6:35,1.39
8/14/2021 6:50,1.38
8/14/2021 7:05,1.36
8/14/2021 7:20,1.36
8/14/2021 7:35,1.39
8/14/2021 7:50,1.35
8/14/2021 8:05,1.32
8/14/2021 8:20,1.29
8/14/2021 8:35,1.38
8/14/2021 8:50,1.32
8/14/2021 9:05,1.37
8/14/2021 9:20,1.35
8/14/2021 9:35,1.27
8/14/2021 9:50,1.37
8/14/2021 10:05,1.31
8/14/2021 10:20,1.39
8/14/2021 10:35,1.34
8/14/2021 10:50,1.38
8/14/2021 11:05,1.48
8/14/2021 11:20,1.37
8/14/2021 11:35,1.36
8/14/2021 11:50,1.44
8/14/2021 12:05,1.43
8/14/2021 12:20,1.35
8/14/2021 12:35,1.44
8/14/2021 12:50,1.55
8/14/2021 13:05,1.57
8/14/2021 13:20,1.51
8/14/2021 13:35,1.48
8/14/2021 13:50,1.48
8/14/2021 14:05,1.52
8/14/2021 14:20,1.47
8/14/2021 14:35,1.48
8/14/2021 14:50,1.43
8/14/2021 15:05,1.51
8/14/2021 15:20,1.51
8/14/2021 15:35,1.45
8/14/2021 15:50,1.49
8/14/2021 16:05,1.53
8/14/2021 16:20,1.52
8/14/2021 16:35,1.55
8/14/2021 16:50,1.5
8/14/2021 17:05,1.47
8/14/2021 17:20,1.42
8/14/2021 17:35,1.39
8/14/2021 17:50,1.57
8/14/2021 18:05,1.48
8/14/2021 18:20,1.42
8/14/2021 18:35,1.41
8/14/2021 18:50,1.45
8/14/2021 19:05,1.43
8/14/2021 19:20,1.43
8/14/2021 19:35,1.46
8/14/2021 19:50,1.66
8/14/2021 20:05,1.35
8/14/2021 20:20,1.5
8/14/2021 20:35,1.41
8/14/2021 20:50,1.44
8/14/2021 21:05,1.41
8/14/2021 21:20,1.4
8/14/2021 21:35,1.44
8/14/2021 21:50,1.49
8/14/2021 22:05,1.41
8/14/2021 22:20,1.45
8/14/2021 22:35,1.41
8/14/2021 22:50,1.4
8/14/2021 23:05,1.31
8/14/2021 23:20,1.51
8/14/2021 23:35,1.38
8/14/2021 23:50,1.43
8/15/2021 0:05,1.38
8/15/2021 0:20,1.46
8/15/2021 0:35,1.41
8/15/2021 0:50,1.5
8/15/2021 1:05,1.44
8/15/2021 1:20,1.41
8/15/2021 1:35,1.33
8/15/2021 1:50,1.39
8/15/2021 2:05,1.34
8/15/2021 2:20,1.46
8/15/2021 2:35,1.33
8/15/2021 2:50,1.42
8/15/2021 3:05,1.33
8/15/2021 3:20,1.38
8/15/2021 3:35,1.56
8/15/2021 3:50,1.42
8/15/2021 4:05,1.38
8/15/2021 4:20,1.31
8/15/2021 4:35,1.37
8/15/2021 4:50,1.36
8/15/2021 5:05,1.3
8/15/2021 5:20,1.36
8/15/2021 5:35,1.43
8/15/2021 5:50,1.44
8/15/2021 6:05,1.39
8/15/2021 6:20,1.42
8/15/2021 6:35,1.37
8/15/2021 6:50,1.42
8/15/2021 7:05,1.37
8/15/2021 7:20,1.38
8/15/2021 7:35,1.34
8/15/2021 7:50,1.45
8/15/2021 8:05,1.36
8/15/2021 8:20,1.4
8/15/2021 8:35,1.26
8/15/2021 8:50,1.34
8/15/2021 9:05,1.37
8/15/2021 9:20,1.34
8/15/2021 9:35,1.41
8/15/2021 9:50,1.37
8/15/2021 10:05,1.3
8/15/2021 10:20,1.34
8/15/2021 10:35,1.55
8/15/2021 10:50,1.3
8/15/2021 11:05,1.36
8/15/2021 11:20,1.37
8/15/2021 11:35,1.38
8/15/2021 11:50,1.35
8/15/2021 12:05,1.31
8/15/2021 12:20,1.32
8/15/2021 12:35,1.34
8/15/2021 12:50,1.45
8/15/2021 13:05,1.4
8/15/2021 13:20,1.4
8/15/2021 13:35,1.36
8/15/2021 13:50,1.41
8/15/2021 14:05,1.38
8/15/2021 14:20,1.43
8/15/2021 14:35,1.43
8/15/2021 14:50,1.4
8/15/2021 15:05,1.49
8/15/2021 15:20,1.42
8/15/2021 15:35,1.65
8/15/2021 15:50,1.49
8/15/2021 16:05,1.45
8/15/2021 16:20,1.45
8/15/2021 16:35,1.42
8/15/2021 16:50,1.43
8/15/2021 17:05,1.39
8/15/2021 17:20,1.59
8/15/2021 17:35,1.44
8/15/2021 17:50,1.39
8/15/2021 18:05,1.75
8/15/2021 18:20,1.83
8/15/2021 18:35,2.09
8/15/2021 18:50,2.41
8/15/2021 19:05,3.34
8/15/2021 19:20,2.45
8/15/2021 19:35,2.12
8/15/2021 19:50,2
8/15/2021 20:05,1.8
8/15/2021 20:20,1.83
8/15/2021 20:35,1.77
8/15/2021 20:50,1.87
8/15/2021 21:05,1.96
8/15/2021 21:20,2.41
8/15/2021 21:35,2.61
8/15/2021 21:50,2.43
8/15/2021 22:05,2.29
8/15/2021 22:20,2.22
8/15/2021 22:35,2.14
8/15/2021 22:50,2.09
8/15/2021 23:05,1.85
8/15/2021 23:20,1.89
8/15/2021 23:35,1.82
8/15/2021 23:50,1.73
8/16/2021 0:05,1.75
8/16/2021 0:20,1.68
8/16/2021 0:35,1.62
8/16/2021 0:50,1.59
8/16/2021 1:05,1.68
8/16/2021 1:20,1.61
8/16/2021 1:35,1.52
8/16/2021 1:50,1.52
8/16/2021 2:05,1.58
8/16/2021 2:20,1.48
8/16/2021 2:35,1.51
8/16/2021 2:50,1.42
8/16/2021 3:05,1.51
8/16/2021 3:20,1.45
8/16/2021 3:35,1.46
8/16/2021 3:50,1.53
8/16/2021 4:05,1.46
8/16/2021 4:20,1.43
8/16/2021 4:35,1.45
8/16/2021 4:50,1.38
8/16/2021 5:05,1.38
8/16/2021 5:20,1.39
8/16/2021 5:35,1.39
8/16/2021 5:50,1.39
8/16/2021 6:05,1.41
8/16/2021 6:20,1.37
8/16/2021 6:35,1.36
8/16/2021 6:50,1.36
8/16/2021 7:05,1.34
8/16/2021 7:20,1.37
8/16/2021 7:35,1.34
8/16/2021 7:50,1.34
8/16/2021 8:05,1.27
8/16/2021 8:20,1.22
8/16/2021 8:35,1.28
8/16/2021 8:50,1.32
8/16/2021 9:05,1.35
8/16/2021 9:20,1.35
8/16/2021 9:35,1.3
8/16/2021 9:50,1.31
8/16/2021 10:05,1.26
8/16/2021 10:20,1.28
8/16/2021 10:35,1.27
8/16/2021 10:50,1.33
8/16/2021 11:05,1.28
8/16/2021 11:20,1.33
8/16/2021 11:35,1.2
8/16/2021 11:50,1.38
8/16/2021 12:05,1.26
8/16/2021 12:20,1.29
8/16/2021 12:35,1.33
8/16/2021 12:50,1.33
8/16/2021 13:05,1.26
8/16/2021 13:20,1.27
8/16/2021 13:35,1.62
8/16/2021 13:50,4.27
8/16/2021 14:05,3.82
8/16/2021 14:20,3.05
8/16/2021 14:35,2.5
8/16/2021 14:50,2.4
8/16/2021 15:05,2.12
8/16/2021 15:20,2.04
8/16/2021 15:35,2.03
8/16/2021 15:50,2.01
8/16/2021 16:05,1.96
8/16/2021 16:20,1.88
8/16/2021 16:35,1.87
8/16/2021 16:50,1.93
8/16/2021 17:05,9.05
8/16/2021 17:09,5.17
8/16/2021 17:14,3.7
8/16/2021 17:19,4.07
8/16/2021 17:24,4.48
8/16/2021 17:29,3.63
8/16/2021 17:35,2.21
8/16/2021 17:40,2.08
8/16/2021 17:45,1.91
8/16/2021 17:50,1.96
8/16/2021 17:55,1.78
8/16/2021 18:00,1.81
8/16/2021 18:05,1.81
8/16/2021 18:10,1.76
8/16/2021 18:15,1.77
8/16/2021 18:20,1.72
8/16/2021 18:25,1.69
8/16/2021 18:30,1.76
8/16/2021 18:35,1.75
8/16/2021 18:40,1.68
8/16/2021 18:45,1.69
8/16/2021 18:50,1.72
8/16/2021 18:55,1.7
8/16/2021 19:00,1.64
8/16/2021 19:05,1.72
8/16/2021 19:10,1.61
8/16/2021 19:15,1.69
8/16/2021 19:20,1.64
8/16/2021 19:25,1.64
8/16/2021 19:30,1.57
8/16/2021 19:35,1.57
8/16/2021 19:40,1.63
8/16/2021 19:45,1.57
8/16/2021 19:50,1.56
8/16/2021 19:55,1.61
8/16/2021 20:00,1.59
8/16/2021 20:05,1.6
8/16/2021 20:10,1.61
8/16/2021 20:15,1.54
8/16/2021 20:20,1.55
8/16/2021 20:25,1.62
8/16/2021 20:30,1.59
8/16/2021 20:35,1.58
8/16/2021 20:40,1.55
8/16/2021 20:45,1.69
8/16/2021 20:50,1.54
8/16/2021 20:55,1.55
8/16/2021 21:00,1.61
8/16/2021 21:05,1.56
8/16/2021 21:10,1.54
8/16/2021 21:15,1.62
8/16/2021 21:20,1.49
8/16/2021 21:25,1.5
8/16/2021 21:30,1.52
8/16/2021 21:35,1.54
8/16/2021 21:40,1.49
8/16/2021 21:45,1.48
8/16/2021 21:50,1.55
8/16/2021 21:55,1.49
8/16/2021 22:00,1.52
8/16/2021 22:05,1.48
8/16/2021 22:10,1.49
8/16/2021 22:15,1.45
8/16/2021 22:20,1.48
8/16/2021 22:25,1.46
8/16/2021 22:30,1.55
8/16/2021 22:36,1.43
8/16/2021 22:41,1.52
8/16/2021 22:46,1.53
8/16/2021 22:51,1.44
8/16/2021 22:56,1.51
8/16/2021 23:01,1.43
8/16/2021 23:06,1.44
8/16/2021 23:11,1.45
8/16/2021 23:16,1.4
8/16/2021 23:21,1.44
8/16/2021 23:26,1.5
8/16/2021 23:31,1.45
8/16/2021 23:36,1.42
8/16/2021 23:41,1.46
8/16/2021 23:46,1.43
8/16/2021 23:51,1.54
8/16/2021 23:56,1.39
8/17/2021 0:01,1.44
8/17/2021 0:06,1.44
8/17/2021 0:11,1.45
8/17/2021 0:16,1.38
8/17/2021 0:21,1.47
8/17/2021 0:26,1.47
8/17/2021 0:31,1.46
8/17/2021 0:36,1.38
8/17/2021 0:41,1.44
8/17/2021 0:46,1.4
8/17/2021 0:51,1.39
8/17/2021 0:56,1.43
8/17/2021 1:01,1.38
8/17/2021 1:06,1.44
8/17/2021 1:11,1.4
8/17/2021 1:16,1.44
8/17/2021 1:21,1.36
8/17/2021 1:26,1.46
8/17/2021 1:31,1.43
8/17/2021 1:36,1.41
8/17/2021 1:41,1.34
8/17/2021 1:46,1.37
8/17/2021 1:51,1.43
8/17/2021 1:56,1.42
8/17/2021 2:01,1.43
8/17/2021 2:06,1.43
8/17/2021 2:11,1.33
8/17/2021 2:16,1.44
8/17/2021 2:21,1.41
8/17/2021 2:26,1.48
8/17/2021 2:31,1.42
8/17/2021 2:36,1.39
8/17/2021 2:50,1.45
8/17/2021 3:05,1.44
8/17/2021 3:20,1.35
8/17/2021 3:35,1.4
8/17/2021 3:50,1.33
8/17/2021 4:05,1.41
8/17/2021 4:20,1.41
8/17/2021 4:35,1.37
8/17/2021 4:50,1.38
8/17/2021 5:05,1.36
8/17/2021 5:20,1.32
8/17/2021 5:35,1.41
8/17/2021 5:50,1.37
8/17/2021 6:05,1.42
8/17/2021 6:20,1.37
8/17/2021 6:35,1.36
8/17/2021 6:50,1.34
8/17/2021 7:05,1.41
8/17/2021 7:20,1.32
8/17/2021 7:35,1.33
8/17/2021 7:50,1.32
8/17/2021 8:05,1.31
8/17/2021 8:20,1.32
8/17/2021 8:35,1.74
8/17/2021 8:50,1.32
8/17/2021 9:05,1.5
8/17/2021 9:20,1.45
8/17/2021 9:35,1.39
8/17/2021 9:50,1.32
8/17/2021 10:05,1.39
8/17/2021 10:20,1.31
8/17/2021 10:35,1.32
8/17/2021 10:50,1.4
8/17/2021 11:05,1.38
8/17/2021 11:20,1.4
8/17/2021 11:35,1.34
8/17/2021 11:50,1.34
8/17/2021 12:05,1.49
8/17/2021 12:20,1.44
8/17/2021 12:35,1.36
8/17/2021 12:50,1.4
8/17/2021 13:05,1.47
8/17/2021 13:20,1.47
8/17/2021 13:35,1.4
8/17/2021 13:50,1.45
8/17/2021 14:05,1.42
8/17/2021 14:20,1.42
8/17/2021 14:35,1.46
8/17/2021 14:50,1.5
8/17/2021 15:05,1.49
8/17/2021 15:20,1.56
8/17/2021 15:35,1.45
8/17/2021 15:50,1.43
8/17/2021 16:05,1.44
8/17/2021 16:20,1.46
8/17/2021 16:35,1.44
8/17/2021 16:50,1.36
8/17/2021 17:05,1.43
8/17/2021 17:20,1.48
8/17/2021 17:35,1.5
8/17/2021 17:50,1.57
8/17/2021 18:05,1.51
8/17/2021 18:20,3.11
8/17/2021 18:35,3.58
8/17/2021 18:50,1.84
8/17/2021 19:05,1.72
8/17/2021 19:20,1.58
8/17/2021 19:35,1.54
8/17/2021 19:50,1.56
8/17/2021 20:05,1.46
8/17/2021 20:20,1.55
8/17/2021 20:35,1.48
8/17/2021 20:50,1.5
8/17/2021 21:05,1.41
8/17/2021 21:20,1.46
8/17/2021 21:35,1.47
8/17/2021 21:50,1.47
8/17/2021 22:05,1.47
8/17/2021 22:20,1.4
8/17/2021 22:35,1.45
8/17/2021 22:50,1.43
8/17/2021 23:05,1.36
8/17/2021 23:20,1.42
8/17/2021 23:35,1.47
8/17/2021 23:50,1.52
8/18/2021 0:05,1.46
8/18/2021 0:20,1.44
8/18/2021 0:35,1.39
8/18/2021 0:50,1.38
8/18/2021 1:05,1.38
8/18/2021 1:20,1.32
8/18/2021 1:35,1.39
8/18/2021 1:50,1.45
8/18/2021 2:05,1.34
8/18/2021 2:20,1.36
8/18/2021 2:35,1.44
8/18/2021 2:50,1.43
8/18/2021 3:05,1.39
8/18/2021 3:20,1.35
8/18/2021 3:35,1.43
8/18/2021 3:50,1.46
8/18/2021 4:05,1.32
8/18/2021 4:20,1.36
8/18/2021 4:35,1.35
8/18/2021 4:50,1.34
8/18/2021 5:05,1.4
8/18/2021 5:20,1.35
8/18/2021 5:35,1.34
8/18/2021 5:50,1.43
8/18/2021 6:05,1.38
8/18/2021 6:20,1.43
8/18/2021 6:35,1.42
8/18/2021 6:50,1.46
8/18/2021 7:05,1.38
8/18/2021 7:20,1.34
8/18/2021 7:35,1.41
8/18/2021 7:50,1.4
8/18/2021 8:05,1.42
8/18/2021 8:20,1.31
8/18/2021 8:35,1.31
8/18/2021 8:50,1.34
8/18/2021 9:05,1.38
8/18/2021 9:20,1.37
8/18/2021 9:35,1.3
8/18/2021 9:50,1.34
8/18/2021 10:05,1.37
8/18/2021 10:20,1.35
8/18/2021 10:35,1.35
8/18/2021 10:50,1.44
8/18/2021 11:05,1.35
8/18/2021 11:20,1.34
8/18/2021 11:35,1.31
8/18/2021 11:50,1.4
8/18/2021 12:05,1.36
8/18/2021 12:20,1.49
8/18/2021 12:35,1.4
8/18/2021 12:50,1.36
8/18/2021 13:05,1.41
8/18/2021 13:20,1.44
8/18/2021 13:35,1.39
8/18/2021 13:50,1.5
8/18/2021 14:05,1.52
8/18/2021 14:20,1.49
8/18/2021 14:35,1.53
8/18/2021 14:50,1.51
8/18/2021 15:05,1.49
8/18/2021 15:20,1.54
8/18/2021 15:35,1.44
8/18/2021 15:50,1.44
8/18/2021 16:05,1.48
8/18/2021 16:20,1.45
8/18/2021 16:35,1.55
8/18/2021 16:50,1.5
8/18/2021 17:05,1.44
8/18/2021 17:20,1.44
8/18/2021 17:35,1.49
8/18/2021 17:50,1.47
8/18/2021 18:05,1.42
8/18/2021 18:20,1.41
8/18/2021 18:35,1.48
8/18/2021 18:50,1.41
8/18/2021 19:05,1.6
8/18/2021 19:20,1.55
8/18/2021 19:35,1.49
8/18/2021 19:50,1.45
8/18/2021 20:05,1.42
8/18/2021 20:20,1.39
8/18/2021 20:35,1.45
8/18/2021 20:50,1.47
8/18/2021 21:05,1.43
8/18/2021 21:20,1.44
8/18/2021 21:35,1.47
8/18/2021 21:50,1.4
8/18/2021 22:05,1.38
8/18/2021 22:20,1.43
8/18/2021 22:35,1.4
8/18/2021 22:50,1.48
8/18/2021 23:05,1.43
8/18/2021 23:20,1.41
8/18/2021 23:35,1.39
8/18/2021 23:50,1.39
8/19/2021 0:05,1.41
8/19/2021 0:20,1.33
8/19/2021 0:35,1.47
8/19/2021 0:50,1.46
8/19/2021 1:05,1.41
8/19/2021 1:20,1.37
8/19/2021 1:35,1.36
8/19/2021 1:50,1.43
8/19/2021 2:05,1.39
8/19/2021 2:20,1.41
8/19/2021 2:35,1.37
8/19/2021 2:50,1.43
8/19/2021 3:05,1.36
8/19/2021 3:20,1.41
8/19/2021 3:35,1.47
8/19/2021 3:50,1.34
8/19/2021 4:05,1.41
8/19/2021 4:20,1.36
8/19/2021 4:35,1.35
8/19/2021 4:50,1.35
8/19/2021 5:05,1.37
8/19/2021 5:20,1.32
8/19/2021 5:35,1.29
8/19/2021 5:50,1.34
8/19/2021 6:05,1.37
8/19/2021 6:20,1.4
8/19/2021 6:35,1.39
8/19/2021 6:50,1.44
8/19/2021 7:05,1.34
8/19/2021 7:20,1.36
8/19/2021 7:35,1.37
8/19/2021 7:50,1.4
8/19/2021 8:05,1.38
8/19/2021 8:20,1.39
8/19/2021 8:35,1.35
8/19/2021 8:50,1.38
8/19/2021 9:05,1.31
8/19/2021 9:20,1.33
8/19/2021 9:35,1.32
8/19/2021 9:50,1.37
8/19/2021 10:05,1.35
8/19/2021 10:20,1.27
8/19/2021 10:35,1.32
8/19/2021 10:50,1.28
8/19/2021 11:05,1.29
8/19/2021 11:20,1.36
8/19/2021 11:35,1.33
8/19/2021 11:50,1.4
8/19/2021 12:05,1.3
8/19/2021 12:20,1.28
8/19/2021 12:35,1.4
8/19/2021 12:50,1.39
8/19/2021 13:05,12.77
8/19/2021 13:08,5.62
8/19/2021 13:30,1.56
8/19/2021 13:45,1.3
8/19/2021 14:00,2.76
8/19/2021 14:15,1.55
8/19/2021 14:30,1.33
8/19/2021 14:45,1.31
8/19/2021 15:00,1.3
8/19/2021 15:15,1.31
8/19/2021 15:30,1.28
8/19/2021 15:45,1.32
8/19/2021 16:00,1.39
8/19/2021 16:15,1.36
8/19/2021 16:30,1.32
8/19/2021 16:45,1.33
8/19/2021 17:00,1.33
8/19/2021 17:15,1.32
8/19/2021 17:30,1.34
8/19/2021 17:45,1.34
8/19/2021 18:00,1.33
8/19/2021 18:15,1.33
8/19/2021 18:30,1.31
8/19/2021 18:45,1.33
8/19/2021 19:00,1.32
8/19/2021 19:15,1.32
8/19/2021 19:30,1.32
8/19/2021 19:45,1.32
8/19/2021 20:00,1.33
8/19/2021 20:15,1.35
8/19/2021 20:30,1.35
8/19/2021 20:45,1.33
8/19/2021 21:00,1.33
8/19/2021 21:15,1.31
8/19/2021 21:30,1.32
8/19/2021 21:45,1.33
8/19/2021 22:00,1.35
8/19/2021 22:15,1.34
8/19/2021 22:30,1.32
8/19/2021 22:45,1.32
8/19/2021 23:00,1.3
8/19/2021 23:15,1.3
8/19/2021 23:30,1.32
8/19/2021 23:45,1.32
8/20/2021 0:00,1.3
8/20/2021 0:15,1.3
8/20/2021 0:30,1.31
8/20/2021 0:45,1.33
8/20/2021 1:00,1.34
8/20/2021 1:15,1.36
8/20/2021 1:30,1.34
8/20/2021 1:45,1.33
8/20/2021 2:00,1.32
8/20/2021 2:15,1.3
8/20/2021 2:30,1.31
8/20/2021 2:45,1.31
8/20/2021 3:00,1.3
8/20/2021 3:15,1.29
8/20/2021 3:30,1.3
8/20/2021 3:45,1.31
8/20/2021 4:00,1.3
8/20/2021 4:15,1.34
8/20/2021 4:30,1.29
8/20/2021 4:45,1.3
8/20/2021 5:00,1.28
8/20/2021 5:15,1.27
8/20/2021 5:30,1.27
8/20/2021 5:45,1.29
8/20/2021 6:00,1.3
8/20/2021 6:15,1.33
8/20/2021 6:30,1.33
8/20/2021 6:45,1.33
8/20/2021 7:00,1.33
8/20/2021 7:15,1.33
8/20/2021 7:30,1.32
8/20/2021 7:45,1.3
8/20/2021 8:00,1.31
8/20/2021 8:15,1.29
8/20/2021 8:30,1.32
8/20/2021 8:45,1.41
8/20/2021 9:00,1.37
8/20/2021 9:15,1.3
8/20/2021 9:30,1.28
8/20/2021 9:45,1.27
8/20/2021 10:00,1.27
8/20/2021 10:15,1.28
8/20/2021 10:30,1.29
8/20/2021 10:45,1.34
8/20/2021 11:00,1.31
8/20/2021 11:15,1.38
8/20/2021 11:30,1.39
8/20/2021 11:45,1.31
8/20/2021 12:00,1.32
8/20/2021 12:15,1.33
8/20/2021 12:30,1.33
8/20/2021 12:45,1.43
8/20/2021 13:00,1.36
8/20/2021 13:15,1.38
8/20/2021 13:30,1.39
8/20/2021 13:45,1.45
8/20/2021 14:00,1.44
8/20/2021 14:15,1.44
8/20/2021 14:30,1.43
8/20/2021 14:45,1.42
8/20/2021 15:00,1.41
8/20/2021 15:15,1.42
8/20/2021 15:30,1.41
8/20/2021 15:45,1.41
8/20/2021 16:00,1.42
8/20/2021 16:15,1.43
8/20/2021 16:30,1.38
8/20/2021 16:45,1.4
8/20/2021 17:00,1.4
8/20/2021 17:15,1.39
8/20/2021 17:30,1.39
8/20/2021 17:45,1.4
8/20/2021 18:00,1.39
8/20/2021 18:15,1.37
8/20/2021 18:30,1.37
8/20/2021 18:45,1.36
8/20/2021 19:00,1.35
8/20/2021 19:15,1.32
8/20/2021 19:30,1.32
8/20/2021 19:45,1.33
8/20/2021 20:00,1.35
8/20/2021 20:15,1.37
8/20/2021 20:30,1.38
8/20/2021 20:45,1.37
8/20/2021 21:00,1.35
8/20/2021 21:15,1.32
8/20/2021 21:30,1.33
8/20/2021 21:45,1.34
8/20/2021 22:00,1.35
8/20/2021 22:15,1.34
8/20/2021 22:30,1.31
8/20/2021 22:45,1.35
8/20/2021 23:00,1.35
8/20/2021 23:15,1.34
8/20/2021 23:30,1.34
8/20/2021 23:45,1.34
8/21/2021 0:00,1.34
8/21/2021 0:15,1.34
8/21/2021 0:30,1.34
8/21/2021 0:45,1.35
8/21/2021 1:00,1.33
8/21/2021 1:15,1.34
8/21/2021 1:30,1.33
8/21/2021 1:45,1.33
8/21/2021 2:00,1.36
8/21/2021 2:15,1.35
8/21/2021 2:30,1.35
8/21/2021 2:45,1.32
8/21/2021 3:00,1.31
8/21/2021 3:15,1.32
8/21/2021 3:30,1.32
8/21/2021 3:45,1.32
8/21/2021 4:00,1.33
8/21/2021 4:15,1.31
8/21/2021 4:30,1.34
8/21/2021 4:45,1.34
8/21/2021 5:00,1.31
8/21/2021 5:15,1.31
8/21/2021 5:30,1.31
8/21/2021 5:45,1.32
8/21/2021 6:00,1.35
8/21/2021 6:15,1.35
8/21/2021 6:30,1.35
8/21/2021 6:45,1.36
8/21/2021 7:00,1.37
8/21/2021 7:15,1.35
8/21/2021 7:30,1.35
8/21/2021 7:45,1.35
8/21/2021 8:00,1.35
8/21/2021 8:15,1.34
8/21/2021 8:30,1.33
8/21/2021 8:45,1.32
8/21/2021 9:00,1.31
8/21/2021 9:15,1.32
8/21/2021 9:30,1.31
8/21/2021 9:45,1.37
8/21/2021 10:00,1.4
8/21/2021 10:15,1.38
8/21/2021 10:30,1.39
8/21/2021 10:45,1.38
8/21/2021 11:00,1.39
8/21/2021 11:15,1.4
8/21/2021 11:30,1.4
8/21/2021 11:45,1.38
8/21/2021 12:00,1.39
8/21/2021 12:15,1.38
8/21/2021 12:30,1.39
8/21/2021 12:45,1.39
8/21/2021 13:00,1.41
8/21/2021 13:15,1.4
8/21/2021 13:30,1.41
8/21/2021 13:45,1.41
8/21/2021 14:00,1.42
8/21/2021 14:15,1.4
8/21/2021 14:30,1.42
8/21/2021 14:45,1.41
8/21/2021 15:00,1.41
8/21/2021 15:15,1.41
8/21/2021 15:30,1.43
8/21/2021 15:45,1.41
8/21/2021 16:00,1.41
8/21/2021 16:15,1.39
8/21/2021 16:30,1.4
8/21/2021 16:45,1.4
8/21/2021 17:00,1.41
8/21/2021 17:15,1.39
8/21/2021 17:30,1.39
8/21/2021 17:45,1.4
8/21/2021 18:00,1.39
8/21/2021 18:15,1.38
8/21/2021 18:30,1.37
8/21/2021 18:45,1.38
8/21/2021 19:00,1.37
8/21/2021 19:15,1.36
8/21/2021 19:30,1.86
8/21/2021 19:45,4.94
8/21/2021 20:00,3.13
8/21/2021 20:15,2.19
8/21/2021 20:30,1.9
8/21/2021 20:45,1.8
8/21/2021 21:00,1.72
8/21/2021 21:15,1.67
8/21/2021 21:30,1.65
8/21/2021 21:45,2.1
8/21/2021 22:00,1.66
8/21/2021 22:15,1.61
8/21/2021 22:30,1.56
8/21/2021 22:45,1.55
8/21/2021 23:00,1.53
8/21/2021 23:15,1.53
8/21/2021 23:30,1.55
8/21/2021 23:45,1.54
8/22/2021 0:00,1.53
8/22/2021 0:15,1.52
8/22/2021 0:30,1.52
8/22/2021 0:45,1.51
8/22/2021 1:00,1.53
8/22/2021 1:15,1.51
8/22/2021 1:30,1.52
8/22/2021 1:45,1.53
8/22/2021 2:00,1.53
8/22/2021 2:15,1.55
8/22/2021 2:30,1.52
8/22/2021 2:45,1.53
8/22/2021 3:00,1.53
8/22/2021 3:15,1.5
8/22/2021 3:30,1.48
8/22/2021 3:45,1.5
8/22/2021 4:00,1.49
8/22/2021 4:15,1.49
8/22/2021 4:30,1.47
8/22/2021 4:45,1.48
8/22/2021 5:00,1.49
8/22/2021 5:15,1.45
8/22/2021 5:30,1.44
8/22/2021 5:45,1.44
8/22/2021 6:00,1.44
8/22/2021 6:15,1.47
8/22/2021 6:30,1.48
8/22/2021 6:45,1.48
8/22/2021 7:00,1.46
8/22/2021 7:15,1.54
8/22/2021 7:30,1.55
8/22/2021 7:45,1.47
8/22/2021 8:00,1.45
8/22/2021 8:15,1.44
8/22/2021 8:30,1.43
8/22/2021 8:45,1.42
8/22/2021 9:00,1.42
8/22/2021 9:15,1.41
8/22/2021 9:30,1.41
8/22/2021 9:45,1.43
8/22/2021 10:00,1.4
8/22/2021 10:15,1.42
8/22/2021 10:30,1.44
8/22/2021 10:45,1.47
8/22/2021 11:00,1.47
8/22/2021 11:15,1.47
8/22/2021 11:30,1.45
8/22/2021 11:45,1.45
8/22/2021 12:00,1.47
8/22/2021 12:15,1.49
8/22/2021 12:30,1.5
8/22/2021 12:45,1.52
8/22/2021 13:00,1.54
8/22/2021 13:15,1.53
8/22/2021 13:30,1.55
8/22/2021 13:45,1.59
8/22/2021 14:00,1.56
8/22/2021 14:15,1.57
8/22/2021 14:30,1.56
8/22/2021 14:45,1.55
8/22/2021 15:00,1.54
8/22/2021 15:15,1.54
8/22/2021 15:30,1.53
8/22/2021 15:45,1.53
8/22/2021 16:00,1.51
8/22/2021 16:15,1.54
8/22/2021 16:30,1.55
8/22/2021 16:45,1.53
8/22/2021 17:00,1.55
8/22/2021 17:15,1.54
8/22/2021 17:30,1.55
8/22/2021 17:45,1.53
8/22/2021 18:00,1.54
8/22/2021 18:15,1.52
8/22/2021 18:30,1.52
8/22/2021 18:45,1.51
8/22/2021 19:00,1.54
8/22/2021 19:15,1.5
8/22/2021 19:30,1.49
8/22/2021 19:45,1.51
8/22/2021 20:00,1.52
8/22/2021 20:15,1.51
8/22/2021 20:30,1.52
8/22/2021 20:45,1.51
8/22/2021 21:00,1.46
8/22/2021 21:15,1.52
8/22/2021 21:30,1.47
8/22/2021 21:45,1.46
8/22/2021 22:00,1.43
8/22/2021 22:15,1.48
8/22/2021 22:30,1.48
8/22/2021 22:45,1.48
8/22/2021 23:00,1.47
8/22/2021 23:15,1.46
8/22/2021 23:30,1.46
8/22/2021 23:45,1.46
8/23/2021 0:00,1.48
8/23/2021 0:15,1.5
8/23/2021 0:30,1.51
8/23/2021 0:45,1.5
8/23/2021 1:00,1.48
8/23/2021 1:15,1.48
8/23/2021 1:30,1.48
8/23/2021 1:45,1.55
8/23/2021 2:00,1.48
8/23/2021 2:15,1.49
8/23/2021 2:30,1.49
8/23/2021 2:45,1.48
8/23/2021 3:00,1.49
8/23/2021 3:15,1.48
8/23/2021 3:30,1.47
8/23/2021 3:45,1.47
8/23/2021 4:00,1.47
8/23/2021 4:15,1.46
8/23/2021 4:30,1.45
8/23/2021 4:45,1.45
8/23/2021 5:00,1.44
8/23/2021 5:15,1.44
8/23/2021 5:30,1.43
8/23/2021 5:45,1.42
8/23/2021 6:00,1.46
8/23/2021 6:15,1.47
8/23/2021 6:30,1.5
8/23/2021 6:45,1.5
8/23/2021 7:00,1.48
8/23/2021 7:15,1.95
8/23/2021 7:30,1.8
8/23/2021 7:45,1.67
8/23/2021 8:00,1.67
8/23/2021 8:15,1.55
8/23/2021 8:30,1.57
8/23/2021 8:45,1.55
8/23/2021 9:00,1.51
8/23/2021 9:15,1.46
8/23/2021 9:30,1.52
8/23/2021 9:45,1.51
8/23/2021 10:00,1.52
8/23/2021 10:15,1.52
8/23/2021 10:30,1.5
8/23/2021 10:45,1.52
8/23/2021 11:00,1.52
8/23/2021 11:15,1.52
8/23/2021 11:30,1.53
8/23/2021 11:45,1.5
8/23/2021 12:00,1.51
8/23/2021 12:15,1.51
8/23/2021 12:30,1.49
8/23/2021 12:45,1.49
8/23/2021 13:00,1.52
8/23/2021 13:15,1.52
8/23/2021 13:30,1.51
8/23/2021 13:45,1.52
8/23/2021 14:00,1.54
8/23/2021 14:15,1.56
8/23/2021 14:30,1.56
8/23/2021 14:45,1.58
8/23/2021 15:00,1.59
8/23/2021 15:15,1.59
8/23/2021 15:30,1.61
8/23/2021 15:45,1.59
8/23/2021 16:00,1.58
8/23/2021 16:15,1.58
8/23/2021 16:30,1.58
8/23/2021 16:45,1.6
8/23/2021 17:00,1.57
,
,
,
,
,
,
,
,
,
,
,
,
,
,
,
,
,
,
,
,
,
,
,
,
,
,
,
,
,
,
,
,
