Date_Time,SSC (mg/L)
4/17/2023 12:14,2.2106
4/17/2023 12:29,4.0656
4/17/2023 12:44,4.4716
4/17/2023 12:59,4.4416
4/17/2023 13:14,4.4194
4/17/2023 13:29,2.6626
4/17/2023 13:44,4.2550
4/17/2023 13:59,2.6619
4/17/2023 14:14,3.1363
4/17/2023 14:29,3.1854
4/17/2023 14:44,3.0208
4/17/2023 14:59,3.0529
4/17/2023 15:14,3.0453
4/17/2023 15:29,2.8154
4/17/2023 15:44,0.0532
4/17/2023 19:44,10.7613
4/17/2023 19:59,8.2943
4/17/2023 20:14,12.4515
4/17/2023 20:29,16.9862
4/17/2023 20:44,21.7921
4/17/2023 20:59,18.7586
4/17/2023 21:14,18.1350
4/17/2023 21:29,13.0596
4/17/2023 21:44,14.5906
4/17/2023 21:59,11.2366
4/17/2023 22:14,11.6372
4/17/2023 22:29,9.1905
4/17/2023 22:48,10.3823
4/17/2023 23:03,11.8779
4/17/2023 23:18,10.1275
4/17/2023 23:33,10.2360
4/17/2023 23:44,10.5739
4/17/2023 23:59,10.6527
4/18/2023 0:14,10.1290
4/18/2023 0:29,12.2743
4/18/2023 0:44,9.8615
4/18/2023 0:59,9.8511
4/18/2023 1:14,12.5584
4/18/2023 1:29,9.1949
4/18/2023 1:44,9.7095
4/18/2023 1:59,10.8856
4/18/2023 2:14,14.9151
4/18/2023 2:29,9.6350
4/18/2023 2:44,9.7027
4/18/2023 2:59,11.6001
4/18/2023 3:14,9.0487
4/18/2023 3:29,9.0431
4/18/2023 3:44,9.2979
4/18/2023 3:59,12.0052
4/18/2023 4:14,10.0525
4/18/2023 4:29,10.9502
4/18/2023 4:44,9.9181
4/18/2023 4:59,8.7892
4/18/2023 5:14,12.0601
4/18/2023 5:29,10.0033
4/18/2023 5:44,9.4905
4/18/2023 5:59,7.7634
4/18/2023 6:14,8.2349
4/18/2023 6:29,8.6064
4/18/2023 6:44,9.5756
4/18/2023 6:59,11.5817
4/18/2023 7:14,10.9740
4/18/2023 7:29,8.3828
4/18/2023 7:44,12.2438
4/18/2023 7:59,11.4606
4/18/2023 8:14,11.8570
4/18/2023 8:29,8.7648
4/18/2023 8:44,10.6550
4/18/2023 8:59,11.2952
4/18/2023 9:14,11.3035
4/18/2023 9:29,8.9717
4/18/2023 9:44,9.6460
4/18/2023 9:59,11.4017
4/18/2023 10:14,10.4904
4/18/2023 10:29,9.0862
4/18/2023 10:44,8.4450
4/18/2023 10:59,12.5328
4/18/2023 11:14,8.0333
4/18/2023 11:29,11.7398
4/18/2023 11:44,7.9313
4/18/2023 11:59,8.8693
4/18/2023 12:14,10.5574
4/18/2023 12:29,10.1097
4/18/2023 12:44,9.6513
4/18/2023 12:59,10.1123
4/18/2023 13:14,12.0840
4/18/2023 13:29,10.6941
4/18/2023 13:44,11.0061
4/18/2023 13:59,14.3239
4/18/2023 14:14,12.6173
4/18/2023 14:29,12.8481
4/18/2023 14:44,19.9640
4/18/2023 14:59,15.7008
4/18/2023 15:14,15.9120
4/18/2023 15:29,16.7426
4/18/2023 15:44,17.1850
4/18/2023 15:59,15.7460
4/18/2023 16:14,16.6664
4/18/2023 16:29,26.0939
4/18/2023 16:44,28.2369
4/18/2023 16:59,30.5212
4/18/2023 17:14,18.6948
4/18/2023 17:29,19.2161
4/18/2023 17:44,18.1219
4/18/2023 17:59,18.1990
4/18/2023 18:14,13.3854
4/18/2023 18:29,14.3452
4/18/2023 18:44,16.8171
4/18/2023 18:59,26.1644
4/18/2023 19:14,23.5910
4/18/2023 19:29,13.1674
4/18/2023 19:44,12.5870
4/18/2023 19:59,12.0282
4/18/2023 20:14,15.5815
4/18/2023 20:29,13.8772
4/18/2023 20:44,14.8891
4/18/2023 20:59,13.0116
4/18/2023 21:14,15.3229
4/18/2023 21:29,15.9898
4/18/2023 21:44,10.2327
4/18/2023 21:59,12.9920
4/18/2023 22:14,13.7901
4/18/2023 22:29,10.6748
4/18/2023 22:44,10.6990
4/18/2023 22:59,11.2623
4/18/2023 23:14,10.3884
4/18/2023 23:29,12.3596
4/18/2023 23:44,11.0474
4/18/2023 23:59,9.6400
4/19/2023 0:14,10.1638
4/19/2023 0:29,11.3019
4/19/2023 0:44,12.6880
4/19/2023 0:59,13.5846
4/19/2023 1:14,12.5333
4/19/2023 1:29,9.6337
4/19/2023 1:44,10.7153
4/19/2023 1:59,11.4393
4/19/2023 2:14,10.2673
4/19/2023 2:29,8.7133
4/19/2023 2:44,11.0240
4/19/2023 2:59,9.8566
4/19/2023 3:14,9.8808
4/19/2023 3:29,11.4815
4/19/2023 3:44,11.6206
4/19/2023 3:59,10.7419
4/19/2023 4:14,11.6451
4/19/2023 4:29,12.2038
4/19/2023 4:44,9.7119
4/19/2023 4:59,9.5684
4/19/2023 5:14,10.6464
4/19/2023 5:29,11.5355
4/19/2023 5:44,9.6892
4/19/2023 5:59,10.6827
4/19/2023 6:14,10.8166
4/19/2023 6:29,13.4109
4/19/2023 6:44,10.4770
4/19/2023 6:59,9.6743
4/19/2023 7:14,8.5699
4/19/2023 7:29,9.0120
4/19/2023 7:44,11.0049
4/19/2023 7:59,9.8656
4/19/2023 8:14,10.9750
4/19/2023 8:29,8.5062
4/19/2023 8:44,10.9278
4/19/2023 8:59,10.0717
4/19/2023 9:14,10.1695
4/19/2023 9:29,10.7808
4/19/2023 9:44,8.8063
4/19/2023 9:59,9.1262
4/19/2023 10:14,8.8146
4/19/2023 10:29,10.2255
4/19/2023 10:44,9.6544
4/19/2023 10:59,11.7136
4/19/2023 11:14,9.9641
4/19/2023 11:29,9.6082
4/19/2023 11:44,10.3588
4/19/2023 11:59,9.8302
4/19/2023 12:14,7.3185
4/19/2023 12:29,8.7918
4/19/2023 12:44,11.2959
4/19/2023 12:59,8.3490
4/19/2023 13:14,9.4216
4/19/2023 13:29,8.5502
4/19/2023 13:44,10.3350
4/19/2023 13:59,9.0742
4/19/2023 14:14,11.5545
4/19/2023 14:29,11.8553
4/19/2023 14:44,12.6466
4/19/2023 14:59,12.8874
4/19/2023 15:14,12.4501
4/19/2023 15:29,10.9507
4/19/2023 15:44,13.8232
4/19/2023 15:59,11.6970
4/19/2023 16:14,17.5089
4/19/2023 16:29,16.5451
4/19/2023 16:44,13.6217
4/19/2023 16:59,15.9727
4/19/2023 17:14,11.4151
4/19/2023 17:29,14.4166
4/19/2023 17:44,12.9017
4/19/2023 17:59,12.1783
4/19/2023 18:14,12.9690
4/19/2023 18:29,15.7987
4/19/2023 18:44,18.2321
4/19/2023 18:59,11.7207
4/19/2023 19:14,12.3763
4/19/2023 19:29,12.6403
4/19/2023 19:44,10.1944
4/19/2023 19:59,8.4861
4/19/2023 20:14,9.7683
4/19/2023 20:29,10.4339
4/19/2023 20:44,10.9513
4/19/2023 20:59,9.1674
4/19/2023 21:14,10.2355
4/19/2023 21:29,15.4729
4/19/2023 21:44,9.4678
4/19/2023 21:59,12.0605
4/19/2023 22:14,10.7491
4/19/2023 22:29,7.6719
4/19/2023 22:44,8.5514
4/19/2023 22:59,10.1765
4/19/2023 23:14,9.8055
4/19/2023 23:29,9.2112
4/19/2023 23:44,9.5235
4/19/2023 23:59,10.4490
4/20/2023 0:14,8.7069
4/20/2023 0:29,8.6800
4/20/2023 0:44,11.7459
4/20/2023 0:59,8.7415
4/20/2023 1:14,7.7875
4/20/2023 1:29,9.3298
4/20/2023 1:44,8.5336
4/20/2023 1:59,8.5088
4/20/2023 2:14,10.7410
4/20/2023 2:29,8.0074
4/20/2023 2:44,9.7377
4/20/2023 2:59,8.6681
4/20/2023 3:14,7.8439
4/20/2023 3:29,9.0241
4/20/2023 3:44,7.8476
4/20/2023 3:59,9.1186
4/20/2023 4:14,10.4452
4/20/2023 4:29,9.4549
4/20/2023 4:44,7.1799
4/20/2023 4:59,7.1777
4/20/2023 5:14,9.6459
4/20/2023 5:29,12.0926
4/20/2023 5:44,8.2502
4/20/2023 5:59,7.4188
4/20/2023 6:14,9.2841
4/20/2023 6:29,9.5950
4/20/2023 6:44,10.2513
4/20/2023 6:59,9.9400
4/20/2023 7:14,8.9610
4/20/2023 7:29,8.8591
4/20/2023 7:44,8.5990
4/20/2023 7:59,7.6792
4/20/2023 8:14,10.7937
4/20/2023 8:29,9.5260
4/20/2023 8:44,7.9821
4/20/2023 8:59,9.1677
4/20/2023 9:14,15.1993
4/20/2023 9:29,8.0531
4/20/2023 9:44,8.1109
4/20/2023 9:59,10.4711
4/20/2023 10:14,9.4760
4/20/2023 10:29,7.5761
4/20/2023 10:44,8.8608
4/20/2023 10:59,10.4319
4/20/2023 11:14,7.7306
4/20/2023 11:29,7.8760
4/20/2023 11:44,8.1630
4/20/2023 11:59,10.0979
4/20/2023 12:14,9.1933
4/20/2023 12:29,8.9969
4/20/2023 12:44,8.0294
4/20/2023 12:59,8.6521
4/20/2023 13:14,7.5044
4/20/2023 13:29,10.3624
4/20/2023 13:44,8.3830
4/20/2023 13:59,7.8918
4/20/2023 14:14,8.6079
4/20/2023 14:29,7.9938
4/20/2023 14:44,11.5821
4/20/2023 14:59,10.8417
4/20/2023 15:14,9.9431
4/20/2023 15:29,9.1327
4/20/2023 15:44,9.6378
4/20/2023 15:59,7.7772
4/20/2023 16:14,10.3382
4/20/2023 16:29,8.4117
4/20/2023 16:44,8.4164
4/20/2023 16:59,8.2883
4/20/2023 17:14,8.0104
4/20/2023 17:29,7.2593
4/20/2023 17:44,7.7967
4/20/2023 17:59,11.9117
4/20/2023 18:14,8.7510
4/20/2023 18:29,10.5859
4/20/2023 18:44,8.7104
4/20/2023 18:59,7.9842
4/20/2023 19:14,6.7741
4/20/2023 19:29,7.9423
4/20/2023 19:44,6.2719
4/20/2023 19:59,7.6757
4/20/2023 20:14,9.6086
4/20/2023 20:29,11.6089
4/20/2023 20:44,9.7185
4/20/2023 20:59,6.5560
4/20/2023 21:14,7.4401
4/20/2023 21:29,11.0901
4/20/2023 21:44,9.2185
4/20/2023 21:59,7.6567
4/20/2023 22:14,6.3745
4/20/2023 22:29,9.2781
4/20/2023 22:44,7.8147
4/20/2023 22:59,7.7126
4/20/2023 23:14,8.0964
4/20/2023 23:29,12.1861
4/20/2023 23:44,7.6382
4/20/2023 23:59,8.1037
4/21/2023 0:14,6.7279
4/21/2023 0:29,6.6469
4/21/2023 0:44,6.4953
4/21/2023 0:59,9.9543
4/21/2023 1:14,6.5628
4/21/2023 1:29,6.4165
4/21/2023 1:44,7.0972
4/21/2023 1:59,6.6050
4/21/2023 2:14,6.0424
4/21/2023 2:29,7.8635
4/21/2023 2:44,8.3174
4/21/2023 2:59,8.9035
4/21/2023 3:14,9.7256
4/21/2023 3:29,12.1508
4/21/2023 3:44,7.0218
4/21/2023 3:59,6.4442
4/21/2023 4:14,5.9120
4/21/2023 4:29,6.1711
4/21/2023 4:44,6.6559
4/21/2023 4:59,6.3292
4/21/2023 5:14,10.1268
4/21/2023 5:29,6.6002
4/21/2023 5:44,7.4224
4/21/2023 5:59,5.7234
4/21/2023 6:14,5.4440
4/21/2023 6:29,7.9170
4/21/2023 6:44,8.6819
4/21/2023 6:59,7.7032
4/21/2023 7:14,6.6090
4/21/2023 7:29,7.9059
4/21/2023 7:44,12.1670
4/21/2023 7:59,7.5826
4/21/2023 8:14,7.6081
4/21/2023 8:29,10.0652
4/21/2023 8:44,6.3000
4/21/2023 8:59,6.6615
4/21/2023 9:14,7.0391
4/21/2023 9:29,6.1315
4/21/2023 9:44,6.7485
4/21/2023 9:59,6.7087
4/21/2023 10:14,6.5989
4/21/2023 10:29,8.3788
4/21/2023 10:44,7.1652
4/21/2023 10:59,6.9487
4/21/2023 11:14,6.9570
4/21/2023 11:29,7.6457
4/21/2023 11:44,5.6725
4/21/2023 11:59,8.0813
4/21/2023 12:14,6.8697
4/21/2023 12:29,7.5916
4/21/2023 12:44,6.1465
4/21/2023 12:59,7.6331
4/21/2023 13:14,6.2316
4/21/2023 13:29,7.5372
4/21/2023 13:44,5.7489
4/21/2023 13:59,8.7250
4/21/2023 14:14,7.3190
4/21/2023 14:29,7.2755
4/21/2023 14:44,10.4045
4/21/2023 14:59,10.2531
4/21/2023 15:14,11.9235
4/21/2023 15:29,7.2674
4/21/2023 15:44,9.8757
4/21/2023 15:59,10.1713
4/21/2023 16:14,8.0237
4/21/2023 16:29,9.3742
4/21/2023 16:44,6.6778
4/21/2023 16:59,7.4008
4/21/2023 17:14,10.4814
4/21/2023 17:29,9.2769
4/21/2023 17:44,6.6867
4/21/2023 17:59,7.1214
4/21/2023 18:14,5.7051
4/21/2023 18:29,7.2300
4/21/2023 18:44,9.2492
4/21/2023 18:59,10.4840
4/21/2023 19:14,11.5224
4/21/2023 19:29,10.0085
4/21/2023 19:44,7.5295
4/21/2023 19:59,6.4653
4/21/2023 20:14,7.2361
4/21/2023 20:29,8.6136
4/21/2023 20:44,6.7064
4/21/2023 20:59,9.5395
4/21/2023 21:14,6.6029
4/21/2023 21:29,5.2940
4/21/2023 21:44,6.4409
4/21/2023 21:59,6.6846
4/21/2023 22:14,6.8476
4/21/2023 22:29,6.3800
4/21/2023 22:44,5.5069
4/21/2023 22:59,7.3369
4/21/2023 23:14,6.0595
4/21/2023 23:29,7.5656
4/21/2023 23:44,6.6772
4/21/2023 23:59,5.3495
4/22/2023 0:14,6.9743
4/22/2023 0:29,8.7086
4/22/2023 0:44,5.5272
4/22/2023 0:59,5.7892
4/22/2023 1:14,4.9426
4/22/2023 1:29,8.0116
4/22/2023 1:44,4.6970
4/22/2023 1:59,5.9326
4/22/2023 2:14,7.2844
4/22/2023 2:29,6.4279
4/22/2023 2:44,4.7157
4/22/2023 2:59,6.7797
4/22/2023 3:14,5.6644
4/22/2023 3:29,7.5572
4/22/2023 3:44,6.5568
4/22/2023 3:59,7.4969
4/22/2023 4:14,8.7232
4/22/2023 4:29,6.6593
4/22/2023 4:44,6.5889
4/22/2023 4:59,6.3265
4/22/2023 5:14,5.6255
4/22/2023 5:29,6.1563
4/22/2023 5:44,5.7212
4/22/2023 5:59,6.2457
4/22/2023 6:14,6.4451
4/22/2023 6:29,4.6531
4/22/2023 6:44,5.0235
4/22/2023 6:59,5.8463
4/22/2023 7:14,8.0091
4/22/2023 7:29,8.2014
4/22/2023 7:44,5.3305
4/22/2023 7:59,7.6170
4/22/2023 8:14,4.6593
4/22/2023 8:29,5.0452
4/22/2023 8:44,6.1948
4/22/2023 8:59,11.1956
4/22/2023 9:14,9.8776
4/22/2023 9:29,6.2450
4/22/2023 9:44,6.1362
4/22/2023 9:59,6.1556
4/22/2023 10:14,6.5129
4/22/2023 10:29,4.7993
4/22/2023 10:44,6.3779
4/22/2023 10:59,4.8595
4/22/2023 11:14,7.1599
4/22/2023 11:29,7.0238
4/22/2023 11:44,6.3116
4/22/2023 11:59,6.1164
4/22/2023 12:14,6.7939
4/22/2023 12:29,7.5380
4/22/2023 12:44,5.2867
4/22/2023 12:59,8.2662
4/22/2023 13:14,7.3504
4/22/2023 13:29,6.2269
4/22/2023 13:44,7.0592
4/22/2023 13:59,6.5631
4/22/2023 14:14,8.3355
4/22/2023 14:29,6.8352
4/22/2023 14:44,7.3277
4/22/2023 14:59,6.5354
4/22/2023 15:14,7.7687
4/22/2023 15:29,8.0005
4/22/2023 15:44,9.2534
4/22/2023 15:59,7.4736
4/22/2023 16:14,9.5499
4/22/2023 16:29,8.4929
4/22/2023 16:44,6.7801
4/22/2023 16:59,8.3645
4/22/2023 17:14,7.7635
4/22/2023 17:29,8.0920
4/22/2023 17:44,9.5691
4/22/2023 17:59,7.6722
4/22/2023 18:14,6.4181
4/22/2023 18:29,6.5274
4/22/2023 18:44,6.6898
4/22/2023 18:59,10.9225
4/22/2023 19:14,11.3061
4/22/2023 19:29,6.9237
4/22/2023 19:44,7.0104
4/22/2023 19:59,7.0122
4/22/2023 20:14,5.8132
4/22/2023 20:29,8.0853
4/22/2023 20:44,8.4191
4/22/2023 20:59,7.2833
4/22/2023 21:14,7.0558
4/22/2023 21:29,8.3383
4/22/2023 21:44,5.8590
4/22/2023 21:59,4.9071
4/22/2023 22:14,6.7254
4/22/2023 22:29,5.1025
4/22/2023 22:44,6.3330
4/22/2023 22:59,7.6184
4/22/2023 23:14,4.4428
4/22/2023 23:29,5.3778
4/22/2023 23:44,6.3707
4/22/2023 23:59,9.1039
4/23/2023 0:14,7.1733
4/23/2023 0:29,6.7410
4/23/2023 0:44,5.0560
4/23/2023 0:59,7.4572
4/23/2023 1:14,7.7940
4/23/2023 1:29,4.6180
4/23/2023 1:44,5.8070
4/23/2023 1:59,5.5945
4/23/2023 2:14,6.4047
4/23/2023 2:29,6.4212
4/23/2023 2:44,6.2029
4/23/2023 2:59,8.3508
4/23/2023 3:14,5.6973
4/23/2023 3:29,4.7220
4/23/2023 3:44,5.8914
4/23/2023 3:59,6.5741
4/23/2023 4:14,5.5086
4/23/2023 4:29,7.8304
4/23/2023 4:44,8.0093
4/23/2023 4:59,5.0765
4/23/2023 5:14,6.5005
4/23/2023 5:29,6.7373
4/23/2023 5:44,6.4017
4/23/2023 5:59,6.3976
4/23/2023 6:14,6.1694
4/23/2023 6:29,6.4632
4/23/2023 6:44,10.3826
4/23/2023 6:59,5.5420
4/23/2023 7:14,5.2219
4/23/2023 7:29,5.5393
4/23/2023 7:44,8.7530
4/23/2023 7:59,6.2924
4/23/2023 8:14,4.7560
4/23/2023 8:29,4.7550
4/23/2023 8:44,5.8522
4/23/2023 8:59,4.5285
4/23/2023 9:14,5.8073
4/23/2023 9:29,6.1395
4/23/2023 9:44,6.3588
4/23/2023 9:59,5.3498
4/23/2023 10:14,8.7879
4/23/2023 10:29,6.0439
4/23/2023 10:44,4.7426
4/23/2023 10:59,6.3728
4/23/2023 11:14,6.5080
4/23/2023 11:29,5.1587
4/23/2023 11:44,6.4193
4/23/2023 11:59,5.5743
4/23/2023 12:14,6.9070
4/23/2023 12:29,6.8974
4/23/2023 12:44,7.3809
4/23/2023 12:59,8.9886
4/23/2023 13:14,7.6211
4/23/2023 13:29,8.6148
4/23/2023 13:44,7.6318
4/23/2023 13:59,7.5536
4/23/2023 14:14,10.4638
4/23/2023 14:29,5.3786
4/23/2023 14:44,7.9154
4/23/2023 14:59,8.4029
4/23/2023 15:14,6.5643
4/23/2023 15:29,11.2802
4/23/2023 15:44,9.9948
4/23/2023 15:59,9.1226
4/23/2023 16:14,11.6900
4/23/2023 16:29,7.2769
4/23/2023 16:44,11.2621
4/23/2023 16:59,11.1999
4/23/2023 17:14,9.9941
4/23/2023 17:29,7.9959
4/23/2023 17:44,7.8639
4/23/2023 17:59,9.6202
4/23/2023 18:14,6.3348
4/23/2023 18:29,8.6592
4/23/2023 18:44,9.5698
4/23/2023 18:59,8.2131
4/23/2023 19:14,8.5045
4/23/2023 19:29,7.3628
4/23/2023 19:44,6.9109
4/23/2023 19:59,6.8687
4/23/2023 20:14,6.3402
4/23/2023 20:29,5.0668
4/23/2023 20:44,4.9610
4/23/2023 20:59,6.4868
4/23/2023 21:14,5.7644
4/23/2023 21:29,5.7649
4/23/2023 21:44,8.1709
4/23/2023 21:59,6.7157
4/23/2023 22:14,5.8948
4/23/2023 22:29,5.2200
4/23/2023 22:44,6.3845
4/23/2023 22:59,6.9682
4/23/2023 23:14,5.3114
4/23/2023 23:29,7.1137
4/23/2023 23:44,7.2342
4/23/2023 23:59,5.8719
4/24/2023 0:14,5.3907
4/24/2023 0:29,5.0222
4/24/2023 0:44,5.6092
4/24/2023 0:59,8.6820
4/24/2023 1:14,5.4581
4/24/2023 1:29,6.4432
4/24/2023 1:44,7.5810
4/24/2023 1:59,6.1702
4/24/2023 2:14,5.0962
4/24/2023 2:29,6.5114
4/24/2023 2:44,9.2923
4/24/2023 2:59,5.9109
4/24/2023 3:14,7.3601
4/24/2023 3:29,4.9267
4/24/2023 3:44,7.7206
4/24/2023 3:59,5.3811
4/24/2023 4:18,6.0483
4/24/2023 4:33,5.4955
4/24/2023 4:48,7.6514
4/24/2023 5:03,5.4208
4/24/2023 5:18,6.9386
4/24/2023 5:33,4.9340
4/24/2023 5:48,6.0676
4/24/2023 6:03,6.1057
4/24/2023 6:18,4.6223
4/24/2023 6:33,5.3816
4/24/2023 6:48,6.2971
4/24/2023 7:03,4.5072
4/24/2023 7:18,5.1479
4/24/2023 7:33,6.2702
4/24/2023 7:48,5.7092
4/24/2023 8:03,6.0087
4/24/2023 8:18,6.1331
4/24/2023 8:33,4.4872
4/24/2023 8:48,4.7503
4/24/2023 9:03,6.9886
4/24/2023 9:18,6.8209
4/24/2023 9:33,5.2692
4/24/2023 9:48,5.1893
4/24/2023 10:03,5.5512
4/24/2023 10:18,5.9818
4/24/2023 10:29,5.2319
4/24/2023 10:44,10.9243
4/24/2023 10:59,7.0616
4/24/2023 11:14,6.4970
4/24/2023 11:29,8.4781
4/24/2023 11:44,5.3204
4/24/2023 11:59,4.7190
4/24/2023 12:14,4.7491
4/24/2023 12:29,6.6646
4/24/2023 12:44,7.4463
4/24/2023 12:59,10.1400
4/24/2023 13:14,6.8973
4/24/2023 13:29,10.5269
4/24/2023 13:44,9.8797
4/24/2023 13:59,7.9186
4/24/2023 14:14,6.6570
4/24/2023 14:29,9.0292
4/24/2023 14:44,12.7064
4/24/2023 14:59,19.1704
4/24/2023 15:14,12.8056
4/24/2023 15:29,10.9129
4/24/2023 15:44,9.5861
4/24/2023 15:59,12.4588
4/24/2023 16:14,18.0444
4/24/2023 16:29,10.6719
4/24/2023 16:44,8.9553
4/24/2023 16:59,11.0085
4/24/2023 17:14,12.3181
4/24/2023 17:29,8.8649
4/24/2023 17:44,10.2884
4/24/2023 17:59,12.8984
4/24/2023 18:14,14.0223
4/24/2023 18:29,11.0801
4/24/2023 18:44,12.9408
4/24/2023 18:59,12.5406
4/24/2023 19:14,8.2223
4/24/2023 19:29,9.1905
4/24/2023 19:44,11.0455
4/24/2023 19:59,8.6458
4/24/2023 20:14,12.3816
4/24/2023 20:29,9.5680
4/24/2023 20:44,8.7366
4/24/2023 20:59,7.3281
4/24/2023 21:14,7.1076
4/24/2023 21:29,10.4674
4/24/2023 21:44,6.3281
4/24/2023 21:59,7.4903
4/24/2023 22:14,7.0474
4/24/2023 22:29,9.2707
4/24/2023 22:44,9.5438
4/24/2023 22:59,7.7318
4/24/2023 23:14,7.9081
4/24/2023 23:29,6.5943
4/24/2023 23:44,6.1132
4/24/2023 23:59,7.4719
4/25/2023 0:14,6.6528
4/25/2023 0:29,6.6767
4/25/2023 0:44,6.5931
4/25/2023 0:59,6.7509
4/25/2023 1:14,10.9598
4/25/2023 1:29,10.1124
4/25/2023 1:44,7.7612
4/25/2023 1:59,6.6052
4/25/2023 2:14,9.8198
4/25/2023 2:29,6.5757
4/25/2023 2:44,7.5633
4/25/2023 2:59,5.4803
4/25/2023 3:14,7.3368
4/25/2023 3:29,5.5368
4/25/2023 3:44,6.2006
4/25/2023 3:59,8.7524
4/25/2023 4:14,5.3230
4/25/2023 4:29,6.3863
4/25/2023 4:44,6.8856
4/25/2023 4:59,6.4959
4/25/2023 5:14,5.6585
4/25/2023 5:29,5.9871
4/25/2023 5:44,9.9084
4/25/2023 5:59,5.6381
4/25/2023 6:14,8.3911
4/25/2023 6:29,6.3327
4/25/2023 6:44,5.5382
4/25/2023 6:59,6.8383
4/25/2023 7:14,8.4648
4/25/2023 7:29,6.5627
4/25/2023 7:44,8.9205
4/25/2023 7:59,7.2269
4/25/2023 8:14,6.1547
4/25/2023 8:29,7.2260
4/25/2023 8:44,6.8394
4/25/2023 8:59,7.8888
4/25/2023 9:14,7.9966
4/25/2023 9:29,8.5251
4/25/2023 9:44,7.9428
4/25/2023 9:59,7.0272
4/25/2023 10:14,5.1584
4/25/2023 10:29,5.4732
4/25/2023 10:44,7.2765
4/25/2023 10:59,4.6092
4/25/2023 11:14,6.6542
4/25/2023 11:29,5.6949
4/25/2023 11:44,5.6659
4/25/2023 11:59,7.7786
4/25/2023 12:14,6.7355
4/25/2023 12:29,5.5225
4/25/2023 12:44,4.9682
4/25/2023 12:59,6.7546
4/25/2023 13:14,8.6392
4/25/2023 13:29,10.2992
4/25/2023 13:44,5.8867
4/25/2023 13:59,8.1907
4/25/2023 14:14,5.8440
4/25/2023 14:29,5.3435
4/25/2023 14:44,8.4045
4/25/2023 14:59,7.9439
4/25/2023 15:14,6.7960
4/25/2023 15:29,6.4737
4/25/2023 15:44,7.8847
4/25/2023 15:59,6.4887
4/25/2023 16:14,6.5708
4/25/2023 16:29,5.0944
4/25/2023 16:44,7.0214
4/25/2023 16:59,6.1781
4/25/2023 17:14,6.1634
4/25/2023 17:29,7.1459
4/25/2023 17:44,5.2968
4/25/2023 17:59,8.4275
4/25/2023 18:14,5.5813
4/25/2023 18:29,10.7467
4/25/2023 18:44,7.4503
4/25/2023 18:59,6.4902
4/25/2023 19:14,5.7065
4/25/2023 19:29,6.4065
4/25/2023 19:44,6.7169
4/25/2023 19:59,7.9010
4/25/2023 20:14,10.7217
4/25/2023 20:29,6.2344
4/25/2023 20:44,4.8017
4/25/2023 20:59,5.5137
4/25/2023 21:14,5.6771
4/25/2023 21:29,5.1369
4/25/2023 21:44,6.0011
4/25/2023 21:59,4.3765
4/25/2023 22:14,5.8219
4/25/2023 22:29,5.6954
4/25/2023 22:44,5.2303
4/25/2023 22:59,5.8712
4/25/2023 23:14,5.8246
4/25/2023 23:29,5.6324
4/25/2023 23:44,5.5216
4/25/2023 23:59,5.6747
4/26/2023 0:14,7.3086
4/26/2023 0:29,5.0893
4/26/2023 0:44,5.9277
4/26/2023 0:59,4.4201
4/26/2023 1:14,4.4251
4/26/2023 1:29,4.8056
4/26/2023 1:44,4.7240
4/26/2023 1:59,4.4569
4/26/2023 2:14,3.7978
4/26/2023 2:29,3.5319
4/26/2023 2:44,4.5972
4/26/2023 2:59,3.7527
4/26/2023 3:14,3.6666
4/26/2023 3:29,4.3431
4/26/2023 3:44,3.5716
4/26/2023 3:59,3.4188
4/26/2023 4:14,4.6623
4/26/2023 4:29,3.9475
4/26/2023 4:44,5.9452
4/26/2023 4:59,3.6800
4/26/2023 5:14,4.0965
4/26/2023 5:29,4.8902
4/26/2023 5:44,4.0734
4/26/2023 5:59,3.4537
4/26/2023 6:14,3.8249
4/26/2023 6:29,3.5136
4/26/2023 6:44,3.9972
4/26/2023 6:59,7.5578
4/26/2023 7:14,7.4656
4/26/2023 7:29,3.9660
4/26/2023 7:44,3.9072
4/26/2023 7:59,7.6897
4/26/2023 8:14,7.8032
4/26/2023 8:29,5.8546
4/26/2023 8:44,4.1033
4/26/2023 8:59,5.9479
4/26/2023 9:14,5.7847
4/26/2023 9:29,5.2311
4/26/2023 9:44,5.2358
4/26/2023 9:59,7.5634
4/26/2023 10:14,6.0479
4/26/2023 10:29,6.3247
4/26/2023 10:44,3.9579
4/26/2023 10:59,5.5655
4/26/2023 11:14,4.6920
4/26/2023 11:29,5.6774
4/26/2023 11:44,5.0754
4/26/2023 11:59,7.5266
4/26/2023 12:14,4.9974
4/26/2023 12:29,8.5460
4/26/2023 12:44,7.6525
4/26/2023 12:59,7.1259
4/26/2023 13:18,4.4514
4/26/2023 13:33,5.4345
4/26/2023 13:48,5.0932
4/26/2023 14:03,5.8318
4/26/2023 14:14,10.9351
4/26/2023 14:29,13.2718
4/26/2023 14:44,13.6479
4/26/2023 14:59,12.4647
4/26/2023 15:14,7.9078
4/26/2023 15:29,5.5678
4/26/2023 15:44,6.2263
4/26/2023 15:59,5.3645
4/26/2023 16:14,6.5596
4/26/2023 16:29,4.5051
4/26/2023 16:44,5.1821
4/26/2023 16:59,5.5034
4/26/2023 17:14,5.0931
4/26/2023 17:29,5.0107
4/26/2023 17:44,6.2189
4/26/2023 17:59,5.7313
4/26/2023 18:14,6.9679
4/26/2023 18:29,5.7587
4/26/2023 18:44,5.8266
4/26/2023 18:59,4.7066
4/26/2023 19:14,7.9215
4/26/2023 19:29,5.3221
4/26/2023 19:44,5.0612
4/26/2023 19:59,4.0101
4/26/2023 20:14,4.7217
4/26/2023 20:29,4.2165
4/26/2023 20:44,5.2654
4/26/2023 20:59,5.2565
4/26/2023 21:14,4.5497
4/26/2023 21:29,5.0592
4/26/2023 21:44,4.9006
4/26/2023 21:59,4.3279
4/26/2023 22:14,5.3433
4/26/2023 22:29,3.8804
4/26/2023 22:44,3.9544
4/26/2023 22:59,4.7940
4/26/2023 23:14,4.1541
4/26/2023 23:29,3.8319
4/26/2023 23:44,4.4644
4/26/2023 23:59,3.8186
4/27/2023 0:14,4.5294
4/27/2023 0:29,5.6195
4/27/2023 0:44,5.3942
4/27/2023 0:59,4.0332
4/27/2023 1:14,4.4823
4/27/2023 1:29,4.7847
4/27/2023 1:44,4.4894
4/27/2023 1:59,5.4910
4/27/2023 2:14,3.9420
4/27/2023 2:29,3.9205
4/27/2023 2:44,3.9298
4/27/2023 2:59,6.9889
4/27/2023 3:14,3.7270
4/27/2023 3:29,7.1618
4/27/2023 3:44,3.0622
4/27/2023 3:59,6.2705
4/27/2023 4:14,7.7084
4/27/2023 4:29,3.6104
4/27/2023 4:44,3.1607
4/27/2023 4:59,4.1599
4/27/2023 5:14,3.5076
4/27/2023 5:29,4.3305
4/27/2023 5:44,3.9231
4/27/2023 5:59,4.8728
4/27/2023 6:14,4.2391
4/27/2023 6:29,3.6025
4/27/2023 6:44,3.2410
4/27/2023 6:59,4.1282
4/27/2023 7:14,4.0486
4/27/2023 7:29,3.5996
4/27/2023 7:44,9.4292
4/27/2023 7:59,3.4932
4/27/2023 8:14,5.8372
4/27/2023 8:29,6.2414
4/27/2023 8:44,6.6719
4/27/2023 8:59,4.1274
4/27/2023 9:14,4.6011
4/27/2023 9:29,4.9706
4/27/2023 9:44,4.4142
4/27/2023 9:59,5.2628
4/27/2023 10:14,3.2989
4/27/2023 10:29,7.3758
4/27/2023 10:44,4.5872
4/27/2023 10:59,6.3793
4/27/2023 11:14,6.0854
4/27/2023 11:29,3.7356
4/27/2023 11:44,4.3678
4/27/2023 11:59,3.9782
4/27/2023 12:14,3.6385
4/27/2023 12:29,3.3613
4/27/2023 12:44,6.0729
4/27/2023 12:59,4.1222
4/27/2023 13:14,4.5556
4/27/2023 13:29,5.6701
4/27/2023 13:44,5.0154
4/27/2023 13:59,4.9414
4/27/2023 14:14,6.2233
4/27/2023 14:29,7.4716
4/27/2023 14:44,5.2082
4/27/2023 14:59,6.6467
4/27/2023 15:14,11.7680
4/27/2023 15:29,7.9859
4/27/2023 15:44,8.9177
4/27/2023 15:59,6.7065
4/27/2023 16:14,9.3855
4/27/2023 16:29,7.6152
4/27/2023 16:44,6.0920
4/27/2023 16:59,8.3154
4/27/2023 17:14,10.3885
4/27/2023 17:29,6.4858
4/27/2023 17:44,9.5841
4/27/2023 17:59,6.8417
4/27/2023 18:14,6.2986
4/27/2023 18:29,7.5664
4/27/2023 18:44,8.5835
4/27/2023 18:59,5.8359
4/27/2023 19:14,6.0441
4/27/2023 19:29,7.2426
4/27/2023 19:44,5.5587
4/27/2023 19:59,6.8969
4/27/2023 20:14,5.0882
4/27/2023 20:29,9.2800
4/27/2023 20:44,7.9685
4/27/2023 20:59,8.5168
4/27/2023 21:14,6.2162
4/27/2023 21:29,4.6644
4/27/2023 21:44,5.8528
4/27/2023 21:59,4.6201
4/27/2023 22:14,4.3482
4/27/2023 22:29,4.0063
4/27/2023 22:44,3.8521
4/27/2023 22:59,7.5448
4/27/2023 23:14,6.4802
4/27/2023 23:29,6.4646
4/27/2023 23:44,5.8341
4/27/2023 23:59,7.2705
4/28/2023 0:14,5.9049
4/28/2023 0:29,5.8341
4/28/2023 0:44,5.9016
4/28/2023 0:59,6.7145
4/28/2023 1:14,5.3463
4/28/2023 1:29,5.1607
4/28/2023 1:44,4.3124
4/28/2023 1:59,4.4253
4/28/2023 2:14,8.4338
4/28/2023 2:29,7.0877
4/28/2023 2:44,4.6682
4/28/2023 2:59,4.9137
4/28/2023 3:14,5.4680
4/28/2023 3:29,4.1601
4/28/2023 3:44,5.7569
4/28/2023 3:59,5.4205
4/28/2023 4:14,5.5346
4/28/2023 4:29,5.0791
4/28/2023 4:44,5.5899
4/28/2023 4:59,4.9019
4/28/2023 5:14,5.0256
4/28/2023 5:29,6.6032
4/28/2023 5:44,6.5653
4/28/2023 5:59,9.8589
4/28/2023 6:14,5.9349
4/28/2023 6:29,10.3366
4/28/2023 6:44,4.2892
4/28/2023 6:59,5.1181
4/28/2023 7:14,3.7694
4/28/2023 7:29,5.8447
4/28/2023 7:44,7.5606
4/28/2023 7:59,5.7535
4/28/2023 8:14,4.0181
4/28/2023 8:29,4.7293
4/28/2023 8:44,5.5732
4/28/2023 8:59,6.4090
4/28/2023 9:14,5.1381
4/28/2023 9:29,6.3495
4/28/2023 9:44,4.2941
4/28/2023 9:59,4.7675
4/28/2023 10:14,4.9571
4/28/2023 10:29,4.1121
4/28/2023 10:44,3.7525
4/28/2023 10:59,3.6954
4/28/2023 11:14,4.3797
4/28/2023 11:29,4.4015
4/28/2023 11:44,6.6771
4/28/2023 11:59,5.0938
4/28/2023 12:14,4.3820
4/28/2023 12:29,6.7620
4/28/2023 12:44,4.9838
4/28/2023 12:59,6.1167
4/28/2023 13:14,6.2620
4/28/2023 13:29,7.0463
4/28/2023 13:44,6.7882
4/28/2023 13:59,3.9350
4/28/2023 14:14,5.3407
4/28/2023 14:29,6.2636
4/28/2023 14:44,9.7043
4/28/2023 14:59,8.7499
4/28/2023 15:14,5.6215
4/28/2023 15:29,6.4009
4/28/2023 15:44,5.2077
4/28/2023 15:59,8.2943
4/28/2023 16:14,4.0660
4/28/2023 16:29,7.4611
4/28/2023 16:44,4.8484
4/28/2023 16:59,5.5100
4/28/2023 17:14,5.6790
4/28/2023 17:29,8.6706
4/28/2023 17:44,10.4207
4/28/2023 17:59,6.9496
4/28/2023 18:14,5.4110
4/28/2023 18:29,4.2060
4/28/2023 18:44,4.4758
4/28/2023 18:59,3.8448
4/28/2023 19:14,5.9301
4/28/2023 19:29,3.3570
4/28/2023 19:44,6.0442
4/28/2023 19:59,9.3683
4/28/2023 20:14,4.7828
4/28/2023 20:29,5.6207
4/28/2023 20:44,3.7549
4/28/2023 20:59,3.9444
4/28/2023 21:14,4.0552
4/28/2023 21:29,5.9875
4/28/2023 21:44,5.2253
4/28/2023 21:59,4.8188
4/28/2023 22:14,10.0738
4/28/2023 22:29,5.6412
4/28/2023 22:44,4.0728
4/28/2023 22:59,9.8969
4/28/2023 23:14,3.6157
4/28/2023 23:29,5.1426
4/28/2023 23:44,5.9233
4/28/2023 23:59,5.2805
4/29/2023 0:14,4.7477
4/29/2023 0:29,4.8085
4/29/2023 0:44,4.6274
4/29/2023 0:59,4.1183
4/29/2023 1:14,2.7871
4/29/2023 1:29,4.2819
4/29/2023 1:44,2.3842
4/29/2023 1:59,4.9737
4/29/2023 2:14,3.7139
4/29/2023 2:29,4.0141
4/29/2023 2:44,5.0015
4/29/2023 2:59,3.2740
4/29/2023 3:14,3.0492
4/29/2023 3:29,4.1736
4/29/2023 3:44,3.6485
4/29/2023 3:59,3.1032
4/29/2023 4:14,4.6705
4/29/2023 4:29,2.8866
4/29/2023 4:44,3.1194
4/29/2023 4:59,3.6491
4/29/2023 5:14,3.3361
4/29/2023 5:29,4.1731
4/29/2023 5:44,3.7805
4/29/2023 5:59,4.1655
4/29/2023 6:14,3.2561
4/29/2023 6:29,3.3441
4/29/2023 6:44,2.6302
4/29/2023 6:59,3.7534
4/29/2023 7:14,2.3829
4/29/2023 7:29,7.7102
4/29/2023 7:44,3.5553
4/29/2023 7:59,4.3787
4/29/2023 8:14,2.9129
4/29/2023 8:29,3.0966
4/29/2023 8:44,4.0986
4/29/2023 8:59,3.4362
4/29/2023 9:14,2.9959
4/29/2023 9:29,2.7187
4/29/2023 9:44,3.5176
4/29/2023 9:59,3.9310
4/29/2023 10:14,4.0681
4/29/2023 10:29,4.0937
4/29/2023 10:44,4.4666
4/29/2023 10:59,4.5788
4/29/2023 11:14,3.2955
4/29/2023 11:29,3.7502
4/29/2023 11:44,3.5510
4/29/2023 11:59,3.1719
4/29/2023 12:14,4.3904
4/29/2023 12:29,3.2238
4/29/2023 12:44,3.5535
4/29/2023 12:59,5.0364
4/29/2023 13:14,6.1447
4/29/2023 13:29,6.7820
4/29/2023 13:44,5.1837
4/29/2023 13:59,4.3902
4/29/2023 14:14,8.1724
4/29/2023 14:29,13.0864
4/29/2023 14:44,9.1481
4/29/2023 14:59,8.3007
4/29/2023 15:14,5.3904
4/29/2023 15:29,5.7147
4/29/2023 15:44,2.7777
4/29/2023 15:59,1.6683
4/29/2023 16:14,8.6794
4/29/2023 16:29,10.3429
4/29/2023 16:44,10.9474
4/29/2023 16:59,10.5818
4/29/2023 17:14,9.5540
4/29/2023 17:29,13.2721
4/29/2023 17:44,11.3450
4/29/2023 17:59,12.1747
4/29/2023 18:14,13.3290
4/29/2023 18:29,13.8707
4/29/2023 18:44,9.5652
4/29/2023 18:59,12.0619
4/29/2023 19:14,9.4716
4/29/2023 19:29,9.3661
4/29/2023 19:44,10.0905
4/29/2023 19:59,9.0041
4/29/2023 20:14,10.2006
4/29/2023 20:29,9.8640
4/29/2023 20:44,9.0679
4/29/2023 20:59,7.8157
4/29/2023 21:14,10.1018
4/29/2023 21:29,6.4568
4/29/2023 21:44,8.6162
4/29/2023 21:59,6.9311
4/29/2023 22:14,6.8113
4/29/2023 22:29,7.2645
4/29/2023 22:44,7.1500
4/29/2023 22:59,7.3210
4/29/2023 23:14,6.8197
4/29/2023 23:29,7.0717
4/29/2023 23:44,8.7920
4/29/2023 23:59,9.4853
4/30/2023 0:14,7.7641
4/30/2023 0:29,6.0042
4/30/2023 0:44,8.9505
4/30/2023 0:59,7.5466
4/30/2023 1:14,7.3631
4/30/2023 1:29,9.6684
4/30/2023 1:44,6.2840
4/30/2023 1:59,10.3646
4/30/2023 2:14,6.4325
4/30/2023 2:29,8.7959
4/30/2023 2:44,7.6954
4/30/2023 2:59,8.3908
4/30/2023 3:14,8.7868
4/30/2023 3:29,6.3271
4/30/2023 3:44,6.8454
4/30/2023 3:59,6.7867
4/30/2023 4:14,5.0552
4/30/2023 4:29,9.5375
4/30/2023 4:44,5.9475
4/30/2023 4:59,5.6251
4/30/2023 5:14,5.1874
4/30/2023 5:29,9.5584
4/30/2023 5:44,9.5813
4/30/2023 5:59,6.8713
4/30/2023 6:14,6.2853
4/30/2023 6:29,9.0676
4/30/2023 6:44,3.8197
4/30/2023 6:59,5.0456
4/30/2023 7:14,5.2759
4/30/2023 7:29,6.7482
4/30/2023 7:44,6.1265
4/30/2023 7:59,5.6102
4/30/2023 8:14,7.8797
4/30/2023 8:29,4.8258
4/30/2023 8:44,5.3307
4/30/2023 8:59,8.3360
4/30/2023 9:14,3.7578
4/30/2023 9:29,8.9287
4/30/2023 9:44,6.5261
4/30/2023 9:59,4.4224
4/30/2023 10:14,5.0995
4/30/2023 10:29,4.8235
4/30/2023 10:44,4.9443
4/30/2023 10:59,6.8739
4/30/2023 11:14,5.4072
4/30/2023 11:29,5.7667
4/30/2023 11:44,6.2679
4/30/2023 11:59,5.2558
4/30/2023 12:14,4.7442
4/30/2023 12:29,4.5011
4/30/2023 12:44,4.0907
4/30/2023 12:59,7.5979
4/30/2023 13:14,9.4096
4/30/2023 13:29,8.7716
4/30/2023 13:44,11.2274
4/30/2023 13:59,10.3526
4/30/2023 14:14,12.9322
4/30/2023 14:29,15.9031
4/30/2023 14:44,13.4770
4/30/2023 14:59,15.7933
4/30/2023 15:14,18.9488
4/30/2023 15:29,21.0822
4/30/2023 15:44,28.3349
4/30/2023 15:59,38.9579
4/30/2023 16:14,28.8584
4/30/2023 16:29,31.9559
4/30/2023 16:44,30.5272
4/30/2023 16:59,41.2893
4/30/2023 17:14,33.1681
4/30/2023 17:29,39.0310
4/30/2023 17:44,35.6704
4/30/2023 17:59,37.8147
4/30/2023 18:14,37.0518
4/30/2023 18:29,29.8079
4/30/2023 18:44,30.3338
4/30/2023 18:59,38.5972
4/30/2023 19:14,28.9569
4/30/2023 19:29,26.0842
4/30/2023 19:44,24.5195
4/30/2023 19:59,22.1907
4/30/2023 20:14,22.2466
4/30/2023 20:29,25.2175
4/30/2023 20:44,20.1899
4/30/2023 20:59,17.1553
4/30/2023 21:14,17.7617
4/30/2023 21:29,19.4429
4/30/2023 21:44,21.4634
4/30/2023 21:59,13.5675
4/30/2023 22:14,17.5747
4/30/2023 22:29,26.6587
4/30/2023 22:44,16.2956
4/30/2023 22:59,18.6051
4/30/2023 23:14,18.8868
4/30/2023 23:29,16.2352
4/30/2023 23:44,18.2413
4/30/2023 23:59,16.8556
5/1/2023 0:14,20.0884
5/1/2023 0:29,25.7493
5/1/2023 0:44,19.5953
5/1/2023 0:59,20.9272
5/1/2023 1:14,18.5805
5/1/2023 1:29,12.9891
5/1/2023 1:44,12.3101
5/1/2023 1:59,11.4399
5/1/2023 2:14,7.6759
5/1/2023 2:29,5.5916
5/1/2023 2:44,9.7578
5/1/2023 2:59,10.4736
5/1/2023 3:14,9.0325
5/1/2023 3:29,10.7848
5/1/2023 3:44,10.2019
5/1/2023 3:59,10.4099
5/1/2023 4:14,13.2864
5/1/2023 4:29,9.2492
5/1/2023 4:44,12.0003
5/1/2023 4:59,9.0595
5/1/2023 5:14,11.9479
5/1/2023 5:29,13.1180
5/1/2023 5:44,7.7171
5/1/2023 5:59,8.9658
5/1/2023 6:14,8.8362
5/1/2023 6:29,7.5139
5/1/2023 6:44,6.2035
5/1/2023 6:59,6.5035
5/1/2023 7:14,6.4146
5/1/2023 7:29,6.2105
5/1/2023 7:44,8.1893
5/1/2023 7:59,8.7517
5/1/2023 8:14,7.7167
5/1/2023 8:29,6.3690
5/1/2023 8:44,7.6065
5/1/2023 8:59,7.6343
5/1/2023 9:14,6.1053
5/1/2023 9:29,6.4991
5/1/2023 9:44,10.5451
5/1/2023 9:59,8.1380
5/1/2023 10:14,9.5295
5/1/2023 10:29,8.7052
5/1/2023 10:44,10.9833
5/1/2023 10:59,10.0133
5/1/2023 11:14,8.2371
5/1/2023 11:29,8.1061
5/1/2023 11:44,8.4334
5/1/2023 11:59,9.2678
5/1/2023 12:14,9.6265
5/1/2023 12:29,11.0292
5/1/2023 12:44,8.9771
5/1/2023 12:59,9.7007
5/1/2023 13:14,12.1280
5/1/2023 13:29,20.1171
5/1/2023 13:44,9.5066
5/1/2023 13:59,10.5482
5/1/2023 14:14,12.4527
5/1/2023 14:29,17.8692
5/1/2023 14:44,21.2039
5/1/2023 14:59,16.3777
5/1/2023 15:14,18.4054
5/1/2023 15:33,13.3377
5/1/2023 15:48,18.2170
5/1/2023 16:03,15.4711
5/1/2023 16:18,18.0153
5/1/2023 16:33,18.6554
5/1/2023 16:48,19.8695
5/1/2023 17:03,21.8404
5/1/2023 17:18,22.2141
5/1/2023 17:33,22.9605
5/1/2023 17:48,24.3944
5/1/2023 18:03,21.4560
5/1/2023 18:18,22.2652
5/1/2023 18:33,22.3486
5/1/2023 18:48,20.8379
5/1/2023 19:03,21.9191
5/1/2023 19:18,17.5123
5/1/2023 19:33,17.5005
5/1/2023 19:48,21.3783
5/1/2023 19:59,18.4734
5/1/2023 20:14,15.0252
5/1/2023 20:29,17.5193
5/1/2023 20:44,15.2780
5/1/2023 20:59,13.8966
5/1/2023 21:14,15.3545
5/1/2023 21:29,17.3095
5/1/2023 21:44,11.9887
5/1/2023 21:59,14.7912
5/1/2023 22:14,10.1012
5/1/2023 22:29,13.8838
5/1/2023 22:44,14.0560
5/1/2023 22:59,13.9323
5/1/2023 23:14,11.3518
5/1/2023 23:29,13.1187
5/1/2023 23:44,14.6691
5/1/2023 23:59,10.7493
5/2/2023 0:14,15.7964
5/2/2023 0:29,14.2977
5/2/2023 0:44,14.7718
5/2/2023 0:59,19.9229
5/2/2023 1:14,9.5753
5/2/2023 1:29,12.1862
5/2/2023 1:44,11.3638
5/2/2023 1:59,7.7239
5/2/2023 2:14,7.7212
5/2/2023 2:29,11.5544
5/2/2023 2:44,9.3663
5/2/2023 2:59,10.6925
5/2/2023 3:14,10.6892
5/2/2023 3:29,11.5270
5/2/2023 3:44,7.5600
5/2/2023 3:59,9.1335
5/2/2023 4:14,6.8405
5/2/2023 4:29,8.9842
5/2/2023 4:44,8.0272
5/2/2023 4:59,9.4235
5/2/2023 5:14,9.3084
5/2/2023 5:29,8.7958
5/2/2023 5:44,7.7377
5/2/2023 5:59,9.9690
5/2/2023 6:14,9.4526
5/2/2023 6:29,6.8267
5/2/2023 6:44,8.3016
5/2/2023 6:59,5.7963
5/2/2023 7:14,9.3390
5/2/2023 7:29,6.4396
5/2/2023 7:44,6.8971
5/2/2023 7:59,7.1345
5/2/2023 8:14,6.3719
5/2/2023 8:29,6.7268
5/2/2023 8:44,6.7098
5/2/2023 8:59,10.5086
5/2/2023 9:14,10.0207
5/2/2023 9:29,8.8016
5/2/2023 9:44,11.0878
5/2/2023 9:59,6.6154
5/2/2023 10:14,7.5277
5/2/2023 10:29,7.1137
5/2/2023 10:44,6.4146
5/2/2023 10:59,8.6007
5/2/2023 11:14,6.2073
5/2/2023 11:29,6.0543
5/2/2023 11:44,6.4733
5/2/2023 11:59,7.5338
5/2/2023 12:14,6.4961
5/2/2023 12:29,6.2828
5/2/2023 12:44,6.2999
5/2/2023 12:59,7.2615
5/2/2023 13:14,6.1782
5/2/2023 13:29,8.3681
5/2/2023 13:44,6.5187
5/2/2023 13:59,6.7303
5/2/2023 14:14,8.9044
5/2/2023 14:29,7.2342
5/2/2023 14:44,11.0825
5/2/2023 14:59,8.3875
5/2/2023 15:14,7.9921
5/2/2023 15:29,7.5912
5/2/2023 15:44,6.3519
5/2/2023 15:59,10.3533
5/2/2023 16:14,8.9516
5/2/2023 16:29,7.0372
5/2/2023 16:44,8.0360
5/2/2023 16:59,8.6289
5/2/2023 17:14,7.2921
5/2/2023 17:29,10.4369
5/2/2023 17:48,8.3867
5/2/2023 18:03,8.9527
5/2/2023 18:18,10.9817
5/2/2023 18:33,11.6667
5/2/2023 18:44,12.2656
5/2/2023 18:59,10.8925
5/2/2023 19:14,11.9445
5/2/2023 19:29,11.5932
5/2/2023 19:44,11.1572
5/2/2023 19:59,8.7566
5/2/2023 20:14,9.2450
5/2/2023 20:29,9.7457
5/2/2023 20:44,9.9937
5/2/2023 20:59,7.8793
5/2/2023 21:14,6.1781
5/2/2023 21:29,6.1416
5/2/2023 21:44,8.7356
5/2/2023 21:59,9.8862
5/2/2023 22:14,9.7355
5/2/2023 22:29,11.5932
5/2/2023 22:44,6.2346
5/2/2023 22:59,6.8845
5/2/2023 23:14,5.6931
5/2/2023 23:29,6.0954
5/2/2023 23:44,7.9134
5/2/2023 23:59,6.9571
5/3/2023 0:14,10.1661
5/3/2023 0:29,5.7578
5/3/2023 0:44,6.3166
5/3/2023 0:59,8.0084
5/3/2023 1:14,6.6265
5/3/2023 1:29,8.3885
5/3/2023 1:44,8.6909
5/3/2023 1:59,6.8466
5/3/2023 2:14,6.7895
5/3/2023 2:29,6.5454
5/3/2023 2:44,5.1254
5/3/2023 2:59,5.6218
5/3/2023 3:14,5.6344
5/3/2023 3:29,5.6233
5/3/2023 3:44,4.5898
5/3/2023 3:59,9.9364
5/3/2023 4:14,6.6018
5/3/2023 4:29,6.2219
5/3/2023 4:44,5.9789
5/3/2023 4:59,7.5782
5/3/2023 5:14,5.6617
5/3/2023 5:29,7.9255
5/3/2023 5:44,5.8834
5/3/2023 5:59,5.6351
5/3/2023 6:14,6.9532
5/3/2023 6:29,5.3853
5/3/2023 6:44,6.9128
5/3/2023 6:59,7.1783
5/3/2023 7:14,10.3396
5/3/2023 7:29,12.4771
5/3/2023 7:44,10.9262
5/3/2023 7:59,7.0995
5/3/2023 8:14,8.2308
5/3/2023 8:29,6.1650
5/3/2023 8:44,6.8746
5/3/2023 8:59,7.3417
5/3/2023 9:14,5.2104
5/3/2023 9:29,4.8929
5/3/2023 9:44,7.0787
5/3/2023 9:59,8.2789
5/3/2023 10:14,6.2975
5/3/2023 10:29,8.0197
5/3/2023 10:44,4.8800
5/3/2023 10:59,8.9870
5/3/2023 11:14,6.3478
5/3/2023 11:29,7.9993
5/3/2023 11:44,6.1675
5/3/2023 11:59,5.6741
5/3/2023 12:14,8.4670
5/3/2023 12:29,13.3138
5/3/2023 12:44,7.1929
5/3/2023 12:59,6.0077
5/3/2023 13:14,8.8202
5/3/2023 13:29,7.0503
5/3/2023 13:44,10.2425
5/3/2023 13:59,6.4346
5/3/2023 14:14,8.3939
5/3/2023 14:29,7.7478
5/3/2023 14:44,9.7338
5/3/2023 14:59,13.0662
5/3/2023 15:14,11.2059
5/3/2023 15:29,16.1168
5/3/2023 15:44,24.6092
5/3/2023 15:59,13.5466
5/3/2023 16:14,19.5922
5/3/2023 16:29,19.4983
5/3/2023 16:44,18.6221
5/3/2023 16:59,24.4963
5/3/2023 17:14,22.4900
5/3/2023 17:29,29.0931
5/3/2023 17:44,24.4278
5/3/2023 17:59,25.9789
5/3/2023 18:14,24.9198
5/3/2023 18:29,20.2318
5/3/2023 18:44,19.7611
5/3/2023 18:59,19.6794
5/3/2023 19:14,27.9427
5/3/2023 19:29,24.1550
5/3/2023 19:44,23.9968
5/3/2023 19:59,20.1638
5/3/2023 20:14,16.9723
5/3/2023 20:29,14.8665
5/3/2023 20:44,17.9897
5/3/2023 20:59,15.0157
5/3/2023 21:14,14.2180
5/3/2023 21:29,19.4618
5/3/2023 21:44,13.3945
5/3/2023 21:59,16.3339
5/3/2023 22:14,13.1379
5/3/2023 22:29,17.3601
5/3/2023 22:44,15.2866
5/3/2023 22:59,10.0736
5/3/2023 23:14,11.0436
5/3/2023 23:29,11.6148
5/3/2023 23:44,8.3557
5/3/2023 23:59,7.5786
5/4/2023 0:14,10.7295
5/4/2023 0:29,11.8799
5/4/2023 0:44,10.6354
5/4/2023 0:59,13.8731
5/4/2023 1:14,11.1540
5/4/2023 1:29,8.1624
5/4/2023 1:44,9.5817
5/4/2023 1:59,13.0530
5/4/2023 2:14,10.2870
5/4/2023 2:29,10.9531
5/4/2023 2:44,12.0839
5/4/2023 2:59,10.4819
5/4/2023 3:14,7.9239
5/4/2023 3:29,10.7815
5/4/2023 3:44,10.1152
5/4/2023 3:59,6.8371
5/4/2023 4:14,9.8234
5/4/2023 4:29,9.2496
5/4/2023 4:44,9.7824
5/4/2023 4:59,9.4037
5/4/2023 5:14,7.3881
5/4/2023 5:29,7.7145
5/4/2023 5:44,7.9260
5/4/2023 5:59,5.8320
5/4/2023 6:14,5.7453
5/4/2023 6:29,6.5915
5/4/2023 6:44,8.7210
5/4/2023 6:59,6.6276
5/4/2023 7:14,5.6319
5/4/2023 7:29,5.6998
5/4/2023 7:44,5.1926
5/4/2023 7:59,5.5923
5/4/2023 8:14,6.3821
5/4/2023 8:29,8.2899
5/4/2023 8:44,7.4484
5/4/2023 8:59,4.9815
5/4/2023 9:14,5.1724
5/4/2023 9:29,4.7365
5/4/2023 9:44,7.0749
5/4/2023 9:59,8.0374
5/4/2023 10:14,7.1890
5/4/2023 10:29,5.8309
5/4/2023 10:44,6.8918
5/4/2023 10:59,6.4159
5/4/2023 11:14,7.0689
5/4/2023 11:29,6.7494
5/4/2023 11:44,8.0446
5/4/2023 11:59,7.0999
5/4/2023 12:14,6.7300
5/4/2023 12:29,7.4666
5/4/2023 12:44,6.6528
5/4/2023 12:59,5.1902
5/4/2023 13:14,6.8633
5/4/2023 13:29,9.8003
5/4/2023 13:44,6.1476
5/4/2023 13:59,8.5613
5/4/2023 14:14,7.9546
5/4/2023 14:29,6.5585
5/4/2023 14:44,7.0793
5/4/2023 14:59,9.2813
5/4/2023 15:14,6.6921
5/4/2023 15:29,9.0484
5/4/2023 15:44,10.2508
5/4/2023 15:59,16.7742
5/4/2023 16:14,12.2010
5/4/2023 16:29,11.1981
5/4/2023 16:44,16.0075
5/4/2023 16:59,14.0131
5/4/2023 17:14,19.4697
5/4/2023 17:29,13.4702
5/4/2023 17:44,10.5699
5/4/2023 17:59,13.7587
5/4/2023 18:14,9.0861
5/4/2023 18:29,13.5364
5/4/2023 18:44,13.8199
5/4/2023 18:59,14.4534
5/4/2023 19:14,13.8690
5/4/2023 19:29,14.6306
5/4/2023 19:44,14.7331
5/4/2023 19:59,10.8259
5/4/2023 20:14,9.9636
5/4/2023 20:29,7.2383
5/4/2023 20:44,9.4100
5/4/2023 20:59,8.7986
5/4/2023 21:14,8.2048
5/4/2023 21:29,8.9350
5/4/2023 21:44,11.1796
5/4/2023 21:59,6.6666
5/4/2023 22:14,8.3702
5/4/2023 22:29,9.8225
5/4/2023 22:44,7.7789
5/4/2023 22:59,6.1046
5/4/2023 23:14,6.6111
5/4/2023 23:29,7.7169
5/4/2023 23:44,8.0829
5/4/2023 23:59,5.5731
5/5/2023 0:14,10.1266
5/5/2023 0:29,7.4590
5/5/2023 0:44,4.1506
5/5/2023 0:59,7.9099
5/5/2023 1:14,5.1133
5/5/2023 1:29,5.5383
5/5/2023 1:44,5.4989
5/5/2023 1:59,8.0591
5/5/2023 2:14,4.5687
5/5/2023 2:29,5.1968
5/5/2023 2:44,5.0721
5/5/2023 2:59,5.8702
5/5/2023 3:14,5.6754
5/5/2023 3:29,7.6449
5/5/2023 3:44,7.6851
5/5/2023 3:59,5.2348
5/5/2023 4:14,6.1925
5/5/2023 4:29,4.1103
5/5/2023 4:44,4.1177
5/5/2023 4:59,2.9903
5/5/2023 5:14,2.5599
5/5/2023 5:29,5.3270
5/5/2023 5:44,4.2494
5/5/2023 5:59,5.0943
5/5/2023 6:14,5.6569
5/5/2023 6:29,3.7071
5/5/2023 6:44,3.4326
5/5/2023 6:59,5.4428
5/5/2023 7:14,3.4380
5/5/2023 7:29,7.0323
5/5/2023 7:44,6.8697
5/5/2023 7:59,6.3874
5/5/2023 8:14,5.3861
5/5/2023 8:29,6.7981
5/5/2023 8:44,7.7672
5/5/2023 8:59,4.8129
5/5/2023 9:14,4.7028
5/5/2023 9:29,4.3384
5/5/2023 9:44,4.9636
5/5/2023 9:59,3.7595
5/5/2023 10:14,6.5423
5/5/2023 10:29,4.1306
5/5/2023 10:44,5.0464
5/5/2023 10:59,4.9363
5/5/2023 11:14,3.3789
5/5/2023 11:29,6.6413
5/5/2023 11:44,7.3653
5/5/2023 11:59,5.5291
5/5/2023 12:14,6.2914
5/5/2023 12:29,5.6987
5/5/2023 12:44,5.4174
5/5/2023 12:59,4.1074
5/5/2023 13:14,5.7893
5/5/2023 13:29,4.6742
5/5/2023 13:44,4.3548
5/5/2023 13:59,7.5632
5/5/2023 14:14,5.0015
5/5/2023 14:29,6.4998
5/5/2023 14:44,6.5114
5/5/2023 14:59,6.2725
5/5/2023 15:14,8.0009
5/5/2023 15:29,7.5596
5/5/2023 15:44,6.8064
5/5/2023 15:59,6.5672
5/5/2023 16:14,7.9917
5/5/2023 16:29,5.6567
5/5/2023 16:44,7.7117
5/5/2023 16:59,6.4660
5/5/2023 17:14,7.9380
5/5/2023 17:29,12.0036
5/5/2023 17:44,8.4200
5/5/2023 17:59,10.5941
5/5/2023 18:14,10.4326
5/5/2023 18:29,0.0910
5/5/2023 18:44,0.2066
5/5/2023 18:59,0.2975
5/5/2023 19:14,0.2698
5/5/2023 19:29,0.2709
5/5/2023 19:44,0.1335
5/5/2023 19:59,0.3052
5/5/2023 20:14,0.3519
5/5/2023 20:29,0.4118
5/5/2023 20:44,0.3897
5/5/2023 20:59,0.4943
5/5/2023 21:14,0.4261
5/5/2023 21:29,0.4590
5/5/2023 21:44,0.4564
5/5/2023 21:59,0.5012
5/5/2023 22:14,0.4431
5/5/2023 22:29,0.4922
5/5/2023 22:44,0.4663
5/5/2023 22:59,0.4376
5/5/2023 23:14,0.4360
5/5/2023 23:29,0.3892
5/5/2023 23:44,0.3715
5/5/2023 23:59,0.4212
5/6/2023 0:14,0.3691
5/6/2023 0:29,0.3312
5/6/2023 0:44,0.3851
5/6/2023 0:59,0.3699
5/6/2023 1:14,0.3365
5/6/2023 1:29,0.3569
5/6/2023 1:44,0.3107
5/6/2023 1:59,0.3074
5/6/2023 2:14,0.2921
5/6/2023 2:29,0.3164
5/6/2023 2:44,0.2920
5/6/2023 2:59,0.2765
5/6/2023 3:14,0.2736
5/6/2023 3:29,0.2728
5/6/2023 3:44,0.2552
5/6/2023 3:59,0.2938
5/6/2023 4:14,0.2658
5/6/2023 4:29,0.2556
5/6/2023 4:44,0.2096
5/6/2023 4:59,0.2016
5/6/2023 5:14,0.1722
5/6/2023 5:29,0.2291
5/6/2023 5:44,0.1643
5/6/2023 5:59,0.1907
5/6/2023 6:14,0.1713
5/6/2023 6:29,0.1088
5/6/2023 6:44,0.1445
5/6/2023 6:59,0.1411
5/6/2023 7:14,0.1429
5/6/2023 7:29,0.1123
5/6/2023 7:44,0.1516
5/6/2023 7:59,0.1579
5/6/2023 8:14,0.1456
5/6/2023 8:29,0.1229
5/6/2023 8:44,0.1692
5/6/2023 8:59,0.1592
5/6/2023 9:14,0.1748
5/6/2023 9:29,0.1785
5/6/2023 9:44,0.1777
5/6/2023 9:59,0.1775
5/6/2023 10:14,0.2272
5/6/2023 10:29,0.1996
5/6/2023 10:44,0.1931
5/6/2023 10:59,0.2418
5/6/2023 11:14,0.1853
5/6/2023 11:29,0.1566
5/6/2023 11:44,0.1521
5/6/2023 11:59,0.1361
5/6/2023 12:14,0.1308
5/6/2023 12:29,0.0744
5/6/2023 12:44,0.0451
5/6/2023 12:59,0.0455
5/6/2023 13:14,0.0852
5/6/2023 13:29,0.0018
5/6/2023 13:44,0.0000
5/6/2023 13:59,0.0042
5/6/2023 14:14,0.0000
5/6/2023 14:29,0.0000
5/6/2023 14:44,0.0000
5/6/2023 14:59,0.0000
5/6/2023 15:14,0.0000
5/6/2023 15:29,0.0000
5/6/2023 15:44,0.0000
5/6/2023 15:59,0.0000
5/6/2023 16:14,0.0000
5/6/2023 16:29,0.0000
5/6/2023 16:44,0.0000
5/6/2023 16:59,0.0000
5/6/2023 17:14,0.0000
5/6/2023 17:29,0.0000
5/6/2023 17:44,0.0000
5/6/2023 17:59,0.0000
5/6/2023 18:14,0.0000
5/6/2023 18:29,0.0000
5/6/2023 18:44,0.0000
5/6/2023 18:59,0.0000
,
,
,
,
,
,
,
,
,
,
,
,
,
,
,
,
,
,
,
,
,
,
,
,
,
,
,
,
,
,
,
,
,
,
,
,
,
,
,
,
,
,
,
,
,
,
,
,
,
,
,
,
,
,
,
,
,
,
,
,
,
,
,
,
,
,
,
,
,
,
,
,
,
,
,
,
,
,
,
,
,
,
,
,
,
,
,
,
,
,
,
,
,
,
,
,
,
,
,
,
,
,
,
,
,
,
,
,
,
,
,
,
,
,
,
,
,
,
,
,
,
,
,
,
,
,
,
,
,
,
,
,
,
,
,
,
,
,
,
,
,
,
,
,
,
,
,
,
,
,
,
,
,
,
,
,
,
,
,
,
,
,
,
,
,
,
,
,
,
,
,
,
,
,
,
,
,
,
,
,
,
,
,
,
,
,
,
,
,
,
,
,
,
,
,
,
,
,
,
,
,
,
,
,
,
,
,
,
,
,
,
,
,
,
,
,
,
,
,
,
,
,
,
,
,
,
,
,
,
,
,
,
,
,
,
,
,
,
,
,
,
,
,
,
,
,
,
,
,
,
,
,
,
,
,
,
,
,
,
,
,
,
,
,
,
,
,
,
,
,
,
,
,
,
,
,
,
,
,
,
,
,
,
,
,
,
,
,
,
,
,
,
,
,
,
,
,
,
,
,
,
,
,
,
,
,
,
,
,
,
,
,
,
,
,
,
,
,
,
,
,
,
,
,
,
,
,
,
,
,
,
,
,
,
,
,
,
,
,
,
,
,
,
,
,
,
,
,
,
,
,
,
,
,
,
,
,
,
,
,
,
,
,
,
,
,
,
,
,
,
,
,
,
,
,
,
,
,
,
,
,
,
,
,
,
,
,
,
,
,
,
,
,
,
,
,
,
,
,
,
,
,
,
,
,
,
,
,
,
,
,
,
,
,
,
,
,
,
,
,
,
,
,
,
,
,
,
,
,
,
,
,
,
,
,
,
,
,
,
,
,
,
,
,
,
,
,
,
,
,
,
,
,
,
,
,
,
,
,
,
,
,
,
,
,
,
,
,
,
,
,
,
,
,
,
,
,
,
,
,
,
,
,
,
,
,
,
,
,
,
,
,
,
,
,
,
,
,
,
,
,
,
,
,
,
,
,
,
,
,
,
,
,
,
,
,
,
,
,
,
,
,
,
,
,
,
,
,
,
,
,
,
,
,
,
,
,
,
,
,
,
,
,
,
,
,
,
,
,
,
,
,
,
,
,
,
,
,
,
,
,
,
,
,
,
,
,
,
,
,
,
,
,
,
,
,
,
,
,
,
,
,
,
,
,
,
,
,
,
,
,
,
,
,
,
,
,
,
,
,
,
,
,
,
,
,
,
,
,
,
,
,
,
,
,
,
,
,
,
,
,
,
,
,
,
,
,
,
,
,
,
,
,
,
,
,
,
,
,
,
,
,
,
,
,
,
,
,
,
,
,
,
,
,
,
,
,
,
,
,
,
,
,
,
,
,
,
,
,
,
,
,
,
,
,
,
,
,
,
,
,
,
,
,
,
,
,
,
,
,
,
,
,
,
,
,
,
,
,
,
,
,
,
,
,
,
,
,
,
,
,
,
,
,
,
,
,
,
,
,
,
,
,
,
,
,
,
,
,
,
,
,
,
,
,
,
,
,
,
,
,
,
,
,
,
,
,
,
,
,
,
,
,
,
,
,
,
,
,
,
,
,
,
,
,
,
,
,
,
,
,
,
,
,
,
,
,
,
,
,
,
,
,
,
,
,
,
,
,
,
,
,
,
,
,
,
,
,
,
,
,
,
,
,
,
,
,
,
,
,
,
,
,
,
,
,
,
,
,
,
,
,
,
,
,
,
,
,
,
,
,
,
,
,
,
,
,
,
,
,
,
,
,
,
,
,
,
,
,
,
,
,
,
,
,
,
,
,
,
,
,
,
,
,
,
,
,
,
,
,
,
,
,
,
,
,
,
,
,
,
,
,
,
,
,
,
,
,
,
,
,
,
,
,
,
,
,
,
,
,
,
,
,
,
,
,
,
,
,
,
,
,
,
,
,
,
,
,
,
,
,
,
,
,
,
,
,
,
,
,
,
,
,
,
,
,
,
,
,
,
,
,
,
,
,
,
,
,
,
,
,
,
,
,
,
,
,
,
,
,
,
,
,
,
,
,
,
,
,
,
,
,
,
,
,
,
,
,
,
,
,
,
,
,
,
,
,
,
,
,
,
,
,
,
,
,
,
,
,
,
,
,
,
,
,
,
,
,
,
,
,
,
,
,
,
,
,
,
,
,
,
,
,
,
,
,
,
,
,
,
,
,
,
,
,
,
,
,
,
,
,
,
,
,
,
,
,
,
,
,
,
,
,
,
,
,
,
,
,
,
,
,
,
,
,
,
,
,
,
,
,
,
,
,
,
,
,
,
,
,
,
,
,
,
,
,
,
,
,
,
,
,
,
,
,
,
,
,
,
,
,
,
,
,
,
,
,
,
,
,
,
,
,
,
,
,
,
,
,
,
,
,
,
,
,
,
,
,
,
,
,
,
,
,
,
,
,
,
,
,
,
,
,
,
,
,
,
,
,
,
,
,
,
,
,
,
,
,
,
,
,
,
,
,
,
,
,
,
,
,
,
,
,
,
,
,
,
,
,
,
,
,
,
,
,
,
,
,
,
,
,
,
,
,
,
,
,
,
,
,
,
,
,
,
,
,
,
,
,
,
,
,
,
,
,
,
,
,
,
,
,
,
,
,
,
,
,
,
,
,
,
,
,
,
,
,
,
,
,
,
,
,
,
,
,
,
,
,
,
,
,
,
,
,
,
,
,
,
,
,
,
,
,
,
,
,
,
,
,
,
,
,
,
,
,
,
,
,
,
,
,
,
,
,
,
,
,
,
,
,
,
,
,
,
,
,
,
,
,
,
,
,
,
,
,
,
,
,
,
,
,
,
,
,
,
,
,
,
,
,
,
,
,
,
,
,
,
,
,
,
,
,
,
,
,
,
,
,
,
,
,
,
,
,
,
,
,
,
,
,
,
,
,
,
,
,
,
,
,
,
,
,
,
,
,
,
,
,
,
,
,
,
,
,
,
,
,
,
,
,
,
,
,
,
,
,
,
,
,
,
,
,
,
,
,
,
,
,
,
,
,
,
,
,
,
,
,
,
,
,
,
,
,
,
,
,
,
,
,
,
,
,
,
,
,
,
,
,
,
,
,
,
,
,
,
,
,
,
,
,
,
,
,
,
,
,
,
,
,
,
,
,
,
,
,
,
,
,
,
,
,
,
,
,
,
,
,
,
,
,
,
,
,
,
,
,
,
,
,
,
,
,
,
,
,
,
,
,
,
,
,
,
,
,
,
,
,
,
,
,
,
,
,
,
,
,
,
,
,
,
,
,
,
,
,
,
,
,
,
,
,
,
,
,
,
,
,
,
,
,
,
,
,
,
,
,
,
,
,
,
,
,
,
,
,
,
,
,
,
,
,
,
,
,
,
,
,
,
,
,
,
,
,
,
,
,
,
,
,
,
,
,
,
,
,
,
,
,
,
,
,
,
,
,
,
,
,
,
,
,
,
,
,
,
,
,
,
,
,
,
,
,
,
,
,
,
,
,
,
,
,
,
,
,
,
,
,
,
,
,
,
,
,
,
,
,
,
,
,
,
,
,
,
,
,
,
,
,
,
,
,
,
,
,
,
,
,
,
,
,
,
,
,
,
,
,
,
,
,
,
,
,
,
,
,
,
,
,
,
,
,
,
,
,
,
,
,
,
,
,
,
,
,
,
,
,
,
,
,
,
,
,
,
,
,
,
,
,
,
,
,
,
,
,
,
,
,
,
,
,
,
,
,
,
,
,
,
,
,
,
,
,
,
,
,
,
,
,
,
,
,
,
,
,
,
,
,
,
,
,
,
,
,
,
,
,
,
,
,
,
,
,
,
,
,
,
,
,
,
,
,
,
,
,
,
,
,
,
,
,
,
,
,
,
,
,
,
,
,
,
,
,
,
,
,
,
,
,
,
,
,
,
,
,
,
,
,
,
,
,
,
,
,
,
,
,
,
,
,
,
,
,
,
,
,
,
,
,
,
,
,
,
,
,
,
,
,
,
,
,
,
,
,
,
,
,
,
,
,
,
,
,
,
,
,
,
,
,
,
,
,
,
,
,
,
,
,
,
,
,
,
,
,
,
,
,
,
,
,
,
,
,
,
,
,
,
,
,
,
,
,
,
,
,
,
,
,
,
,
,
,
,
,
,
,
,
,
,
,
,
,
,
,
,
,
,
,
,
,
,
,
,
,
,
,
,
,
,
,
,
,
,
,
,
,
,
,
,
,
,
,
,
,
,
,
,
,
,
,
,
,
,
,
,
,
,
,
,
,
,
,
,
,
,
,
,
,
,
,
,
,
,
,
,
,
,
,
,
,
,
,
,
,
,
,
,
,
,
,
,
,
,
,
,
,
,
,
,
,
,
,
,
,
,
,
,
,
,
,
,
,
,
,
,
,
,
,
,
,
,
,
,
,
,
,
,
,
,
,
,
,
,
,
,
,
,
,
,
,
,
,
,
,
,
,
,
,
,
,
,
,
,
,
,
,
,
,
,
,
,
,
,
,
,
,
,
,
,
,
,
,
,
,
,
,
,
,
,
,
,
,
,
,
,
,
,
,
,
,
,
,
,
,
,
,
,
,
,
,
,
,
,
,
,
,
,
,
,
,
,
,
,
,
,
,
,
,
,
,
,
,
,
,
,
,
,
,
,
,
,
,
,
,
,
,
,
,
,
,
,
,
,
,
,
,
,
,
,
,
,
,
,
,
,
,
,
,
,
,
,
,
,
,
,
,
,
,
,
,
,
,
,
,
,
,
,
,
,
,
,
,
,
,
,
,
,
,
,
,
,
,
,
,
,
,
,
,
,
,
,
,
,
,
,
,
,
,
,
,
,
,
,
,
,
,
,
,
,
,
,
,
,
,
,
,
,
,
,
,
,
,
,
,
,
,
,
,
,
,
,
,
,
,
,
,
,
,
,
,
,
,
,
,
,
,
,
,
,
,
,
,
,
,
,
,
,
,
,
,
,
,
,
,
,
,
,
,
,
,
,
,
,
,
,
,
,
,
,
,
,
,
,
,
,
,
,
,
,
,
,
,
,
,
,
,
,
,
,
,
,
,
,
,
,
,
,
,
,
,
,
,
,
,
,
,
,
,
,
,
,
,
,
,
,
,
,
,
,
,
,
,
,
,
,
,
,
,
,
,
,
,
,
,
,
,
,
,
,
,
,
,
,
,
,
,
,
,
,
,
,
,
,
,
,
,
,
,
,
,
,
,
,
,
,
,
,
,
,
,
,
,
,
,
,
,
,
,
,
,
,
,
,
,
,
,
,
,
,
,
,
,
,
,
,
,
,
,
,
,
,
,
,
,
,
,
,
,
,
,
,
,
,
,
,
,
,
,
,
,
,
,
,
,
,
,
,
,
,
,
,
,
,
,
,
,
,
,
,
,
,
,
,
,
,
,
,
,
,
,
,
,
,
,
,
,
,
,
,
,
,
,
,
,
,
,
,
,
,
,
,
,
,
,
,
,
,
,
,
,
,
,
,
,
,
,
,
,
,
,
,
,
,
,
,
,
,
,
,
,
,
,
,
,
,
,
,
,
,
,
,
,
,
,
,
,
,
,
,
,
,
,
,
,
,
,
,
,
,
,
,
,
,
,
,
,
,
,
,
,
,
,
,
,
,
,
,
,
,
,
,
,
,
,
,
,
,
,
,
,
,
,
,
,
,
,
,
,
,
,
,
,
,
,
,
,
,
,
,
,
,
,
,
,
,
,
,
,
,
,
,
,
,
,
,
,
,
,
,
,
,
,
,
,
,
,
,
,
,
,
,
,
,
,
,
,
,
,
,
,
,
,
,
,
,
,
,
,
,
,
,
,
,
,
,
,
,
,
,
,
,
,
,
,
,
,
,
,
,
,
,
,
,
,
,
,
,
,
,
,
,
,
,
,
,
,
,
,
,
,
,
,
,
,
,
,
,
,
,
,
,
,
,
,
,
,
,
,
,
,
,
,
,
,
,
,
,
,
,
,
,
,
,
,
,
,
,
,
,
,
,
,
,
,
,
,
,
,
,
,
,
,
,
,
,
,
,
,
,
,
,
,
,
,
,
,
,
,
,
,
,
,
,
,
,
,
,
,
,
,
,
,
,
,
,
,
,
,
,
,
,
,
,
,
,
,
,
,
,
,
,
,
,
,
,
,
,
,
,
,
,
,
,
,
,
,
,
,
,
,
,
,
,
,
,
,
,
,
,
,
,
,
,
,
,
,
,
,
,
,
,
,
,
,
,
,
,
,
,
,
,
,
,
,
,
,
,
,
,
,
,
,
,
,
,
,
,
,
,
,
,
,
,
,
,
,
,
,
,
,
,
,
,
,
,
,
,
,
,
,
,
,
,
,
,
,
,
,
,
,
,
,
,
,
,
,
,
,
,
,
,
,
,
,
,
,
,
,
,
,
,
,
,
,
,
,
,
,
,
,
,
,
,
,
,
,
,
,
,
,
,
,
,
,
,
,
,
,
,
,
,
,
,
,
,
,
,
,
,
,
,
,
,
,
,
,
,
,
,
,
,
,
,
,
,
,
,
,
,
,
,
,
,
,
,
,
,
,
,
,
,
,
,
,
,
,
,
,
,
,
,
,
,
,
,
,
,
,
,
,
,
,
,
,
,
,
,
,
,
,
,
,
,
,
,
,
,
,
,
,
,
,
,
,
,
,
,
,
,
,
,
,
,
,
,
,
,
,
,
,
,
,
,
,
,
,
,
,
,
,
,
,
,
,
,
,
,
,
,
,
,
,
,
,
,
,
,
,
,
,
,
,
,
,
,
,
,
,
,
,
,
,
,
,
,
,
,
,
,
,
,
,
,
,
,
,
,
,
,
,
,
,
,
,
,
,
,
,
,
,
,
,
,
,
,
,
,
,
,
,
,
,
,
,
,
,
,
,
,
,
,
,
,
,
,
,
,
,
,
,
,
,
,
,
,
,
,
,
,
,
,
,
,
,
,
,
,
,
,
,
,
,
,
,
,
,
,
,
,
,
,
,
,
,
,
,
,
,
,
,
,
,
,
,
,
,
,
,
,
,
,
,
,
,
,
,
,
,
,
,
,
,
,
,
,
,
,
,
,
,
,
,
,
,
,
,
,
,
,
,
,
,
,
,
,
,
,
,
,
,
,
,
,
,
,
,
,
,
,
,
,
,
,
,
,
,
,
,
,
,
,
,
,
,
,
,
,
,
,
,
,
,
,
,
,
,
,
,
,
,
,
,
,
,
,
,
,
,
,
,
,
,
,
,
,
,
,
,
,
,
,
,
,
,
,
,
,
,
,
,
,
,
,
,
,
,
,
,
,
,
,
,
,
,
,
,
,
,
,
,
,
,
,
,
,
,
,
,
,
,
,
,
,
,
,
,
,
,
,
,
,
,
,
,
,
,
,
,
,
,
,
,
,
,
,
,
,
,
,
,
,
,
,
,
,
,
,
,
,
,
,
,
,
,
,
,
,
,
,
,
,
,
,
,
,
,
,
,
,
,
,
,
,
,
,
,
,
,
,
,
,
,
,
,
,
,
,
,
,
,
,
,
,
,
,
,
,
,
,
,
,
,
,
,
,
,
,
,
,
,
,
,
,
,
,
,
,
,
,
,
,
,
,
,
,
,
,
,
,
,
,
,
,
,
,
,
,
,
,
,
,
,
,
,
,
,
,
,
,
,
,
,
,
,
,
,
,
,
,
,
,
,
,
,
,
,
,
,
,
,
,
,
,
,
,
,
,
,
,
,
,
,
,
,
,
,
,
,
,
,
,
,
,
,
,
,
,
,
,
,
,
,
,
,
,
,
,
,
,
,
,
,
,
,
,
,
,
,
,
,
,
,
,
,
,
,
,
,
,
,
,
,
,
,
,
,
,
,
,
,
,
,
,
,
,
,
,
,
,
,
,
,
,
,
,
,
,
,
,
,
,
,
,
,
,
,
,
,
,
,
,
,
,
,
,
,
,
,
,
,
,
,
,
,
,
,
,
,
,
,
,
,
,
,
,
,
,
,
,
,
,
,
,
,
,
,
,
,
,
,
,
,
,
,
,
,
,
,
,
,
,
,
,
,
,
,
,
,
,
,
,
,
,
,
,
,
,
,
,
,
,
,
,
,
,
,
,
,
,
,
,
,
,
,
,
,
,
,
,
,
,
,
,
,
,
,
,
,
,
,
,
,
,
,
,
,
,
,
,
,
,
,
,
,
,
,
,
,
,
,
,
,
,
,
,
,
,
,
,
,
,
,
,
,
,
,
,
,
,
,
,
,
,
,
,
,
,
,
,
,
,
,
,
,
,
,
,
,
,
,
,
,
,
,
,
,
,
,
,
,
,
,
,
,
,
,
,
,
,
,
,
,
,
,
,
,
,
,
,
,
,
,
,
,
,
,
,
,
,
,
,
,
,
,
,
,
,
,
,
,
,
,
,
,
,
,
,
,
,
,
,
,
,
,
,
,
,
,
,
,
,
,
,
,
,
,
,
,
,
,
,
,
,
,
,
,
,
,
,
,
,
,
,
,
,
,
,
,
,
,
,
,
,
,
,
,
,
,
,
,
,
,
,
,
,
,
,
,
,
,
,
,
,
,
,
,
,
,
,
,
,
,
,
,
,
,
,
,
,
,
,
,
,
,
,
,
,
,
,
,
,
,
,
,
,
,
,
,
,
,
,
,
,
,
,
,
,
,
,
,
,
,
,
,
,
,
,
,
,
,
,
,
,
,
,
,
,
,
,
,
,
,
,
,
,
,
,
,
,
,
,
,
,
,
,
,
,
,
,
,
,
,
,
,
,
,
,
,
,
,
,
,
,
,
,
,
,
,
,
,
,
,
,
,
,
,
,
,
,
,
,
,
,
,
,
,
,
,
,
,
,
,
,
,
,
,
,
,
,
,
,
,
,
,
,
,
,
,
,
,
,
,
,
,
,
,
,
,
,
,
,
,
,
,
,
,
,
,
,
,
,
,
,
,
,
,
,
,
,
,
,
,
,
,
,
,
,
,
,
,
,
,
,
,
,
,
,
,
,
,
,
,
,
,
,
,
,
,
,
,
,
,
,
,
,
,
,
,
,
,
,
,
,
,
,
,
,
,
,
,
,
,
,
,
,
,
,
,
,
,
,
,
,
,
,
,
,
,
,
,
,
,
,
,
,
,
,
,
,
,
,
,
,
,
,
,
,
,
,
,
,
,
,
,
,
,
,
,
,
,
,
,
,
,
,
,
,
,
,
,
,
,
,
,
,
,
,
,
,
,
,
,
,
,
,
,
,
,
,
,
,
,
,
,
,
,
,
,
,
,
,
,
,
,
,
,
,
,
,
,
,
,
,
,
,
,
,
,
,
,
,
,
,
,
,
,
,
,
,
,
,
,
,
,
,
,
,
,
,
,
,
,
,
,
,
,
,
,
,
,
,
,
,
,
,
,
,
,
,
,
,
,
,
,
,
,
,
,
,
,
,
,
,
,
,
,
,
,
,
,
,
,
,
,
,
,
,
,
,
,
,
,
,
,
,
,
,
,
,
,
,
,
,
,
,
,
,
,
,
,
,
,
,
,
,
,
,
,
,
,
,
,
,
,
,
,
,
,
,
,
,
,
,
,
,
,
,
,
,
,
,
,
,
,
,
,
,
,
,
,
,
,
,
,
,
,
,
,
,
,
,
,
,
,
,
,
,
,
,
,
,
,
,
,
,
,
,
,
,
,
,
,
,
,
,
,
,
,
,
,
,
,
,
,
,
,
,
,
,
,
,
,
,
,
,
,
,
,
,
,
,
,
,
,
,
,
,
,
,
,
,
,
,
,
,
,
,
,
,
,
,
,
,
,
,
,
,
,
,
,
,
,
,
,
,
,
,
,
,
,
,
,
,
,
,
,
,
,
,
,
,
,
,
,
,
,
,
,
,
,
,
,
,
,
,
,
,
,
,
,
,
,
,
,
,
,
,
,
,
,
,
,
,
,
,
,
,
,
,
,
,
,
,
,
,
,
,
,
,
,
,
,
,
,
,
,
,
,
,
,
,
,
,
,
,
,
,
,
,
,
,
,
,
,
,
,
,
,
,
,
,
,
,
,
,
,
,
,
,
,
,
,
,
,
,
,
,
,
,
,
,
,
,
,
,
,
,
,
,
,
,
,
,
,
,
,
,
,
,
,
,
,
,
,
,
,
,
,
,
,
,
,
,
,
,
,
,
,
,
,
,
,
,
,
,
,
,
,
,
,
,
,
,
,
,
,
,
,
,
,
,
,
,
,
,
,
,
,
,
,
,
,
,
,
,
,
,
,
,
,
,
,
,
,
,
,
,
,
,
,
,
,
,
,
,
,
,
,
,
,
,
,
,
,
,
,
,
,
,
,
,
,
,
,
,
,
,
,
,
,
,
,
,
,
,
,
,
,
,
,
,
,
,
,
,
,
,
,
,
,
,
,
,
,
,
,
,
,
,
,
,
,
,
,
,
,
,
,
,
,
,
,
,
,
,
,
,
,
,
,
,
,
,
,
,
,
,
,
,
,
,
,
,
,
,
,
,
,
,
,
,
,
,
,
,
,
,
,
,
,
,
,
,
,
,
,
,
,
,
,
,
,
,
,
,
,
,
,
,
,
,
,
,
,
,
,
,
,
,
,
,
,
,
,
,
,
,
,
,
,
,
,
,
,
,
,
,
,
,
,
,
,
,
,
,
,
,
,
,
,
,
,
,
,
,
,
,
,
,
,
,
,
,
,
,
,
,
,
,
,
,
,
,
,
,
,
,
,
,
,
,
,
,
,
,
,
,
,
,
,
,
,
,
,
,
,
,
,
,
,
,
,
,
,
,
,
,
,
,
,
,
,
,
,
,
,
,
,
,
,
,
,
,
,
,
,
,
,
,
,
,
,
,
,
,
,
,
,
,
,
,
,
,
,
,
,
,
,
,
,
,
,
,
,
,
,
,
,
,
,
,
,
,
,
,
,
,
,
,
,
,
,
,
,
,
,
,
,
,
,
,
,
,
,
,
,
,
,
,
,
,
,
,
,
,
,
,
,
,
,
,
,
,
,
,
,
,
,
,
,
,
,
,
,
,
,
,
,
,
,
,
,
,
,
,
,
,
,
,
,
,
,
,
,
,
,
,
,
,
,
,
,
,
,
,
,
,
,
,
,
,
,
,
,
,
,
,
,
,
,
,
,
,
,
,
,
,
,
,
,
,
,
,
,
,
,
,
,
,
,
,
,
,
,
,
,
,
,
,
,
,
,
,
,
,
,
,
,
,
,
,
,
,
,
,
,
,
,
,
,
,
,
,
,
,
,
,
,
,
,
,
,
,
,
,
,
,
,
,
,
,
,
,
,
,
,
,
,
,
,
,
,
,
,
,
,
,
,
,
,
,
,
,
,
,
,
,
,
,
,
,
,
,
,
,
,
,
,
,
,
,
,
,
,
,
,
,
,
,
,
,
,
,
,
,
,
,
,
,
,
,
,
,
,
,
,
,
,
,
,
,
,
,
,
,
,
,
,
,
,
,
,
,
,
,
,
,
,
,
,
,
,
,
,
,
,
,
,
,
,
,
,
,
,
,
,
,
,
,
,
,
,
,
,
,
,
,
,
,
,
,
,
,
,
,
,
,
,
,
,
,
,
,
,
,
,
,
,
,
,
,
,
,
,
,
,
,
,
,
,
,
,
,
,
,
,
,
,
,
,
,
,
,
,
,
,
,
,
,
,
,
,
,
,
,
,
,
,
,
,
,
,
,
,
,
,
,
,
,
,
,
,
,
,
,
,
,
,
,
,
,
,
,
,
,
,
,
,
,
,
,
,
,
,
,
,
,
,
,
,
,
,
,
,
,
,
,
,
,
,
,
,
,
,
,
,
,
,
,
,
,
,
,
,
,
,
,
,
,
,
,
,
,
,
,
,
,
,
,
,
,
,
,
,
,
,
,
,
,
,
,
,
,
,
,
,
,
,
,
,
,
,
,
,
,
,
,
,
,
,
,
,
,
,
,
,
,
,
,
,
,
,
,
,
,
,
,
,
,
,
,
,
,
,
,
,
,
,
,
,
,
,
,
,
,
,
,
,
,
,
,
,
,
,
,
,
,
,
,
,
,
,
,
,
,
,
,
,
,
,
,
,
,
,
,
,
,
,
,
,
,
,
,
,
,
,
,
,
,
,
,
,
,
,
,
,
,
,
,
,
,
,
,
,
,
,
,
,
,
,
,
,
,
,
,
,
,
,
,
,
,
,
,
,
,
,
,
,
,
,
,
,
,
,
,
,
,
,
,
,
,
,
,
,
,
,
,
,
,
,
,
,
,
,
,
,
,
,
,
,
,
,
,
,
,
,
,
,
,
,
,
,
,
,
,
,
,
,
,
,
,
,
,
,
,
,
,
,
,
,
,
,
,
,
,
,
,
